Workbook

Sheet 00_DAFTAR_ISI
A1: 📚 PAKET 4: KHUSUS 95 RUMUS STATISTIKA EXCEL LENGKAP (95 SHEET RUMUS • 1 CONTOH + 5 SOAL TES PER RUMUS)
A2: Setiap Sheet berisi: 1 Contoh Soal + Jawaban Benar, lalu 5 Soal Tes Tanpa Kunci. Kunci Jawaban Lengkap ada di Sheet Paling Terakhir (99_KUNCI_JAWABAN)! | F2: 🔑 Buka 99_KUNCI_JAWABAN
A4: No | B4: Nama Rumus (Sheet) | C4: Kategori | D4: Sintaks Umum | E4: Fungsinya Buat Apa (Bahasa Bayi & Dunia Nyata) | F4: Link Buka Sheet
A5: 1 | B5: AVEDEV | C5: 8. Statistik & Analisis Data | D5: =AVEDEV(range_data) | E5: Menghitung rata-rata simpangan mutlak data dari nilai rata-ratanya. | F5: 👉 Buka Sheet AVEDEV
A6: 2 | B6: AVERAGE | C6: 8. Statistik & Analisis Data | D6: =AVERAGE(range_data) | E6: Menghitung nilai RATA-RATA (Mean) dari sekumpulan angka. | F6: 👉 Buka Sheet AVERAGE
A7: 3 | B7: AVERAGEA | C7: 8. Statistik & Analisis Data | D7: =AVERAGEA(range_data) | E7: Menghitung rata-rata dengan menyertakan sel teks (dihitung 0) dan logika. | F7: 👉 Buka Sheet AVERAGEA
A8: 4 | B8: AVERAGEIF | C8: 8. Statistik & Analisis Data | D8: =AVERAGEIF(range_syarat, syarat, [range_rata2]) | E8: Menghitung rata-rata HANYA untuk baris yang memenuhi 1 syarat tertentu. | F8: 👉 Buka Sheet AVERAGEIF
A9: 5 | B9: AVERAGEIFS | C9: 8. Statistik & Analisis Data | D9: =AVERAGEIFS(range_rata2, range_syarat1, syarat1, ...) | E9: Menghitung rata-rata dengan banyak syarat sekaligus. | F9: 👉 Buka Sheet AVERAGEIFS
A10: 6 | B10: BETA.DIST | C10: 8. Statistik & Analisis Data | D10: =BETA.DIST(x, alpha, beta, TRUE) | E10: Menghitung fungsi distribusi probabilitas Beta kumulatif. | F10: 👉 Buka Sheet BETA.DIST
A11: 7 | B11: BETA.INV | C11: 8. Statistik & Analisis Data | D11: =BETA.INV(probabilitas, alpha, beta) | E11: Menghitung invers dari fungsi distribusi probabilitas Beta kumulatif. | F11: 👉 Buka Sheet BETA.INV
A12: 8 | B12: BINOM.DIST | C12: 8. Statistik & Analisis Data | D12: =BINOM.DIST(sukses, cobaan, prob_sukses, TRUE) | E12: Menghitung peluang distribusi Binomial dari sejumlah percobaan independen. | F12: 👉 Buka Sheet BINOM.DIST
A13: 9 | B13: BINOM.INV | C13: 8. Statistik & Analisis Data | D13: =BINOM.INV(cobaan, prob_sukses, alpha) | E13: Mencari nilai terkecil sehingga distribusi binomial kumulatif >= alpha. | F13: 👉 Buka Sheet BINOM.INV
A14: 10 | B14: CHISQ.DIST | C14: 8. Statistik & Analisis Data | D14: =CHISQ.DIST(x, deg_freedom, TRUE) | E14: Menghasilkan distribusi probabilitas Chi-Square sisi kiri. | F14: 👉 Buka Sheet CHISQ.DIST
A15: 11 | B15: CHISQ.DIST.RT | C15: 8. Statistik & Analisis Data | D15: =CHISQ.DIST.RT(x, deg_freedom) | E15: Menghasilkan probabilitas ekor kanan (Right-Tailed) dari distribusi Chi-Square. | F15: 👉 Buka Sheet CHISQ.DIST.RT
A16: 12 | B16: CHISQ.INV | C16: 8. Statistik & Analisis Data | D16: =CHISQ.INV(probabilitas, deg_freedom) | E16: Menghasilkan nilai invers probabilitas ekor kiri dari distribusi Chi-Square. | F16: 👉 Buka Sheet CHISQ.INV
A17: 13 | B17: CHISQ.RT.INV | C17: 8. Statistik & Analisis Data | D17: =CHISQ.INV.RT(probabilitas, deg_freedom) | E17: Menghasilkan nilai invers probabilitas ekor kanan dari distribusi Chi-Square. | F17: 👉 Buka Sheet CHISQ.RT.INV
A18: 14 | B18: CHITEST | C18: 8. Statistik & Analisis Data | D18: =CHITEST(aktual_range, harapan_range) | E18: Menghitung uji independensi Chi-Square antara data aktual dan ekspektasi. | F18: 👉 Buka Sheet CHITEST
A19: 15 | B19: CONFIDENCE.NORM | C19: 8. Statistik & Analisis Data | D19: =CONFIDENCE.NORM(alpha, standard_dev, size) | E19: Menghitung rentang kepercayaan (margin of error) rata-rata populasi dengan distribusi normal. | F19: 👉 Buka Sheet CONFIDENCE.NORM
A20: 16 | B20: CONFIDENCE.T | C20: 8. Statistik & Analisis Data | D20: =CONFIDENCE.T(alpha, standard_dev, size) | E20: Menghitung rentang kepercayaan rata-rata populasi dengan distribusi Student's t. | F20: 👉 Buka Sheet CONFIDENCE.T
A21: 17 | B21: CORREL | C21: 8. Statistik & Analisis Data | D21: =CORREL(range_x, range_y) | E21: Mengukur koefisien korelasi (-1 s/d +1) antara dua variabel. | F21: 👉 Buka Sheet CORREL
A22: 18 | B22: COUNT | C22: 8. Statistik & Analisis Data | D22: =COUNT(range_data) | E22: Menghitung ada berapa banyak sel yang berisi ANGKA saja. | F22: 👉 Buka Sheet COUNT
A23: 19 | B23: COUNTA | C23: 8. Statistik & Analisis Data | D23: =COUNTA(range_data) | E23: Menghitung berapa banyak sel yang TIDAK KOSONG (berisi angka maupun teks). | F23: 👉 Buka Sheet COUNTA
A24: 20 | B24: COUNTBLANK | C24: 8. Statistik & Analisis Data | D24: =COUNTBLANK(range_data) | E24: Menghitung berapa banyak sel yang masih KOSONG (belum diisi). | F24: 👉 Buka Sheet COUNTBLANK
A25: 21 | B25: COUNTIF | C25: 8. Statistik & Analisis Data | D25: =COUNTIF(range_data, syarat) | E25: Menghitung jumlah sel yang memenuhi 1 kriteria tertentu. | F25: 👉 Buka Sheet COUNTIF
A26: 22 | B26: COUNTIFS | C26: 8. Statistik & Analisis Data | D26: =COUNTIFS(range1, syarat1, range2, syarat2) | E26: Menghitung jumlah baris data yang memenuhi banyak kriteria sekaligus. | F26: 👉 Buka Sheet COUNTIFS
A27: 23 | B27: COVARIANCE.P | C27: 8. Statistik & Analisis Data | D27: =COVARIANCE.P(range_x, range_y) | E27: Menghitung kovarians populasi antara dua kumpulan data. | F27: 👉 Buka Sheet COVARIANCE.P
A28: 24 | B28: COVARIANCE.T | C28: 8. Statistik & Analisis Data | D28: =COVARIANCE.S(range_x, range_y) | E28: Menghitung kovarians sampel antara dua variabel pengamatan. | F28: 👉 Buka Sheet COVARIANCE.T
A29: 25 | B29: CRITBINOM | C29: 8. Statistik & Analisis Data | D29: =CRITBINOM(cobaan, prob_sukses, alpha) | E29: Mencari nilai batas kritis distribusi binomial kumulatif. | F29: 👉 Buka Sheet CRITBINOM
A30: 26 | B30: DEVSQ | C30: 8. Statistik & Analisis Data | D30: =DEVSQ(range_data) | E30: Menghitung jumlah kuadrat simpangan data dari rata-ratanya. | F30: 👉 Buka Sheet DEVSQ
A31: 27 | B31: EXPON.DIST | C31: 8. Statistik & Analisis Data | D31: =EXPON.DIST(x, lambda, TRUE) | E31: Menghitung distribusi eksponensial (untuk memodelkan waktu tunggu antar-kejadian). | F31: 👉 Buka Sheet EXPON.DIST
A32: 28 | B32: F.DIST | C32: 8. Statistik & Analisis Data | D32: =F.DIST(x, deg_freedom1, deg_freedom2, TRUE) | E32: Menghitung distribusi probabilitas F untuk membandingkan tingkat keragaman. | F32: 👉 Buka Sheet F.DIST
A33: 29 | B33: F.DIST.RT | C33: 8. Statistik & Analisis Data | D33: =F.DIST.RT(x, deg_freedom1, deg_freedom2) | E33: Menghitung distribusi probabilitas F ekor kanan (Right-Tailed). | F33: 👉 Buka Sheet F.DIST.RT
A34: 30 | B34: F.INV | C34: 8. Statistik & Analisis Data | D34: =F.INV(probabilitas, deg_freedom1, deg_freedom2) | E34: Menghitung nilai invers dari distribusi probabilitas F ekor kiri. | F34: 👉 Buka Sheet F.INV
A35: 31 | B35: F.INV.RT | C35: 8. Statistik & Analisis Data | D35: =F.INV.RT(probabilitas, deg_freedom1, deg_freedom2) | E35: Menghitung nilai invers dari distribusi probabilitas F ekor kanan. | F35: 👉 Buka Sheet F.INV.RT
A36: 32 | B36: FTEST | C36: 8. Statistik & Analisis Data | D36: =FTEST(array1, array2) | E36: Menghasilkan hasil uji-F untuk membandingkan varians dari dua sampel data. | F36: 👉 Buka Sheet FTEST
A37: 33 | B37: FISHER | C37: 8. Statistik & Analisis Data | D37: =FISHER(x) | E37: Menghitung transformasi Fisher pada nilai koefisien korelasi r (-1 < x < 1). | F37: 👉 Buka Sheet FISHER
A38: 34 | B38: FISHER.INV | C38: 8. Statistik & Analisis Data | D38: =FISHERINV(y) | E38: Menghitung kebalikan (invers) dari transformasi Fisher. | F38: 👉 Buka Sheet FISHER.INV
A39: 35 | B39: FORECAST | C39: 8. Statistik & Analisis Data | D39: =FORECAST(target_x, range_y, range_x) | E39: Meramal nilai masa depan berdasarkan tren regresi linear. | F39: 👉 Buka Sheet FORECAST
A40: 36 | B40: FREQUENCY | C40: 8. Statistik & Analisis Data | D40: =FREQUENCY(data_array, bins_array) | E40: Menghitung distribusi frekuensi kemunculan data berdasarkan batas interval. | F40: 👉 Buka Sheet FREQUENCY
A41: 37 | B41: GAMMADIST | C41: 8. Statistik & Analisis Data | D41: =GAMMA.DIST(x, alpha, beta, TRUE) | E41: Menghitung distribusi Gamma untuk analisis variabel yang memiliki kemencengan. | F41: 👉 Buka Sheet GAMMADIST
A42: 38 | B42: GAMMAINV | C42: 8. Statistik & Analisis Data | D42: =GAMMA.INV(probabilitas, alpha, beta) | E42: Menghasilkan invers dari distribusi Gamma kumulatif. | F42: 👉 Buka Sheet GAMMAINV
A43: 39 | B43: GAMMALN | C43: 8. Statistik & Analisis Data | D43: =GAMMALN(x) | E43: Menghitung logaritma natural dari fungsi Gamma Γ(x). | F43: 👉 Buka Sheet GAMMALN
A44: 40 | B44: GEOMEAN | C44: 8. Statistik & Analisis Data | D44: =GEOMEAN(range_data) | E44: Menghitung Rata-Rata Geometrik untuk laju pertumbuhan majemuk. | F44: 👉 Buka Sheet GEOMEAN
A45: 41 | B45: GROWTH | C45: 8. Statistik & Analisis Data | D45: =GROWTH(range_y, range_x, target_x) | E45: Memprediksi pertumbuhan eksponensial berdasarkan data historis. | F45: 👉 Buka Sheet GROWTH
A46: 42 | B46: HARMEAN | C46: 8. Statistik & Analisis Data | D46: =HARMEAN(range_data) | E46: Menghitung Rata-Rata Harmonik untuk laju atau kecepatan rata-rata. | F46: 👉 Buka Sheet HARMEAN
A47: 43 | B47: HYPGEOMDIST | C47: 8. Statistik & Analisis Data | D47: =HYPGEOM.DIST(sampel_s, ukuran_sampel, pop_s, ukuran_pop, TRUE) | E47: Menghitung peluang distribusi Hipergeometrik (pengambilan sampel tanpa pengembalian). | F47: 👉 Buka Sheet HYPGEOMDIST
A48: 44 | B48: INTERCEPT | C48: 8. Statistik & Analisis Data | D48: =INTERCEPT(range_y, range_x) | E48: Mencari titik potong sumbu Y pada garis regresi linear. | F48: 👉 Buka Sheet INTERCEPT
A49: 45 | B49: KURT | C49: 8. Statistik & Analisis Data | D49: =KURT(range_data) | E49: Mengukur keruncingan (Kurtosis) distribusi data statistik. | F49: 👉 Buka Sheet KURT
A50: 46 | B50: LARGE | C50: 8. Statistik & Analisis Data | D50: =LARGE(range_data, k) | E50: Mencari nilai terbesar ke-k (Juara ke-1, Juara ke-2, atau Juara ke-3). | F50: 👉 Buka Sheet LARGE
A51: 47 | B51: LOGNORM.DIST | C51: 8. Statistik & Analisis Data | D51: =LOGNORM.DIST(x, mean, standard_dev, TRUE) | E51: Menghitung distribusi lognormal kumulatif dari variabel x. | F51: 👉 Buka Sheet LOGNORM.DIST
A52: 48 | B52: LOGINV | C52: 8. Statistik & Analisis Data | D52: =LOGNORM.INV(probabilitas, mean, standard_dev) | E52: Menghasilkan invers dari distribusi lognormal kumulatif. | F52: 👉 Buka Sheet LOGINV
A53: 49 | B53: MAX | C53: 8. Statistik & Analisis Data | D53: =MAX(range_data) | E53: Mencari nilai PALING TINGGI (Maksimum / Rekor Juara 1) dari sekumpulan data. | F53: 👉 Buka Sheet MAX
A54: 50 | B54: MAXA | C54: 8. Statistik & Analisis Data | D54: =MAXA(range_data) | E54: Mencari nilai maksimum dengan menyertakan nilai logika dan teks. | F54: 👉 Buka Sheet MAXA
A55: 51 | B55: MEDIAN | C55: 8. Statistik & Analisis Data | D55: =MEDIAN(range_data) | E55: Mencari NILAI TENGAH setelah data diurutkan dari terkecil ke terbesar. | F55: 👉 Buka Sheet MEDIAN
A56: 52 | B56: MIN | C56: 8. Statistik & Analisis Data | D56: =MIN(range_data) | E56: Mencari nilai PALING RENDAH (Minimum) dari sekumpulan data. | F56: 👉 Buka Sheet MIN
A57: 53 | B57: MINA | C57: 8. Statistik & Analisis Data | D57: =MINA(range_data) | E57: Mencari nilai minimum dengan menyertakan nilai logika dan teks. | F57: 👉 Buka Sheet MINA
A58: 54 | B58: MODE | C58: 8. Statistik & Analisis Data | D58: =MODE(range_data) | E58: Mencari angka yang PALING SERING MUNCUL (Modus) di dalam daftar. | F58: 👉 Buka Sheet MODE
A59: 55 | B59: NEGBINOM.DIST | C59: 8. Statistik & Analisis Data | D59: =NEGBINOM.DIST(gagal, sukses, prob_sukses, TRUE) | E59: Menghitung distribusi Binomial Negatif (peluang jumlah kegagalan sebelum sukses ke-r). | F59: 👉 Buka Sheet NEGBINOM.DIST
A60: 56 | B60: NORM.DIST | C60: 8. Statistik & Analisis Data | D60: =NORM.DIST(x, mean, standard_dev, TRUE) | E60: Menghasilkan nilai distribusi normal untuk rata-rata dan simpangan baku tertentu. | F60: 👉 Buka Sheet NORM.DIST
A61: 57 | B61: NORM.INV | C61: 8. Statistik & Analisis Data | D61: =NORM.INV(probabilitas, mean, standard_dev) | E61: Menghasilkan invers dari distribusi normal kumulatif. | F61: 👉 Buka Sheet NORM.INV
A62: 58 | B62: NORM.S.DIST | C62: 8. Statistik & Analisis Data | D62: =NORM.S.DIST(z, TRUE) | E62: Menghasilkan distribusi normal standar (rata-rata = 0 dan standar deviasi = 1). | F62: 👉 Buka Sheet NORM.S.DIST
A63: 59 | B63: NORM.S.INV | C63: 8. Statistik & Analisis Data | D63: =NORM.S.INV(probabilitas) | E63: Menghasilkan nilai Z dari kebalikan distribusi normal standar kumulatif. | F63: 👉 Buka Sheet NORM.S.INV
A64: 60 | B64: PEARSON | C64: 8. Statistik & Analisis Data | D64: =PEARSON(range_x, range_y) | E64: Menghitung koefisien korelasi Pearson antara dua kumpulan data. | F64: 👉 Buka Sheet PEARSON
A65: 61 | B65: PERCENTILE.EXC | C65: 8. Statistik & Analisis Data | D65: =PERCENTILE.EXC(range_data, k) | E65: Mencari nilai persentil eksklusif dari distribusi data. | F65: 👉 Buka Sheet PERCENTILE.EXC
A66: 62 | B66: PERCENTILE.INC | C66: 8. Statistik & Analisis Data | D66: =PERCENTILE.INC(range_data, k) | E66: Mencari nilai persentil inklusif (0 s/d 1) dari distribusi data. | F66: 👉 Buka Sheet PERCENTILE.INC
A67: 63 | B67: PERCENTRANK.EXC | C67: 8. Statistik & Analisis Data | D67: =PERCENTRANK.EXC(range_data, x) | E67: Mencari peringkat persentase eksklusif suatu nilai di dalam kumpulan data. | F67: 👉 Buka Sheet PERCENTRANK.EXC
A68: 64 | B68: PERCENTRANK.INC | C68: 8. Statistik & Analisis Data | D68: =PERCENTRANK.INC(range_data, x) | E68: Mencari peringkat persentase inklusif suatu nilai di dalam kumpulan data. | F68: 👉 Buka Sheet PERCENTRANK.INC
A69: 65 | B69: PERMUT | C69: 8. Statistik & Analisis Data | D69: =PERMUT(jumlah_objek, jumlah_dipilih) | E69: Menghitung banyaknya susunan permutasi objek yang memperhatikan urutan. | F69: 👉 Buka Sheet PERMUT
A70: 66 | B70: POISSON | C70: 8. Statistik & Analisis Data | D70: =POISSON(x, mean, TRUE) | E70: Menghitung distribusi peluang Poisson (jumlah kejadian dalam selang waktu tertentu). | F70: 👉 Buka Sheet POISSON
A71: 67 | B71: PROB | C71: 8. Statistik & Analisis Data | D71: =PROB(range_x, range_prob, batas_bawah) | E71: Menghitung peluang bahwa nilai berada pada titik atau rentang tertentu. | F71: 👉 Buka Sheet PROB
A72: 68 | B72: QUARTILE.EXC | C72: 8. Statistik & Analisis Data | D72: =QUARTILE.EXC(range_data, kuartil) | E72: Mencari nilai Kuartil eksklusif (1, 2, atau 3) dari rentang data. | F72: 👉 Buka Sheet QUARTILE.EXC
A73: 69 | B73: QUARTILE.INC | C73: 8. Statistik & Analisis Data | D73: =QUARTILE.INC(range_data, kuartil) | E73: Mencari nilai Kuartil inklusif (1=Kuartil Bawah, 2=Median, 3=Kuartil Atas). | F73: 👉 Buka Sheet QUARTILE.INC
A74: 70 | B74: RANK | C74: 8. Statistik & Analisis Data | D74: =RANK(angka, range_referensi) | E74: Menentukan peringkat juara ke-berapa suatu angka dibandingkan seluruh daftar. | F74: 👉 Buka Sheet RANK
A75: 71 | B75: RSQ | C75: 8. Statistik & Analisis Data | D75: =RSQ(range_y, range_x) | E75: Menghitung nilai R-Squared (Koefisien Determinasi) regresi linear. | F75: 👉 Buka Sheet RSQ
A76: 72 | B76: SKEW | C76: 8. Statistik & Analisis Data | D76: =SKEW(range_data) | E76: Mengukur kemencengan (Skewness) distribusi data. | F76: 👉 Buka Sheet SKEW
A77: 73 | B77: SLOPE | C77: 8. Statistik & Analisis Data | D77: =SLOPE(range_y, range_x) | E77: Menghitung kemiringan garis tren regresi linear. | F77: 👉 Buka Sheet SLOPE
A78: 74 | B78: SMALL | C78: 8. Statistik & Analisis Data | D78: =SMALL(range_data, k) | E78: Mencari nilai terkecil ke-k (urutan paling bawah ke-1, ke-2, ke-3). | F78: 👉 Buka Sheet SMALL
A79: 75 | B79: STANDARDIZE | C79: 8. Statistik & Analisis Data | D79: =STANDARDIZE(x, mean, standard_dev) | E79: Menghitung nilai baku (Z-score) dari distribusi yang memiliki rata-rata dan simpangan baku. | F79: 👉 Buka Sheet STANDARDIZE
A80: 76 | B80: STDEV.P | C80: 8. Statistik & Analisis Data | D80: =STDEV.P(range_populasi) | E80: Menghitung Standar Deviasi untuk seluruh populasi penuh. | F80: 👉 Buka Sheet STDEV.P
A81: 77 | B81: STDEV.S | C81: 8. Statistik & Analisis Data | D81: =STDEV.S(range_sampel) | E81: Menghitung Standar Deviasi (simpangan baku) dari sampel data. | F81: 👉 Buka Sheet STDEV.S
A82: 78 | B82: STDEVA | C82: 8. Statistik & Analisis Data | D82: =STDEVA(range_sampel) | E82: Menghitung standar deviasi sampel termasuk nilai logika dan teks. | F82: 👉 Buka Sheet STDEVA
A83: 79 | B83: STDEVP | C83: 8. Statistik & Analisis Data | D83: =STDEVP(range_populasi) | E83: Menghitung standar deviasi populasi penuh (fungsi kompatibilitas). | F83: 👉 Buka Sheet STDEVP
A84: 80 | B84: STDEVPA | C84: 8. Statistik & Analisis Data | D84: =STDEVPA(range_populasi) | E84: Menghitung standar deviasi populasi termasuk nilai logika dan teks. | F84: 👉 Buka Sheet STDEVPA
A85: 81 | B85: STEYX | C85: 8. Statistik & Analisis Data | D85: =STEYX(range_y, range_x) | E85: Menghitung standar error dari prediksi regresi Y terhadap X. | F85: 👉 Buka Sheet STEYX
A86: 82 | B86: T.DIST | C86: 8. Statistik & Analisis Data | D86: =T.DIST(x, deg_freedom, TRUE) | E86: Menghasilkan distribusi Student's t sisi kiri. | F86: 👉 Buka Sheet T.DIST
A87: 83 | B87: T.DIST.2T | C87: 8. Statistik & Analisis Data | D87: =T.DIST.2T(x, deg_freedom) | E87: Menghasilkan probabilitas dua sisi (Two-Tailed) dari distribusi Student's t. | F87: 👉 Buka Sheet T.DIST.2T
A88: 84 | B88: T.DIST.RT | C88: 8. Statistik & Analisis Data | D88: =T.DIST.RT(x, deg_freedom) | E88: Menghasilkan probabilitas ekor kanan (Right-Tailed) dari distribusi Student's t. | F88: 👉 Buka Sheet T.DIST.RT
A89: 85 | B89: T.INV | C89: 8. Statistik & Analisis Data | D89: =T.INV(probabilitas, deg_freedom) | E89: Menghasilkan nilai t (invers ekor kiri) dari distribusi Student's t. | F89: 👉 Buka Sheet T.INV
A90: 86 | B90: T.INV.2T | C90: 8. Statistik & Analisis Data | D90: =T.INV.2T(probabilitas, deg_freedom) | E90: Menghasilkan nilai t (invers dua sisi) dari distribusi Student's t. | F90: 👉 Buka Sheet T.INV.2T
A91: 87 | B91: TREND | C91: 8. Statistik & Analisis Data | D91: =TREND(range_y, range_x, target_x) | E91: Menghitung nilai tren linear berdasarkan metode kuadrat terkecil. | F91: 👉 Buka Sheet TREND
A92: 88 | B92: T.TEST | C92: 8. Statistik & Analisis Data | D92: =T.TEST(array1, array2, tails, type) | E92: Menghitung peluang yang terkait dengan uji-t Student (Student's t-Test). | F92: 👉 Buka Sheet T.TEST
A93: 89 | B93: TRIMMEAN | C93: 8. Statistik & Analisis Data | D93: =TRIMMEAN(range_data, persen_pangkas) | E93: Menghitung rata-rata adil dengan membuang persentase nilai ekstrem. | F93: 👉 Buka Sheet TRIMMEAN
A94: 90 | B94: VAR.P | C94: 8. Statistik & Analisis Data | D94: =VAR.P(range_populasi) | E94: Menghitung nilai Varians dari keseluruhan populasi. | F94: 👉 Buka Sheet VAR.P
A95: 91 | B95: VAR.S | C95: 8. Statistik & Analisis Data | D95: =VAR.S(range_sampel) | E95: Menghitung nilai Varians (keragaman kuadrat) dari data sampel. | F95: 👉 Buka Sheet VAR.S
A96: 92 | B96: VARA | C96: 8. Statistik & Analisis Data | D96: =VARA(range_sampel) | E96: Menghitung varians sampel termasuk nilai logika dan teks. | F96: 👉 Buka Sheet VARA
A97: 93 | B97: VARPA | C97: 8. Statistik & Analisis Data | D97: =VARPA(range_populasi) | E97: Menghitung varians populasi termasuk nilai logika dan teks. | F97: 👉 Buka Sheet VARPA
A98: 94 | B98: WEIBULL | C98: 8. Statistik & Analisis Data | D98: =WEIBULL(x, alpha, beta, TRUE) | E98: Menghitung distribusi Weibull untuk analisis keandalan mesin (reliability / MTBF). | F98: 👉 Buka Sheet WEIBULL
A99: 95 | B99: ZTEST | C99: 8. Statistik & Analisis Data | D99: =ZTEST(range_data, x_uji) | E99: Menghitung nilai peluang satu sisi dari uji-Z (Z-Test) terhadap rata-rata hipotesis. | F99: 👉 Buka Sheet ZTEST
A100: 🔑 | B100: 99_KUNCI_JAWABAN | C100: Kunci Jawaban Seluruh Soal Tes | D100: 475 Kunci Soal Tes | E100: Berisi Kunci Rumus & Hasil Jawaban Benar untuk seluruh 5 Soal Tes di setiap sheet rumus. | F100: 🔑 Buka Sheet Kunci Jawaban

Sheet AVEDEV
B1: 📊 #001 — RUMUS EXCEL: AVEDEV | Kategori: 8. Statistik & Analisis Data
B2: 1 Rumus = 1 Contoh Soal + Jawaban Benar & 5 Soal Tes Mandiri (Kunci Jawaban Ada di Sheet Paling Terakhir) | F2: ⬅️ Ke Daftar Isi (00_DAFTAR_ISI) | G2: 🔑 Ke Kunci Jawaban (Sheet Akhir)
B4: 1️⃣ IDENTITAS RUMUS & FUNGSINYA BUAT APA? (AVEDEV)
B5: Nama Rumus Excel | C5: =AVEDEV(...)
B6: Sintaks / Pola Umum | C6: =AVEDEV(range_data)
B7: 👶 Fungsinya Buat Apa? | C7: Menghitung rata-rata simpangan mutlak data dari nilai rata-ratanya.
B9: 2️⃣ 1 CONTOH SOAL & CONTOH JAWABAN BENAR (PELAJARI POLA RUMUS AVEDEV DI SINI)
B10: Nama Unit / Kategori | C10: Nilai Data | E10: ✅ 1 CONTOH SOAL BESERTA CONTOH RUMUS & HASIL JAWABAN BENAR:
B11: Simulasi Unit A | C11: 500000 | E11: Contoh Soal: | F11: Hitung hasil pengolahan fungsi AVEDEV untuk keempat baris data pada rentang C11:C14!
B12: Simulasi Unit B | C12: 750000 | E12: Contoh Rumus Benar: | F12: '=AVEDEV(C11:C14)
B13: Simulasi Unit C | C13: 600000 | E13: Contoh Hasil Benar: | F13: =AVEDEV(C11:C14)
B14: Simulasi Unit D | C14: 950000
B16: 3️⃣ 5 SOAL TES DUNIA NYATA — KERJAKAN DI KOTAK KUNING (TANPA KUNCI RUMUS / HASIL DI SINI!)
B17: 📌 Catatan Tes: Soal Tes #1 s/d #5 di bawah ini tidak menampilkan kunci rumus maupun hasil. Kunci jawaban lengkap tersedia di sheet paling terakhir (99_KUNCI_JAWABAN).
B19: 📝 SOAL TES #1: Kasus Keuangan & Akuntansi Kantor
B20: Nama Unit / Kategori | C20: Nilai Data | E20: Persoalan Tes #1: Hitung hasil pengolahan fungsi AVEDEV untuk keempat baris data pada rentang C21:C24!
B21: Cabang Jakarta | C21: 1250000 | E21: ✏️ KETIK RUMUS JAWABAN TES DI BAWAH: | F21: 📌 STATUS KOREKSI JAWABAN TES:
B22: Cabang Bandung | C22: 1850000 | F22: =IF(ISBLANK(E22), "⏳ Belum Diisi (Ketik Rumus di Sel Kuning E22)", IF(E22='99_KUNCI_JAWABAN'!F5, "✅ BENAR! JAWABAN TES TEPAT!", "❌ Belum Tepat (Cek Sheet Akhir: 99_KUNCI_JAWABAN)"))
B23: Cabang Surabaya | C23: 2100000
B24: Cabang Medan | C24: 1600000
B27: 📝 SOAL TES #2: Kasus HRD, Gaji & Lembur Karyawan
B28: Nama Unit / Kategori | C28: Nilai Data | E28: Persoalan Tes #2: Hitung hasil pengolahan fungsi AVEDEV untuk keempat baris data pada rentang C29:C32!
B29: Budi Santoso | C29: 4500000 | E29: ✏️ KETIK RUMUS JAWABAN TES DI BAWAH: | F29: 📌 STATUS KOREKSI JAWABAN TES:
B30: Siti Aminah | C30: 5200000 | F30: =IF(ISBLANK(E30), "⏳ Belum Diisi (Ketik Rumus di Sel Kuning E30)", IF(E30='99_KUNCI_JAWABAN'!F6, "✅ BENAR! JAWABAN TES TEPAT!", "❌ Belum Tepat (Cek Sheet Akhir: 99_KUNCI_JAWABAN)"))
B31: Andi Pratama | C31: 4800000
B32: Rina Wijaya | C32: 6100000
B35: 📝 SOAL TES #3: Kasus Logistik & Stok Gudang Utama
B36: Nama Unit / Kategori | C36: Nilai Data | E36: Persoalan Tes #3: Hitung hasil pengolahan fungsi AVEDEV untuk keempat baris data pada rentang C37:C40!
B37: Gudang Blok A | C37: 240 | E37: ✏️ KETIK RUMUS JAWABAN TES DI BAWAH: | F37: 📌 STATUS KOREKSI JAWABAN TES:
B38: Gudang Blok B | C38: 380 | F38: =IF(ISBLANK(E38), "⏳ Belum Diisi (Ketik Rumus di Sel Kuning E38)", IF(E38='99_KUNCI_JAWABAN'!F7, "✅ BENAR! JAWABAN TES TEPAT!", "❌ Belum Tepat (Cek Sheet Akhir: 99_KUNCI_JAWABAN)"))
B39: Gudang Blok C | C39: 195
B40: Gudang Blok D | C40: 425
B43: 📝 SOAL TES #4: Kasus Penjualan Retail & Target Toko
B44: Nama Unit / Kategori | C44: Nilai Data | E44: Persoalan Tes #4: Hitung hasil pengolahan fungsi AVEDEV untuk keempat baris data pada rentang C45:C48!
B45: Toko Elektronik | C45: 85 | E45: ✏️ KETIK RUMUS JAWABAN TES DI BAWAH: | F45: 📌 STATUS KOREKSI JAWABAN TES:
B46: Toko Komputer | C46: 92 | F46: =IF(ISBLANK(E46), "⏳ Belum Diisi (Ketik Rumus di Sel Kuning E46)", IF(E46='99_KUNCI_JAWABAN'!F8, "✅ BENAR! JAWABAN TES TEPAT!", "❌ Belum Tepat (Cek Sheet Akhir: 99_KUNCI_JAWABAN)"))
B47: Toko Aksesoris | C47: 78
B48: Toko Servis | C48: 95
B51: 📝 SOAL TES #5: Kasus Akademik Sekolah & Layanan Publik
B52: Nama Unit / Kategori | C52: Nilai Data | E52: Persoalan Tes #5: Hitung hasil pengolahan fungsi AVEDEV untuk keempat baris data pada rentang C53:C56!
B53: Kelas 10 IPA | C53: 82 | E53: ✏️ KETIK RUMUS JAWABAN TES DI BAWAH: | F53: 📌 STATUS KOREKSI JAWABAN TES:
B54: Kelas 11 IPA | C54: 88 | F54: =IF(ISBLANK(E54), "⏳ Belum Diisi (Ketik Rumus di Sel Kuning E54)", IF(E54='99_KUNCI_JAWABAN'!F9, "✅ BENAR! JAWABAN TES TEPAT!", "❌ Belum Tepat (Cek Sheet Akhir: 99_KUNCI_JAWABAN)"))
B55: Kelas 12 IPA | C55: 91
B56: Kelas Unggulan | C56: 79

Sheet AVERAGE
B1: 📊 #002 — RUMUS EXCEL: AVERAGE | Kategori: 8. Statistik & Analisis Data
B2: 1 Rumus = 1 Contoh Soal + Jawaban Benar & 5 Soal Tes Mandiri (Kunci Jawaban Ada di Sheet Paling Terakhir) | F2: ⬅️ Ke Daftar Isi (00_DAFTAR_ISI) | G2: 🔑 Ke Kunci Jawaban (Sheet Akhir)
B4: 1️⃣ IDENTITAS RUMUS & FUNGSINYA BUAT APA? (AVERAGE)
B5: Nama Rumus Excel | C5: =AVERAGE(...)
B6: Sintaks / Pola Umum | C6: =AVERAGE(range_data)
B7: 👶 Fungsinya Buat Apa? | C7: Menghitung nilai RATA-RATA (Mean) dari sekumpulan angka.
B9: 2️⃣ 1 CONTOH SOAL & CONTOH JAWABAN BENAR (PELAJARI POLA RUMUS AVERAGE DI SINI)
B10: Nama Unit / Kategori | C10: Nilai Data | E10: ✅ 1 CONTOH SOAL BESERTA CONTOH RUMUS & HASIL JAWABAN BENAR:
B11: Simulasi Unit A | C11: 500000 | E11: Contoh Soal: | F11: Hitung hasil pengolahan fungsi AVERAGE untuk keempat baris data pada rentang C11:C14!
B12: Simulasi Unit B | C12: 750000 | E12: Contoh Rumus Benar: | F12: '=AVERAGE(C11:C14)
B13: Simulasi Unit C | C13: 600000 | E13: Contoh Hasil Benar: | F13: =AVERAGE(C11:C14)
B14: Simulasi Unit D | C14: 950000
B16: 3️⃣ 5 SOAL TES DUNIA NYATA — KERJAKAN DI KOTAK KUNING (TANPA KUNCI RUMUS / HASIL DI SINI!)
B17: 📌 Catatan Tes: Soal Tes #1 s/d #5 di bawah ini tidak menampilkan kunci rumus maupun hasil. Kunci jawaban lengkap tersedia di sheet paling terakhir (99_KUNCI_JAWABAN).
B19: 📝 SOAL TES #1: Kasus Keuangan & Akuntansi Kantor
B20: Nama Unit / Kategori | C20: Nilai Data | E20: Persoalan Tes #1: Hitung hasil pengolahan fungsi AVERAGE untuk keempat baris data pada rentang C21:C24!
B21: Cabang Jakarta | C21: 1250000 | E21: ✏️ KETIK RUMUS JAWABAN TES DI BAWAH: | F21: 📌 STATUS KOREKSI JAWABAN TES:
B22: Cabang Bandung | C22: 1850000 | F22: =IF(ISBLANK(E22), "⏳ Belum Diisi (Ketik Rumus di Sel Kuning E22)", IF(E22='99_KUNCI_JAWABAN'!F10, "✅ BENAR! JAWABAN TES TEPAT!", "❌ Belum Tepat (Cek Sheet Akhir: 99_KUNCI_JAWABAN)"))
B23: Cabang Surabaya | C23: 2100000
B24: Cabang Medan | C24: 1600000
B27: 📝 SOAL TES #2: Kasus HRD, Gaji & Lembur Karyawan
B28: Nama Unit / Kategori | C28: Nilai Data | E28: Persoalan Tes #2: Hitung hasil pengolahan fungsi AVERAGE untuk keempat baris data pada rentang C29:C32!
B29: Budi Santoso | C29: 4500000 | E29: ✏️ KETIK RUMUS JAWABAN TES DI BAWAH: | F29: 📌 STATUS KOREKSI JAWABAN TES:
B30: Siti Aminah | C30: 5200000 | F30: =IF(ISBLANK(E30), "⏳ Belum Diisi (Ketik Rumus di Sel Kuning E30)", IF(E30='99_KUNCI_JAWABAN'!F11, "✅ BENAR! JAWABAN TES TEPAT!", "❌ Belum Tepat (Cek Sheet Akhir: 99_KUNCI_JAWABAN)"))
B31: Andi Pratama | C31: 4800000
B32: Rina Wijaya | C32: 6100000
B35: 📝 SOAL TES #3: Kasus Logistik & Stok Gudang Utama
B36: Nama Unit / Kategori | C36: Nilai Data | E36: Persoalan Tes #3: Hitung hasil pengolahan fungsi AVERAGE untuk keempat baris data pada rentang C37:C40!
B37: Gudang Blok A | C37: 240 | E37: ✏️ KETIK RUMUS JAWABAN TES DI BAWAH: | F37: 📌 STATUS KOREKSI JAWABAN TES:
B38: Gudang Blok B | C38: 380 | F38: =IF(ISBLANK(E38), "⏳ Belum Diisi (Ketik Rumus di Sel Kuning E38)", IF(E38='99_KUNCI_JAWABAN'!F12, "✅ BENAR! JAWABAN TES TEPAT!", "❌ Belum Tepat (Cek Sheet Akhir: 99_KUNCI_JAWABAN)"))
B39: Gudang Blok C | C39: 195
B40: Gudang Blok D | C40: 425
B43: 📝 SOAL TES #4: Kasus Penjualan Retail & Target Toko
B44: Nama Unit / Kategori | C44: Nilai Data | E44: Persoalan Tes #4: Hitung hasil pengolahan fungsi AVERAGE untuk keempat baris data pada rentang C45:C48!
B45: Toko Elektronik | C45: 85 | E45: ✏️ KETIK RUMUS JAWABAN TES DI BAWAH: | F45: 📌 STATUS KOREKSI JAWABAN TES:
B46: Toko Komputer | C46: 92 | F46: =IF(ISBLANK(E46), "⏳ Belum Diisi (Ketik Rumus di Sel Kuning E46)", IF(E46='99_KUNCI_JAWABAN'!F13, "✅ BENAR! JAWABAN TES TEPAT!", "❌ Belum Tepat (Cek Sheet Akhir: 99_KUNCI_JAWABAN)"))
B47: Toko Aksesoris | C47: 78
B48: Toko Servis | C48: 95
B51: 📝 SOAL TES #5: Kasus Akademik Sekolah & Layanan Publik
B52: Nama Unit / Kategori | C52: Nilai Data | E52: Persoalan Tes #5: Hitung hasil pengolahan fungsi AVERAGE untuk keempat baris data pada rentang C53:C56!
B53: Kelas 10 IPA | C53: 82 | E53: ✏️ KETIK RUMUS JAWABAN TES DI BAWAH: | F53: 📌 STATUS KOREKSI JAWABAN TES:
B54: Kelas 11 IPA | C54: 88 | F54: =IF(ISBLANK(E54), "⏳ Belum Diisi (Ketik Rumus di Sel Kuning E54)", IF(E54='99_KUNCI_JAWABAN'!F14, "✅ BENAR! JAWABAN TES TEPAT!", "❌ Belum Tepat (Cek Sheet Akhir: 99_KUNCI_JAWABAN)"))
B55: Kelas 12 IPA | C55: 91
B56: Kelas Unggulan | C56: 79

Sheet AVERAGEA
B1: 📊 #003 — RUMUS EXCEL: AVERAGEA | Kategori: 8. Statistik & Analisis Data
B2: 1 Rumus = 1 Contoh Soal + Jawaban Benar & 5 Soal Tes Mandiri (Kunci Jawaban Ada di Sheet Paling Terakhir) | F2: ⬅️ Ke Daftar Isi (00_DAFTAR_ISI) | G2: 🔑 Ke Kunci Jawaban (Sheet Akhir)
B4: 1️⃣ IDENTITAS RUMUS & FUNGSINYA BUAT APA? (AVERAGEA)
B5: Nama Rumus Excel | C5: =AVERAGEA(...)
B6: Sintaks / Pola Umum | C6: =AVERAGEA(range_data)
B7: 👶 Fungsinya Buat Apa? | C7: Menghitung rata-rata dengan menyertakan sel teks (dihitung 0) dan logika.
B9: 2️⃣ 1 CONTOH SOAL & CONTOH JAWABAN BENAR (PELAJARI POLA RUMUS AVERAGEA DI SINI)
B10: Nama Unit / Kategori | C10: Nilai Data | E10: ✅ 1 CONTOH SOAL BESERTA CONTOH RUMUS & HASIL JAWABAN BENAR:
B11: Simulasi Unit A | C11: 500000 | E11: Contoh Soal: | F11: Hitung hasil pengolahan fungsi AVERAGEA untuk keempat baris data pada rentang C11:C14!
B12: Simulasi Unit B | C12: 750000 | E12: Contoh Rumus Benar: | F12: '=AVERAGEA(C11:C14)
B13: Simulasi Unit C | C13: 600000 | E13: Contoh Hasil Benar: | F13: =AVERAGEA(C11:C14)
B14: Simulasi Unit D | C14: 950000
B16: 3️⃣ 5 SOAL TES DUNIA NYATA — KERJAKAN DI KOTAK KUNING (TANPA KUNCI RUMUS / HASIL DI SINI!)
B17: 📌 Catatan Tes: Soal Tes #1 s/d #5 di bawah ini tidak menampilkan kunci rumus maupun hasil. Kunci jawaban lengkap tersedia di sheet paling terakhir (99_KUNCI_JAWABAN).
B19: 📝 SOAL TES #1: Kasus Keuangan & Akuntansi Kantor
B20: Nama Unit / Kategori | C20: Nilai Data | E20: Persoalan Tes #1: Hitung hasil pengolahan fungsi AVERAGEA untuk keempat baris data pada rentang C21:C24!
B21: Cabang Jakarta | C21: 1250000 | E21: ✏️ KETIK RUMUS JAWABAN TES DI BAWAH: | F21: 📌 STATUS KOREKSI JAWABAN TES:
B22: Cabang Bandung | C22: 1850000 | F22: =IF(ISBLANK(E22), "⏳ Belum Diisi (Ketik Rumus di Sel Kuning E22)", IF(E22='99_KUNCI_JAWABAN'!F15, "✅ BENAR! JAWABAN TES TEPAT!", "❌ Belum Tepat (Cek Sheet Akhir: 99_KUNCI_JAWABAN)"))
B23: Cabang Surabaya | C23: 2100000
B24: Cabang Medan | C24: 1600000
B27: 📝 SOAL TES #2: Kasus HRD, Gaji & Lembur Karyawan
B28: Nama Unit / Kategori | C28: Nilai Data | E28: Persoalan Tes #2: Hitung hasil pengolahan fungsi AVERAGEA untuk keempat baris data pada rentang C29:C32!
B29: Budi Santoso | C29: 4500000 | E29: ✏️ KETIK RUMUS JAWABAN TES DI BAWAH: | F29: 📌 STATUS KOREKSI JAWABAN TES:
B30: Siti Aminah | C30: 5200000 | F30: =IF(ISBLANK(E30), "⏳ Belum Diisi (Ketik Rumus di Sel Kuning E30)", IF(E30='99_KUNCI_JAWABAN'!F16, "✅ BENAR! JAWABAN TES TEPAT!", "❌ Belum Tepat (Cek Sheet Akhir: 99_KUNCI_JAWABAN)"))
B31: Andi Pratama | C31: 4800000
B32: Rina Wijaya | C32: 6100000
B35: 📝 SOAL TES #3: Kasus Logistik & Stok Gudang Utama
B36: Nama Unit / Kategori | C36: Nilai Data | E36: Persoalan Tes #3: Hitung hasil pengolahan fungsi AVERAGEA untuk keempat baris data pada rentang C37:C40!
B37: Gudang Blok A | C37: 240 | E37: ✏️ KETIK RUMUS JAWABAN TES DI BAWAH: | F37: 📌 STATUS KOREKSI JAWABAN TES:
B38: Gudang Blok B | C38: 380 | F38: =IF(ISBLANK(E38), "⏳ Belum Diisi (Ketik Rumus di Sel Kuning E38)", IF(E38='99_KUNCI_JAWABAN'!F17, "✅ BENAR! JAWABAN TES TEPAT!", "❌ Belum Tepat (Cek Sheet Akhir: 99_KUNCI_JAWABAN)"))
B39: Gudang Blok C | C39: 195
B40: Gudang Blok D | C40: 425
B43: 📝 SOAL TES #4: Kasus Penjualan Retail & Target Toko
B44: Nama Unit / Kategori | C44: Nilai Data | E44: Persoalan Tes #4: Hitung hasil pengolahan fungsi AVERAGEA untuk keempat baris data pada rentang C45:C48!
B45: Toko Elektronik | C45: 85 | E45: ✏️ KETIK RUMUS JAWABAN TES DI BAWAH: | F45: 📌 STATUS KOREKSI JAWABAN TES:
B46: Toko Komputer | C46: 92 | F46: =IF(ISBLANK(E46), "⏳ Belum Diisi (Ketik Rumus di Sel Kuning E46)", IF(E46='99_KUNCI_JAWABAN'!F18, "✅ BENAR! JAWABAN TES TEPAT!", "❌ Belum Tepat (Cek Sheet Akhir: 99_KUNCI_JAWABAN)"))
B47: Toko Aksesoris | C47: 78
B48: Toko Servis | C48: 95
B51: 📝 SOAL TES #5: Kasus Akademik Sekolah & Layanan Publik
B52: Nama Unit / Kategori | C52: Nilai Data | E52: Persoalan Tes #5: Hitung hasil pengolahan fungsi AVERAGEA untuk keempat baris data pada rentang C53:C56!
B53: Kelas 10 IPA | C53: 82 | E53: ✏️ KETIK RUMUS JAWABAN TES DI BAWAH: | F53: 📌 STATUS KOREKSI JAWABAN TES:
B54: Kelas 11 IPA | C54: 88 | F54: =IF(ISBLANK(E54), "⏳ Belum Diisi (Ketik Rumus di Sel Kuning E54)", IF(E54='99_KUNCI_JAWABAN'!F19, "✅ BENAR! JAWABAN TES TEPAT!", "❌ Belum Tepat (Cek Sheet Akhir: 99_KUNCI_JAWABAN)"))
B55: Kelas 12 IPA | C55: 91
B56: Kelas Unggulan | C56: 79

Sheet AVERAGEIF
B1: 📊 #004 — RUMUS EXCEL: AVERAGEIF | Kategori: 8. Statistik & Analisis Data
B2: 1 Rumus = 1 Contoh Soal + Jawaban Benar & 5 Soal Tes Mandiri (Kunci Jawaban Ada di Sheet Paling Terakhir) | F2: ⬅️ Ke Daftar Isi (00_DAFTAR_ISI) | G2: 🔑 Ke Kunci Jawaban (Sheet Akhir)
B4: 1️⃣ IDENTITAS RUMUS & FUNGSINYA BUAT APA? (AVERAGEIF)
B5: Nama Rumus Excel | C5: =AVERAGEIF(...)
B6: Sintaks / Pola Umum | C6: =AVERAGEIF(range_syarat, syarat, [range_rata2])
B7: 👶 Fungsinya Buat Apa? | C7: Menghitung rata-rata HANYA untuk baris yang memenuhi 1 syarat tertentu.
B9: 2️⃣ 1 CONTOH SOAL & CONTOH JAWABAN BENAR (PELAJARI POLA RUMUS AVERAGEIF DI SINI)
B10: Kategori Lokasi | C10: Nilai Transaksi | E10: ✅ 1 CONTOH SOAL BESERTA CONTOH RUMUS & HASIL JAWABAN BENAR:
B11: Pusat | C11: 500000 | E11: Contoh Soal: | F11: Gunakan fungsi AVERAGEIF untuk mengolah data khusus kategori "Pusat" saja (rentang kategori di B11:B14 dan rentang nilai di C11:C14)!
B12: Cabang | C12: 750000 | E12: Contoh Rumus Benar: | F12: '=AVERAGEIF(B11:B14, "Pusat", C11:C14)
B13: Pusat | C13: 600000 | E13: Contoh Hasil Benar: | F13: =AVERAGEIF(B11:B14, "Pusat", C11:C14)
B14: Cabang | C14: 950000
B16: 3️⃣ 5 SOAL TES DUNIA NYATA — KERJAKAN DI KOTAK KUNING (TANPA KUNCI RUMUS / HASIL DI SINI!)
B17: 📌 Catatan Tes: Soal Tes #1 s/d #5 di bawah ini tidak menampilkan kunci rumus maupun hasil. Kunci jawaban lengkap tersedia di sheet paling terakhir (99_KUNCI_JAWABAN).
B19: 📝 SOAL TES #1: Kasus Keuangan & Akuntansi Kantor
B20: Kategori Lokasi | C20: Nilai Transaksi | E20: Persoalan Tes #1: Gunakan fungsi AVERAGEIF untuk mengolah data khusus kategori "Pusat" saja (rentang kategori di B21:B24 dan rentang nilai di C21:C24)!
B21: Pusat | C21: 1250000 | E21: ✏️ KETIK RUMUS JAWABAN TES DI BAWAH: | F21: 📌 STATUS KOREKSI JAWABAN TES:
B22: Cabang | C22: 1850000 | F22: =IF(ISBLANK(E22), "⏳ Belum Diisi (Ketik Rumus di Sel Kuning E22)", IF(E22='99_KUNCI_JAWABAN'!F20, "✅ BENAR! JAWABAN TES TEPAT!", "❌ Belum Tepat (Cek Sheet Akhir: 99_KUNCI_JAWABAN)"))
B23: Pusat | C23: 2100000
B24: Cabang | C24: 1600000
B27: 📝 SOAL TES #2: Kasus HRD, Gaji & Lembur Karyawan
B28: Kategori Lokasi | C28: Nilai Transaksi | E28: Persoalan Tes #2: Gunakan fungsi AVERAGEIF untuk mengolah data khusus kategori "Pusat" saja (rentang kategori di B29:B32 dan rentang nilai di C29:C32)!
B29: Pusat | C29: 4500000 | E29: ✏️ KETIK RUMUS JAWABAN TES DI BAWAH: | F29: 📌 STATUS KOREKSI JAWABAN TES:
B30: Cabang | C30: 5200000 | F30: =IF(ISBLANK(E30), "⏳ Belum Diisi (Ketik Rumus di Sel Kuning E30)", IF(E30='99_KUNCI_JAWABAN'!F21, "✅ BENAR! JAWABAN TES TEPAT!", "❌ Belum Tepat (Cek Sheet Akhir: 99_KUNCI_JAWABAN)"))
B31: Pusat | C31: 4800000
B32: Cabang | C32: 6100000
B35: 📝 SOAL TES #3: Kasus Logistik & Stok Gudang Utama
B36: Kategori Lokasi | C36: Nilai Transaksi | E36: Persoalan Tes #3: Gunakan fungsi AVERAGEIF untuk mengolah data khusus kategori "Pusat" saja (rentang kategori di B37:B40 dan rentang nilai di C37:C40)!
B37: Pusat | C37: 240 | E37: ✏️ KETIK RUMUS JAWABAN TES DI BAWAH: | F37: 📌 STATUS KOREKSI JAWABAN TES:
B38: Cabang | C38: 380 | F38: =IF(ISBLANK(E38), "⏳ Belum Diisi (Ketik Rumus di Sel Kuning E38)", IF(E38='99_KUNCI_JAWABAN'!F22, "✅ BENAR! JAWABAN TES TEPAT!", "❌ Belum Tepat (Cek Sheet Akhir: 99_KUNCI_JAWABAN)"))
B39: Pusat | C39: 195
B40: Cabang | C40: 425
B43: 📝 SOAL TES #4: Kasus Penjualan Retail & Target Toko
B44: Kategori Lokasi | C44: Nilai Transaksi | E44: Persoalan Tes #4: Gunakan fungsi AVERAGEIF untuk mengolah data khusus kategori "Pusat" saja (rentang kategori di B45:B48 dan rentang nilai di C45:C48)!
B45: Pusat | C45: 85 | E45: ✏️ KETIK RUMUS JAWABAN TES DI BAWAH: | F45: 📌 STATUS KOREKSI JAWABAN TES:
B46: Cabang | C46: 92 | F46: =IF(ISBLANK(E46), "⏳ Belum Diisi (Ketik Rumus di Sel Kuning E46)", IF(E46='99_KUNCI_JAWABAN'!F23, "✅ BENAR! JAWABAN TES TEPAT!", "❌ Belum Tepat (Cek Sheet Akhir: 99_KUNCI_JAWABAN)"))
B47: Pusat | C47: 78
B48: Cabang | C48: 95
B51: 📝 SOAL TES #5: Kasus Akademik Sekolah & Layanan Publik
B52: Kategori Lokasi | C52: Nilai Transaksi | E52: Persoalan Tes #5: Gunakan fungsi AVERAGEIF untuk mengolah data khusus kategori "Pusat" saja (rentang kategori di B53:B56 dan rentang nilai di C53:C56)!
B53: Pusat | C53: 82 | E53: ✏️ KETIK RUMUS JAWABAN TES DI BAWAH: | F53: 📌 STATUS KOREKSI JAWABAN TES:
B54: Cabang | C54: 88 | F54: =IF(ISBLANK(E54), "⏳ Belum Diisi (Ketik Rumus di Sel Kuning E54)", IF(E54='99_KUNCI_JAWABAN'!F24, "✅ BENAR! JAWABAN TES TEPAT!", "❌ Belum Tepat (Cek Sheet Akhir: 99_KUNCI_JAWABAN)"))
B55: Pusat | C55: 91
B56: Cabang | C56: 79

Sheet AVERAGEIFS
B1: 📊 #005 — RUMUS EXCEL: AVERAGEIFS | Kategori: 8. Statistik & Analisis Data
B2: 1 Rumus = 1 Contoh Soal + Jawaban Benar & 5 Soal Tes Mandiri (Kunci Jawaban Ada di Sheet Paling Terakhir) | F2: ⬅️ Ke Daftar Isi (00_DAFTAR_ISI) | G2: 🔑 Ke Kunci Jawaban (Sheet Akhir)
B4: 1️⃣ IDENTITAS RUMUS & FUNGSINYA BUAT APA? (AVERAGEIFS)
B5: Nama Rumus Excel | C5: =AVERAGEIFS(...)
B6: Sintaks / Pola Umum | C6: =AVERAGEIFS(range_rata2, range_syarat1, syarat1, ...)
B7: 👶 Fungsinya Buat Apa? | C7: Menghitung rata-rata dengan banyak syarat sekaligus.
B9: 2️⃣ 1 CONTOH SOAL & CONTOH JAWABAN BENAR (PELAJARI POLA RUMUS AVERAGEIFS DI SINI)
B10: Status Unit | C10: Nilai Realisasi | E10: ✅ 1 CONTOH SOAL BESERTA CONTOH RUMUS & HASIL JAWABAN BENAR:
B11: Aktif | C11: 500000 | E11: Contoh Soal: | F11: Gunakan fungsi AVERAGEIFS untuk mengolah nilai di C11:C14 khusus baris yang berstatus "Aktif" pada kolom B11:B14!
B12: Aktif | C12: 750000 | E12: Contoh Rumus Benar: | F12: '=AVERAGEIFS(C11:C14, B11:B14, "Aktif")
B13: Nonaktif | C13: 600000 | E13: Contoh Hasil Benar: | F13: =AVERAGEIFS(C11:C14, B11:B14, "Aktif")
B14: Aktif | C14: 950000
B16: 3️⃣ 5 SOAL TES DUNIA NYATA — KERJAKAN DI KOTAK KUNING (TANPA KUNCI RUMUS / HASIL DI SINI!)
B17: 📌 Catatan Tes: Soal Tes #1 s/d #5 di bawah ini tidak menampilkan kunci rumus maupun hasil. Kunci jawaban lengkap tersedia di sheet paling terakhir (99_KUNCI_JAWABAN).
B19: 📝 SOAL TES #1: Kasus Keuangan & Akuntansi Kantor
B20: Status Unit | C20: Nilai Realisasi | E20: Persoalan Tes #1: Gunakan fungsi AVERAGEIFS untuk mengolah nilai di C21:C24 khusus baris yang berstatus "Aktif" pada kolom B21:B24!
B21: Aktif | C21: 1250000 | E21: ✏️ KETIK RUMUS JAWABAN TES DI BAWAH: | F21: 📌 STATUS KOREKSI JAWABAN TES:
B22: Aktif | C22: 1850000 | F22: =IF(ISBLANK(E22), "⏳ Belum Diisi (Ketik Rumus di Sel Kuning E22)", IF(E22='99_KUNCI_JAWABAN'!F25, "✅ BENAR! JAWABAN TES TEPAT!", "❌ Belum Tepat (Cek Sheet Akhir: 99_KUNCI_JAWABAN)"))
B23: Nonaktif | C23: 2100000
B24: Aktif | C24: 1600000
B27: 📝 SOAL TES #2: Kasus HRD, Gaji & Lembur Karyawan
B28: Status Unit | C28: Nilai Realisasi | E28: Persoalan Tes #2: Gunakan fungsi AVERAGEIFS untuk mengolah nilai di C29:C32 khusus baris yang berstatus "Aktif" pada kolom B29:B32!
B29: Aktif | C29: 4500000 | E29: ✏️ KETIK RUMUS JAWABAN TES DI BAWAH: | F29: 📌 STATUS KOREKSI JAWABAN TES:
B30: Aktif | C30: 5200000 | F30: =IF(ISBLANK(E30), "⏳ Belum Diisi (Ketik Rumus di Sel Kuning E30)", IF(E30='99_KUNCI_JAWABAN'!F26, "✅ BENAR! JAWABAN TES TEPAT!", "❌ Belum Tepat (Cek Sheet Akhir: 99_KUNCI_JAWABAN)"))
B31: Nonaktif | C31: 4800000
B32: Aktif | C32: 6100000
B35: 📝 SOAL TES #3: Kasus Logistik & Stok Gudang Utama
B36: Status Unit | C36: Nilai Realisasi | E36: Persoalan Tes #3: Gunakan fungsi AVERAGEIFS untuk mengolah nilai di C37:C40 khusus baris yang berstatus "Aktif" pada kolom B37:B40!
B37: Aktif | C37: 240 | E37: ✏️ KETIK RUMUS JAWABAN TES DI BAWAH: | F37: 📌 STATUS KOREKSI JAWABAN TES:
B38: Aktif | C38: 380 | F38: =IF(ISBLANK(E38), "⏳ Belum Diisi (Ketik Rumus di Sel Kuning E38)", IF(E38='99_KUNCI_JAWABAN'!F27, "✅ BENAR! JAWABAN TES TEPAT!", "❌ Belum Tepat (Cek Sheet Akhir: 99_KUNCI_JAWABAN)"))
B39: Nonaktif | C39: 195
B40: Aktif | C40: 425
B43: 📝 SOAL TES #4: Kasus Penjualan Retail & Target Toko
B44: Status Unit | C44: Nilai Realisasi | E44: Persoalan Tes #4: Gunakan fungsi AVERAGEIFS untuk mengolah nilai di C45:C48 khusus baris yang berstatus "Aktif" pada kolom B45:B48!
B45: Aktif | C45: 85 | E45: ✏️ KETIK RUMUS JAWABAN TES DI BAWAH: | F45: 📌 STATUS KOREKSI JAWABAN TES:
B46: Aktif | C46: 92 | F46: =IF(ISBLANK(E46), "⏳ Belum Diisi (Ketik Rumus di Sel Kuning E46)", IF(E46='99_KUNCI_JAWABAN'!F28, "✅ BENAR! JAWABAN TES TEPAT!", "❌ Belum Tepat (Cek Sheet Akhir: 99_KUNCI_JAWABAN)"))
B47: Nonaktif | C47: 78
B48: Aktif | C48: 95
B51: 📝 SOAL TES #5: Kasus Akademik Sekolah & Layanan Publik
B52: Status Unit | C52: Nilai Realisasi | E52: Persoalan Tes #5: Gunakan fungsi AVERAGEIFS untuk mengolah nilai di C53:C56 khusus baris yang berstatus "Aktif" pada kolom B53:B56!
B53: Aktif | C53: 82 | E53: ✏️ KETIK RUMUS JAWABAN TES DI BAWAH: | F53: 📌 STATUS KOREKSI JAWABAN TES:
B54: Aktif | C54: 88 | F54: =IF(ISBLANK(E54), "⏳ Belum Diisi (Ketik Rumus di Sel Kuning E54)", IF(E54='99_KUNCI_JAWABAN'!F29, "✅ BENAR! JAWABAN TES TEPAT!", "❌ Belum Tepat (Cek Sheet Akhir: 99_KUNCI_JAWABAN)"))
B55: Nonaktif | C55: 91
B56: Aktif | C56: 79

Sheet BETA.DIST
B1: 📊 #006 — RUMUS EXCEL: BETA.DIST | Kategori: 8. Statistik & Analisis Data
B2: 1 Rumus = 1 Contoh Soal + Jawaban Benar & 5 Soal Tes Mandiri (Kunci Jawaban Ada di Sheet Paling Terakhir) | F2: ⬅️ Ke Daftar Isi (00_DAFTAR_ISI) | G2: 🔑 Ke Kunci Jawaban (Sheet Akhir)
B4: 1️⃣ IDENTITAS RUMUS & FUNGSINYA BUAT APA? (BETA.DIST)
B5: Nama Rumus Excel | C5: =BETA.DIST(...)
B6: Sintaks / Pola Umum | C6: =BETA.DIST(x, alpha, beta, TRUE)
B7: 👶 Fungsinya Buat Apa? | C7: Menghitung fungsi distribusi probabilitas Beta kumulatif.
B9: 2️⃣ 1 CONTOH SOAL & CONTOH JAWABAN BENAR (PELAJARI POLA RUMUS BETA.DIST DI SINI)
B10: Parameter Beta | C10: Nilai Input | E10: ✅ 1 CONTOH SOAL BESERTA CONTOH RUMUS & HASIL JAWABAN BENAR:
B11: Nilai X (C11) | C11: 0.8 | E11: Contoh Soal: | F11: Hitung distribusi Beta kumulatif menggunakan fungsi BETA.DIST dengan argumen C11, C12, C13, dan TRUE!
B12: Alpha (C12) | C12: 2 | E12: Contoh Rumus Benar: | F12: '=BETA.DIST(C11, C12, C13, TRUE)
B13: Beta (C13) | C13: 5 | E13: Contoh Hasil Benar: | F13: =BETA.DIST(C11, C12, C13, TRUE)
B14: Kumulatif | C14: 1
B16: 3️⃣ 5 SOAL TES DUNIA NYATA — KERJAKAN DI KOTAK KUNING (TANPA KUNCI RUMUS / HASIL DI SINI!)
B17: 📌 Catatan Tes: Soal Tes #1 s/d #5 di bawah ini tidak menampilkan kunci rumus maupun hasil. Kunci jawaban lengkap tersedia di sheet paling terakhir (99_KUNCI_JAWABAN).
B19: 📝 SOAL TES #1: Kasus Keuangan & Akuntansi Kantor
B20: Parameter Beta | C20: Nilai Input | E20: Persoalan Tes #1: Hitung distribusi Beta kumulatif menggunakan fungsi BETA.DIST dengan argumen C21, C22, C23, dan TRUE!
B21: Nilai X (C21) | C21: 0.3 | E21: ✏️ KETIK RUMUS JAWABAN TES DI BAWAH: | F21: 📌 STATUS KOREKSI JAWABAN TES:
B22: Alpha (C22) | C22: 2 | F22: =IF(ISBLANK(E22), "⏳ Belum Diisi (Ketik Rumus di Sel Kuning E22)", IF(E22='99_KUNCI_JAWABAN'!F30, "✅ BENAR! JAWABAN TES TEPAT!", "❌ Belum Tepat (Cek Sheet Akhir: 99_KUNCI_JAWABAN)"))
B23: Beta (C23) | C23: 5
B24: Kumulatif | C24: 1
B27: 📝 SOAL TES #2: Kasus HRD, Gaji & Lembur Karyawan
B28: Parameter Beta | C28: Nilai Input | E28: Persoalan Tes #2: Hitung distribusi Beta kumulatif menggunakan fungsi BETA.DIST dengan argumen C29, C30, C31, dan TRUE!
B29: Nilai X (C29) | C29: 0.4 | E29: ✏️ KETIK RUMUS JAWABAN TES DI BAWAH: | F29: 📌 STATUS KOREKSI JAWABAN TES:
B30: Alpha (C30) | C30: 2 | F30: =IF(ISBLANK(E30), "⏳ Belum Diisi (Ketik Rumus di Sel Kuning E30)", IF(E30='99_KUNCI_JAWABAN'!F31, "✅ BENAR! JAWABAN TES TEPAT!", "❌ Belum Tepat (Cek Sheet Akhir: 99_KUNCI_JAWABAN)"))
B31: Beta (C31) | C31: 5
B32: Kumulatif | C32: 1
B35: 📝 SOAL TES #3: Kasus Logistik & Stok Gudang Utama
B36: Parameter Beta | C36: Nilai Input | E36: Persoalan Tes #3: Hitung distribusi Beta kumulatif menggunakan fungsi BETA.DIST dengan argumen C37, C38, C39, dan TRUE!
B37: Nilai X (C37) | C37: 0.5 | E37: ✏️ KETIK RUMUS JAWABAN TES DI BAWAH: | F37: 📌 STATUS KOREKSI JAWABAN TES:
B38: Alpha (C38) | C38: 2 | F38: =IF(ISBLANK(E38), "⏳ Belum Diisi (Ketik Rumus di Sel Kuning E38)", IF(E38='99_KUNCI_JAWABAN'!F32, "✅ BENAR! JAWABAN TES TEPAT!", "❌ Belum Tepat (Cek Sheet Akhir: 99_KUNCI_JAWABAN)"))
B39: Beta (C39) | C39: 5
B40: Kumulatif | C40: 1
B43: 📝 SOAL TES #4: Kasus Penjualan Retail & Target Toko
B44: Parameter Beta | C44: Nilai Input | E44: Persoalan Tes #4: Hitung distribusi Beta kumulatif menggunakan fungsi BETA.DIST dengan argumen C45, C46, C47, dan TRUE!
B45: Nilai X (C45) | C45: 0.6 | E45: ✏️ KETIK RUMUS JAWABAN TES DI BAWAH: | F45: 📌 STATUS KOREKSI JAWABAN TES:
B46: Alpha (C46) | C46: 2 | F46: =IF(ISBLANK(E46), "⏳ Belum Diisi (Ketik Rumus di Sel Kuning E46)", IF(E46='99_KUNCI_JAWABAN'!F33, "✅ BENAR! JAWABAN TES TEPAT!", "❌ Belum Tepat (Cek Sheet Akhir: 99_KUNCI_JAWABAN)"))
B47: Beta (C47) | C47: 5
B48: Kumulatif | C48: 1
B51: 📝 SOAL TES #5: Kasus Akademik Sekolah & Layanan Publik
B52: Parameter Beta | C52: Nilai Input | E52: Persoalan Tes #5: Hitung distribusi Beta kumulatif menggunakan fungsi BETA.DIST dengan argumen C53, C54, C55, dan TRUE!
B53: Nilai X (C53) | C53: 0.7 | E53: ✏️ KETIK RUMUS JAWABAN TES DI BAWAH: | F53: 📌 STATUS KOREKSI JAWABAN TES:
B54: Alpha (C54) | C54: 2 | F54: =IF(ISBLANK(E54), "⏳ Belum Diisi (Ketik Rumus di Sel Kuning E54)", IF(E54='99_KUNCI_JAWABAN'!F34, "✅ BENAR! JAWABAN TES TEPAT!", "❌ Belum Tepat (Cek Sheet Akhir: 99_KUNCI_JAWABAN)"))
B55: Beta (C55) | C55: 5
B56: Kumulatif | C56: 1

Sheet BETA.INV
B1: 📊 #007 — RUMUS EXCEL: BETA.INV | Kategori: 8. Statistik & Analisis Data
B2: 1 Rumus = 1 Contoh Soal + Jawaban Benar & 5 Soal Tes Mandiri (Kunci Jawaban Ada di Sheet Paling Terakhir) | F2: ⬅️ Ke Daftar Isi (00_DAFTAR_ISI) | G2: 🔑 Ke Kunci Jawaban (Sheet Akhir)
B4: 1️⃣ IDENTITAS RUMUS & FUNGSINYA BUAT APA? (BETA.INV)
B5: Nama Rumus Excel | C5: =BETA.INV(...)
B6: Sintaks / Pola Umum | C6: =BETA.INV(probabilitas, alpha, beta)
B7: 👶 Fungsinya Buat Apa? | C7: Menghitung invers dari fungsi distribusi probabilitas Beta kumulatif.
B9: 2️⃣ 1 CONTOH SOAL & CONTOH JAWABAN BENAR (PELAJARI POLA RUMUS BETA.INV DI SINI)
B10: Parameter Beta | C10: Nilai Input | E10: ✅ 1 CONTOH SOAL BESERTA CONTOH RUMUS & HASIL JAWABAN BENAR:
B11: Probabilitas (C11) | C11: 0.8 | E11: Contoh Soal: | F11: Hitung nilai invers distribusi Beta menggunakan fungsi BETA.INV dengan argumen C11, C12, dan C13!
B12: Alpha (C12) | C12: 2 | E12: Contoh Rumus Benar: | F12: '=BETA.INV(C11, C12, C13)
B13: Beta (C13) | C13: 5 | E13: Contoh Hasil Benar: | F13: =BETA.INV(C11, C12, C13)
B14: Cadangan | C14: 1
B16: 3️⃣ 5 SOAL TES DUNIA NYATA — KERJAKAN DI KOTAK KUNING (TANPA KUNCI RUMUS / HASIL DI SINI!)
B17: 📌 Catatan Tes: Soal Tes #1 s/d #5 di bawah ini tidak menampilkan kunci rumus maupun hasil. Kunci jawaban lengkap tersedia di sheet paling terakhir (99_KUNCI_JAWABAN).
B19: 📝 SOAL TES #1: Kasus Keuangan & Akuntansi Kantor
B20: Parameter Beta | C20: Nilai Input | E20: Persoalan Tes #1: Hitung nilai invers distribusi Beta menggunakan fungsi BETA.INV dengan argumen C21, C22, dan C23!
B21: Probabilitas (C21) | C21: 0.3 | E21: ✏️ KETIK RUMUS JAWABAN TES DI BAWAH: | F21: 📌 STATUS KOREKSI JAWABAN TES:
B22: Alpha (C22) | C22: 2 | F22: =IF(ISBLANK(E22), "⏳ Belum Diisi (Ketik Rumus di Sel Kuning E22)", IF(E22='99_KUNCI_JAWABAN'!F35, "✅ BENAR! JAWABAN TES TEPAT!", "❌ Belum Tepat (Cek Sheet Akhir: 99_KUNCI_JAWABAN)"))
B23: Beta (C23) | C23: 5
B24: Cadangan | C24: 1
B27: 📝 SOAL TES #2: Kasus HRD, Gaji & Lembur Karyawan
B28: Parameter Beta | C28: Nilai Input | E28: Persoalan Tes #2: Hitung nilai invers distribusi Beta menggunakan fungsi BETA.INV dengan argumen C29, C30, dan C31!
B29: Probabilitas (C29) | C29: 0.4 | E29: ✏️ KETIK RUMUS JAWABAN TES DI BAWAH: | F29: 📌 STATUS KOREKSI JAWABAN TES:
B30: Alpha (C30) | C30: 2 | F30: =IF(ISBLANK(E30), "⏳ Belum Diisi (Ketik Rumus di Sel Kuning E30)", IF(E30='99_KUNCI_JAWABAN'!F36, "✅ BENAR! JAWABAN TES TEPAT!", "❌ Belum Tepat (Cek Sheet Akhir: 99_KUNCI_JAWABAN)"))
B31: Beta (C31) | C31: 5
B32: Cadangan | C32: 1
B35: 📝 SOAL TES #3: Kasus Logistik & Stok Gudang Utama
B36: Parameter Beta | C36: Nilai Input | E36: Persoalan Tes #3: Hitung nilai invers distribusi Beta menggunakan fungsi BETA.INV dengan argumen C37, C38, dan C39!
B37: Probabilitas (C37) | C37: 0.5 | E37: ✏️ KETIK RUMUS JAWABAN TES DI BAWAH: | F37: 📌 STATUS KOREKSI JAWABAN TES:
B38: Alpha (C38) | C38: 2 | F38: =IF(ISBLANK(E38), "⏳ Belum Diisi (Ketik Rumus di Sel Kuning E38)", IF(E38='99_KUNCI_JAWABAN'!F37, "✅ BENAR! JAWABAN TES TEPAT!", "❌ Belum Tepat (Cek Sheet Akhir: 99_KUNCI_JAWABAN)"))
B39: Beta (C39) | C39: 5
B40: Cadangan | C40: 1
B43: 📝 SOAL TES #4: Kasus Penjualan Retail & Target Toko
B44: Parameter Beta | C44: Nilai Input | E44: Persoalan Tes #4: Hitung nilai invers distribusi Beta menggunakan fungsi BETA.INV dengan argumen C45, C46, dan C47!
B45: Probabilitas (C45) | C45: 0.6 | E45: ✏️ KETIK RUMUS JAWABAN TES DI BAWAH: | F45: 📌 STATUS KOREKSI JAWABAN TES:
B46: Alpha (C46) | C46: 2 | F46: =IF(ISBLANK(E46), "⏳ Belum Diisi (Ketik Rumus di Sel Kuning E46)", IF(E46='99_KUNCI_JAWABAN'!F38, "✅ BENAR! JAWABAN TES TEPAT!", "❌ Belum Tepat (Cek Sheet Akhir: 99_KUNCI_JAWABAN)"))
B47: Beta (C47) | C47: 5
B48: Cadangan | C48: 1
B51: 📝 SOAL TES #5: Kasus Akademik Sekolah & Layanan Publik
B52: Parameter Beta | C52: Nilai Input | E52: Persoalan Tes #5: Hitung nilai invers distribusi Beta menggunakan fungsi BETA.INV dengan argumen C53, C54, dan C55!
B53: Probabilitas (C53) | C53: 0.7 | E53: ✏️ KETIK RUMUS JAWABAN TES DI BAWAH: | F53: 📌 STATUS KOREKSI JAWABAN TES:
B54: Alpha (C54) | C54: 2 | F54: =IF(ISBLANK(E54), "⏳ Belum Diisi (Ketik Rumus di Sel Kuning E54)", IF(E54='99_KUNCI_JAWABAN'!F39, "✅ BENAR! JAWABAN TES TEPAT!", "❌ Belum Tepat (Cek Sheet Akhir: 99_KUNCI_JAWABAN)"))
B55: Beta (C55) | C55: 5
B56: Cadangan | C56: 1

Sheet BINOM.DIST
B1: 📊 #008 — RUMUS EXCEL: BINOM.DIST | Kategori: 8. Statistik & Analisis Data
B2: 1 Rumus = 1 Contoh Soal + Jawaban Benar & 5 Soal Tes Mandiri (Kunci Jawaban Ada di Sheet Paling Terakhir) | F2: ⬅️ Ke Daftar Isi (00_DAFTAR_ISI) | G2: 🔑 Ke Kunci Jawaban (Sheet Akhir)
B4: 1️⃣ IDENTITAS RUMUS & FUNGSINYA BUAT APA? (BINOM.DIST)
B5: Nama Rumus Excel | C5: =BINOM.DIST(...)
B6: Sintaks / Pola Umum | C6: =BINOM.DIST(sukses, cobaan, prob_sukses, TRUE)
B7: 👶 Fungsinya Buat Apa? | C7: Menghitung peluang distribusi Binomial dari sejumlah percobaan independen.
B9: 2️⃣ 1 CONTOH SOAL & CONTOH JAWABAN BENAR (PELAJARI POLA RUMUS BINOM.DIST DI SINI)
B10: Parameter Binomial | C10: Nilai Input | E10: ✅ 1 CONTOH SOAL BESERTA CONTOH RUMUS & HASIL JAWABAN BENAR:
B11: Jumlah Sukses/Gagal (C11) | C11: 4 | E11: Contoh Soal: | F11: Hitung peluang distribusi kumulatif (TRUE) menggunakan fungsi BINOM.DIST dengan argumen C11, C12, C13, dan TRUE!
B12: Total Percobaan (C12) | C12: 15 | E12: Contoh Rumus Benar: | F12: '=BINOM.DIST(C11, C12, C13, TRUE)
B13: Peluang Sukses (C13) | C13: 0.5 | E13: Contoh Hasil Benar: | F13: =BINOM.DIST(C11, C12, C13, TRUE)
B14: Kumulatif | C14: 1
B16: 3️⃣ 5 SOAL TES DUNIA NYATA — KERJAKAN DI KOTAK KUNING (TANPA KUNCI RUMUS / HASIL DI SINI!)
B17: 📌 Catatan Tes: Soal Tes #1 s/d #5 di bawah ini tidak menampilkan kunci rumus maupun hasil. Kunci jawaban lengkap tersedia di sheet paling terakhir (99_KUNCI_JAWABAN).
B19: 📝 SOAL TES #1: Kasus Keuangan & Akuntansi Kantor
B20: Parameter Binomial | C20: Nilai Input | E20: Persoalan Tes #1: Hitung peluang distribusi kumulatif (TRUE) menggunakan fungsi BINOM.DIST dengan argumen C21, C22, C23, dan TRUE!
B21: Jumlah Sukses/Gagal (C21) | C21: 2 | E21: ✏️ KETIK RUMUS JAWABAN TES DI BAWAH: | F21: 📌 STATUS KOREKSI JAWABAN TES:
B22: Total Percobaan (C22) | C22: 10 | F22: =IF(ISBLANK(E22), "⏳ Belum Diisi (Ketik Rumus di Sel Kuning E22)", IF(E22='99_KUNCI_JAWABAN'!F40, "✅ BENAR! JAWABAN TES TEPAT!", "❌ Belum Tepat (Cek Sheet Akhir: 99_KUNCI_JAWABAN)"))
B23: Peluang Sukses (C23) | C23: 0.5
B24: Kumulatif | C24: 1
B27: 📝 SOAL TES #2: Kasus HRD, Gaji & Lembur Karyawan
B28: Parameter Binomial | C28: Nilai Input | E28: Persoalan Tes #2: Hitung peluang distribusi kumulatif (TRUE) menggunakan fungsi BINOM.DIST dengan argumen C29, C30, C31, dan TRUE!
B29: Jumlah Sukses/Gagal (C29) | C29: 3 | E29: ✏️ KETIK RUMUS JAWABAN TES DI BAWAH: | F29: 📌 STATUS KOREKSI JAWABAN TES:
B30: Total Percobaan (C30) | C30: 11 | F30: =IF(ISBLANK(E30), "⏳ Belum Diisi (Ketik Rumus di Sel Kuning E30)", IF(E30='99_KUNCI_JAWABAN'!F41, "✅ BENAR! JAWABAN TES TEPAT!", "❌ Belum Tepat (Cek Sheet Akhir: 99_KUNCI_JAWABAN)"))
B31: Peluang Sukses (C31) | C31: 0.5
B32: Kumulatif | C32: 1
B35: 📝 SOAL TES #3: Kasus Logistik & Stok Gudang Utama
B36: Parameter Binomial | C36: Nilai Input | E36: Persoalan Tes #3: Hitung peluang distribusi kumulatif (TRUE) menggunakan fungsi BINOM.DIST dengan argumen C37, C38, C39, dan TRUE!
B37: Jumlah Sukses/Gagal (C37) | C37: 4 | E37: ✏️ KETIK RUMUS JAWABAN TES DI BAWAH: | F37: 📌 STATUS KOREKSI JAWABAN TES:
B38: Total Percobaan (C38) | C38: 12 | F38: =IF(ISBLANK(E38), "⏳ Belum Diisi (Ketik Rumus di Sel Kuning E38)", IF(E38='99_KUNCI_JAWABAN'!F42, "✅ BENAR! JAWABAN TES TEPAT!", "❌ Belum Tepat (Cek Sheet Akhir: 99_KUNCI_JAWABAN)"))
B39: Peluang Sukses (C39) | C39: 0.5
B40: Kumulatif | C40: 1
B43: 📝 SOAL TES #4: Kasus Penjualan Retail & Target Toko
B44: Parameter Binomial | C44: Nilai Input | E44: Persoalan Tes #4: Hitung peluang distribusi kumulatif (TRUE) menggunakan fungsi BINOM.DIST dengan argumen C45, C46, C47, dan TRUE!
B45: Jumlah Sukses/Gagal (C45) | C45: 2 | E45: ✏️ KETIK RUMUS JAWABAN TES DI BAWAH: | F45: 📌 STATUS KOREKSI JAWABAN TES:
B46: Total Percobaan (C46) | C46: 13 | F46: =IF(ISBLANK(E46), "⏳ Belum Diisi (Ketik Rumus di Sel Kuning E46)", IF(E46='99_KUNCI_JAWABAN'!F43, "✅ BENAR! JAWABAN TES TEPAT!", "❌ Belum Tepat (Cek Sheet Akhir: 99_KUNCI_JAWABAN)"))
B47: Peluang Sukses (C47) | C47: 0.5
B48: Kumulatif | C48: 1
B51: 📝 SOAL TES #5: Kasus Akademik Sekolah & Layanan Publik
B52: Parameter Binomial | C52: Nilai Input | E52: Persoalan Tes #5: Hitung peluang distribusi kumulatif (TRUE) menggunakan fungsi BINOM.DIST dengan argumen C53, C54, C55, dan TRUE!
B53: Jumlah Sukses/Gagal (C53) | C53: 3 | E53: ✏️ KETIK RUMUS JAWABAN TES DI BAWAH: | F53: 📌 STATUS KOREKSI JAWABAN TES:
B54: Total Percobaan (C54) | C54: 14 | F54: =IF(ISBLANK(E54), "⏳ Belum Diisi (Ketik Rumus di Sel Kuning E54)", IF(E54='99_KUNCI_JAWABAN'!F44, "✅ BENAR! JAWABAN TES TEPAT!", "❌ Belum Tepat (Cek Sheet Akhir: 99_KUNCI_JAWABAN)"))
B55: Peluang Sukses (C55) | C55: 0.5
B56: Kumulatif | C56: 1

Sheet BINOM.INV
B1: 📊 #009 — RUMUS EXCEL: BINOM.INV | Kategori: 8. Statistik & Analisis Data
B2: 1 Rumus = 1 Contoh Soal + Jawaban Benar & 5 Soal Tes Mandiri (Kunci Jawaban Ada di Sheet Paling Terakhir) | F2: ⬅️ Ke Daftar Isi (00_DAFTAR_ISI) | G2: 🔑 Ke Kunci Jawaban (Sheet Akhir)
B4: 1️⃣ IDENTITAS RUMUS & FUNGSINYA BUAT APA? (BINOM.INV)
B5: Nama Rumus Excel | C5: =BINOM.INV(...)
B6: Sintaks / Pola Umum | C6: =BINOM.INV(cobaan, prob_sukses, alpha)
B7: 👶 Fungsinya Buat Apa? | C7: Mencari nilai terkecil sehingga distribusi binomial kumulatif >= alpha.
B9: 2️⃣ 1 CONTOH SOAL & CONTOH JAWABAN BENAR (PELAJARI POLA RUMUS BINOM.INV DI SINI)
B10: Parameter Binomial | C10: Nilai Input | E10: ✅ 1 CONTOH SOAL BESERTA CONTOH RUMUS & HASIL JAWABAN BENAR:
B11: Total Percobaan (C11) | C11: 20 | E11: Contoh Soal: | F11: Cari nilai batas kritis binomial menggunakan fungsi BINOM.INV dengan argumen berurutan C11, C12, dan C13!
B12: Peluang Sukses (C12) | C12: 0.5 | E12: Contoh Rumus Benar: | F12: '=BINOM.INV(C11, C12, C13)
B13: Alpha Kriteria (C13) | C13: 0.75 | E13: Contoh Hasil Benar: | F13: =BINOM.INV(C11, C12, C13)
B14: Cadangan | C14: 1
B16: 3️⃣ 5 SOAL TES DUNIA NYATA — KERJAKAN DI KOTAK KUNING (TANPA KUNCI RUMUS / HASIL DI SINI!)
B17: 📌 Catatan Tes: Soal Tes #1 s/d #5 di bawah ini tidak menampilkan kunci rumus maupun hasil. Kunci jawaban lengkap tersedia di sheet paling terakhir (99_KUNCI_JAWABAN).
B19: 📝 SOAL TES #1: Kasus Keuangan & Akuntansi Kantor
B20: Parameter Binomial | C20: Nilai Input | E20: Persoalan Tes #1: Cari nilai batas kritis binomial menggunakan fungsi BINOM.INV dengan argumen berurutan C21, C22, dan C23!
B21: Total Percobaan (C21) | C21: 10 | E21: ✏️ KETIK RUMUS JAWABAN TES DI BAWAH: | F21: 📌 STATUS KOREKSI JAWABAN TES:
B22: Peluang Sukses (C22) | C22: 0.5 | F22: =IF(ISBLANK(E22), "⏳ Belum Diisi (Ketik Rumus di Sel Kuning E22)", IF(E22='99_KUNCI_JAWABAN'!F45, "✅ BENAR! JAWABAN TES TEPAT!", "❌ Belum Tepat (Cek Sheet Akhir: 99_KUNCI_JAWABAN)"))
B23: Alpha Kriteria (C23) | C23: 0.5
B24: Cadangan | C24: 1
B27: 📝 SOAL TES #2: Kasus HRD, Gaji & Lembur Karyawan
B28: Parameter Binomial | C28: Nilai Input | E28: Persoalan Tes #2: Cari nilai batas kritis binomial menggunakan fungsi BINOM.INV dengan argumen berurutan C29, C30, dan C31!
B29: Total Percobaan (C29) | C29: 12 | E29: ✏️ KETIK RUMUS JAWABAN TES DI BAWAH: | F29: 📌 STATUS KOREKSI JAWABAN TES:
B30: Peluang Sukses (C30) | C30: 0.5 | F30: =IF(ISBLANK(E30), "⏳ Belum Diisi (Ketik Rumus di Sel Kuning E30)", IF(E30='99_KUNCI_JAWABAN'!F46, "✅ BENAR! JAWABAN TES TEPAT!", "❌ Belum Tepat (Cek Sheet Akhir: 99_KUNCI_JAWABAN)"))
B31: Alpha Kriteria (C31) | C31: 0.55
B32: Cadangan | C32: 1
B35: 📝 SOAL TES #3: Kasus Logistik & Stok Gudang Utama
B36: Parameter Binomial | C36: Nilai Input | E36: Persoalan Tes #3: Cari nilai batas kritis binomial menggunakan fungsi BINOM.INV dengan argumen berurutan C37, C38, dan C39!
B37: Total Percobaan (C37) | C37: 14 | E37: ✏️ KETIK RUMUS JAWABAN TES DI BAWAH: | F37: 📌 STATUS KOREKSI JAWABAN TES:
B38: Peluang Sukses (C38) | C38: 0.5 | F38: =IF(ISBLANK(E38), "⏳ Belum Diisi (Ketik Rumus di Sel Kuning E38)", IF(E38='99_KUNCI_JAWABAN'!F47, "✅ BENAR! JAWABAN TES TEPAT!", "❌ Belum Tepat (Cek Sheet Akhir: 99_KUNCI_JAWABAN)"))
B39: Alpha Kriteria (C39) | C39: 0.6
B40: Cadangan | C40: 1
B43: 📝 SOAL TES #4: Kasus Penjualan Retail & Target Toko
B44: Parameter Binomial | C44: Nilai Input | E44: Persoalan Tes #4: Cari nilai batas kritis binomial menggunakan fungsi BINOM.INV dengan argumen berurutan C45, C46, dan C47!
B45: Total Percobaan (C45) | C45: 16 | E45: ✏️ KETIK RUMUS JAWABAN TES DI BAWAH: | F45: 📌 STATUS KOREKSI JAWABAN TES:
B46: Peluang Sukses (C46) | C46: 0.5 | F46: =IF(ISBLANK(E46), "⏳ Belum Diisi (Ketik Rumus di Sel Kuning E46)", IF(E46='99_KUNCI_JAWABAN'!F48, "✅ BENAR! JAWABAN TES TEPAT!", "❌ Belum Tepat (Cek Sheet Akhir: 99_KUNCI_JAWABAN)"))
B47: Alpha Kriteria (C47) | C47: 0.65
B48: Cadangan | C48: 1
B51: 📝 SOAL TES #5: Kasus Akademik Sekolah & Layanan Publik
B52: Parameter Binomial | C52: Nilai Input | E52: Persoalan Tes #5: Cari nilai batas kritis binomial menggunakan fungsi BINOM.INV dengan argumen berurutan C53, C54, dan C55!
B53: Total Percobaan (C53) | C53: 18 | E53: ✏️ KETIK RUMUS JAWABAN TES DI BAWAH: | F53: 📌 STATUS KOREKSI JAWABAN TES:
B54: Peluang Sukses (C54) | C54: 0.5 | F54: =IF(ISBLANK(E54), "⏳ Belum Diisi (Ketik Rumus di Sel Kuning E54)", IF(E54='99_KUNCI_JAWABAN'!F49, "✅ BENAR! JAWABAN TES TEPAT!", "❌ Belum Tepat (Cek Sheet Akhir: 99_KUNCI_JAWABAN)"))
B55: Alpha Kriteria (C55) | C55: 0.7
B56: Cadangan | C56: 1

Sheet CHISQ.DIST
B1: 📊 #010 — RUMUS EXCEL: CHISQ.DIST | Kategori: 8. Statistik & Analisis Data
B2: 1 Rumus = 1 Contoh Soal + Jawaban Benar & 5 Soal Tes Mandiri (Kunci Jawaban Ada di Sheet Paling Terakhir) | F2: ⬅️ Ke Daftar Isi (00_DAFTAR_ISI) | G2: 🔑 Ke Kunci Jawaban (Sheet Akhir)
B4: 1️⃣ IDENTITAS RUMUS & FUNGSINYA BUAT APA? (CHISQ.DIST)
B5: Nama Rumus Excel | C5: =CHISQ.DIST(...)
B6: Sintaks / Pola Umum | C6: =CHISQ.DIST(x, deg_freedom, TRUE)
B7: 👶 Fungsinya Buat Apa? | C7: Menghasilkan distribusi probabilitas Chi-Square sisi kiri.
B9: 2️⃣ 1 CONTOH SOAL & CONTOH JAWABAN BENAR (PELAJARI POLA RUMUS CHISQ.DIST DI SINI)
B10: Nama Parameter | C10: Nilai Parameter | E10: ✅ 1 CONTOH SOAL BESERTA CONTOH RUMUS & HASIL JAWABAN BENAR:
B11: Nilai X (C11) | C11: 7 | E11: Contoh Soal: | F11: Hitung nilai distribusi kumulatif (TRUE) menggunakan fungsi CHISQ.DIST dengan argumen C11, C12, dan TRUE!
B12: Derajat / Mean (C12) | C12: 10 | E12: Contoh Rumus Benar: | F12: '=CHISQ.DIST(C11, C12, TRUE)
B13: Cadangan 1 | C13: 1 | E13: Contoh Hasil Benar: | F13: =CHISQ.DIST(C11, C12, TRUE)
B14: Cadangan 2 | C14: 1
B16: 3️⃣ 5 SOAL TES DUNIA NYATA — KERJAKAN DI KOTAK KUNING (TANPA KUNCI RUMUS / HASIL DI SINI!)
B17: 📌 Catatan Tes: Soal Tes #1 s/d #5 di bawah ini tidak menampilkan kunci rumus maupun hasil. Kunci jawaban lengkap tersedia di sheet paling terakhir (99_KUNCI_JAWABAN).
B19: 📝 SOAL TES #1: Kasus Keuangan & Akuntansi Kantor
B20: Nama Parameter | C20: Nilai Parameter | E20: Persoalan Tes #1: Hitung nilai distribusi kumulatif (TRUE) menggunakan fungsi CHISQ.DIST dengan argumen C21, C22, dan TRUE!
B21: Nilai X (C21) | C21: 2 | E21: ✏️ KETIK RUMUS JAWABAN TES DI BAWAH: | F21: 📌 STATUS KOREKSI JAWABAN TES:
B22: Derajat / Mean (C22) | C22: 5 | F22: =IF(ISBLANK(E22), "⏳ Belum Diisi (Ketik Rumus di Sel Kuning E22)", IF(E22='99_KUNCI_JAWABAN'!F50, "✅ BENAR! JAWABAN TES TEPAT!", "❌ Belum Tepat (Cek Sheet Akhir: 99_KUNCI_JAWABAN)"))
B23: Cadangan 1 | C23: 1
B24: Cadangan 2 | C24: 1
B27: 📝 SOAL TES #2: Kasus HRD, Gaji & Lembur Karyawan
B28: Nama Parameter | C28: Nilai Parameter | E28: Persoalan Tes #2: Hitung nilai distribusi kumulatif (TRUE) menggunakan fungsi CHISQ.DIST dengan argumen C29, C30, dan TRUE!
B29: Nilai X (C29) | C29: 3 | E29: ✏️ KETIK RUMUS JAWABAN TES DI BAWAH: | F29: 📌 STATUS KOREKSI JAWABAN TES:
B30: Derajat / Mean (C30) | C30: 6 | F30: =IF(ISBLANK(E30), "⏳ Belum Diisi (Ketik Rumus di Sel Kuning E30)", IF(E30='99_KUNCI_JAWABAN'!F51, "✅ BENAR! JAWABAN TES TEPAT!", "❌ Belum Tepat (Cek Sheet Akhir: 99_KUNCI_JAWABAN)"))
B31: Cadangan 1 | C31: 1
B32: Cadangan 2 | C32: 1
B35: 📝 SOAL TES #3: Kasus Logistik & Stok Gudang Utama
B36: Nama Parameter | C36: Nilai Parameter | E36: Persoalan Tes #3: Hitung nilai distribusi kumulatif (TRUE) menggunakan fungsi CHISQ.DIST dengan argumen C37, C38, dan TRUE!
B37: Nilai X (C37) | C37: 4 | E37: ✏️ KETIK RUMUS JAWABAN TES DI BAWAH: | F37: 📌 STATUS KOREKSI JAWABAN TES:
B38: Derajat / Mean (C38) | C38: 7 | F38: =IF(ISBLANK(E38), "⏳ Belum Diisi (Ketik Rumus di Sel Kuning E38)", IF(E38='99_KUNCI_JAWABAN'!F52, "✅ BENAR! JAWABAN TES TEPAT!", "❌ Belum Tepat (Cek Sheet Akhir: 99_KUNCI_JAWABAN)"))
B39: Cadangan 1 | C39: 1
B40: Cadangan 2 | C40: 1
B43: 📝 SOAL TES #4: Kasus Penjualan Retail & Target Toko
B44: Nama Parameter | C44: Nilai Parameter | E44: Persoalan Tes #4: Hitung nilai distribusi kumulatif (TRUE) menggunakan fungsi CHISQ.DIST dengan argumen C45, C46, dan TRUE!
B45: Nilai X (C45) | C45: 5 | E45: ✏️ KETIK RUMUS JAWABAN TES DI BAWAH: | F45: 📌 STATUS KOREKSI JAWABAN TES:
B46: Derajat / Mean (C46) | C46: 8 | F46: =IF(ISBLANK(E46), "⏳ Belum Diisi (Ketik Rumus di Sel Kuning E46)", IF(E46='99_KUNCI_JAWABAN'!F53, "✅ BENAR! JAWABAN TES TEPAT!", "❌ Belum Tepat (Cek Sheet Akhir: 99_KUNCI_JAWABAN)"))
B47: Cadangan 1 | C47: 1
B48: Cadangan 2 | C48: 1
B51: 📝 SOAL TES #5: Kasus Akademik Sekolah & Layanan Publik
B52: Nama Parameter | C52: Nilai Parameter | E52: Persoalan Tes #5: Hitung nilai distribusi kumulatif (TRUE) menggunakan fungsi CHISQ.DIST dengan argumen C53, C54, dan TRUE!
B53: Nilai X (C53) | C53: 6 | E53: ✏️ KETIK RUMUS JAWABAN TES DI BAWAH: | F53: 📌 STATUS KOREKSI JAWABAN TES:
B54: Derajat / Mean (C54) | C54: 9 | F54: =IF(ISBLANK(E54), "⏳ Belum Diisi (Ketik Rumus di Sel Kuning E54)", IF(E54='99_KUNCI_JAWABAN'!F54, "✅ BENAR! JAWABAN TES TEPAT!", "❌ Belum Tepat (Cek Sheet Akhir: 99_KUNCI_JAWABAN)"))
B55: Cadangan 1 | C55: 1
B56: Cadangan 2 | C56: 1

Sheet CHISQ.DIST.RT
B1: 📊 #011 — RUMUS EXCEL: CHISQ.DIST.RT | Kategori: 8. Statistik & Analisis Data
B2: 1 Rumus = 1 Contoh Soal + Jawaban Benar & 5 Soal Tes Mandiri (Kunci Jawaban Ada di Sheet Paling Terakhir) | F2: ⬅️ Ke Daftar Isi (00_DAFTAR_ISI) | G2: 🔑 Ke Kunci Jawaban (Sheet Akhir)
B4: 1️⃣ IDENTITAS RUMUS & FUNGSINYA BUAT APA? (CHISQ.DIST.RT)
B5: Nama Rumus Excel | C5: =CHISQ.DIST.RT(...)
B6: Sintaks / Pola Umum | C6: =CHISQ.DIST.RT(x, deg_freedom)
B7: 👶 Fungsinya Buat Apa? | C7: Menghasilkan probabilitas ekor kanan (Right-Tailed) dari distribusi Chi-Square.
B9: 2️⃣ 1 CONTOH SOAL & CONTOH JAWABAN BENAR (PELAJARI POLA RUMUS CHISQ.DIST.RT DI SINI)
B10: Nama Parameter | C10: Nilai Parameter | E10: ✅ 1 CONTOH SOAL BESERTA CONTOH RUMUS & HASIL JAWABAN BENAR:
B11: Nilai Uji X (C11) | C11: 3 | E11: Contoh Soal: | F11: Hitung nilai probabilitas distribusi menggunakan fungsi CHISQ.DIST.RT dengan argumen nilai X di C11 dan derajat kebebasan di C12!
B12: Derajat Kebebasan (C12) | C12: 13 | E12: Contoh Rumus Benar: | F12: '=CHISQ.DIST.RT(C11, C12)
B13: Cadangan 1 | C13: 1 | E13: Contoh Hasil Benar: | F13: =CHISQ.DIST.RT(C11, C12)
B14: Cadangan 2 | C14: 1
B16: 3️⃣ 5 SOAL TES DUNIA NYATA — KERJAKAN DI KOTAK KUNING (TANPA KUNCI RUMUS / HASIL DI SINI!)
B17: 📌 Catatan Tes: Soal Tes #1 s/d #5 di bawah ini tidak menampilkan kunci rumus maupun hasil. Kunci jawaban lengkap tersedia di sheet paling terakhir (99_KUNCI_JAWABAN).
B19: 📝 SOAL TES #1: Kasus Keuangan & Akuntansi Kantor
B20: Nama Parameter | C20: Nilai Parameter | E20: Persoalan Tes #1: Hitung nilai probabilitas distribusi menggunakan fungsi CHISQ.DIST.RT dengan argumen nilai X di C21 dan derajat kebebasan di C22!
B21: Nilai Uji X (C21) | C21: 1.5 | E21: ✏️ KETIK RUMUS JAWABAN TES DI BAWAH: | F21: 📌 STATUS KOREKSI JAWABAN TES:
B22: Derajat Kebebasan (C22) | C22: 8 | F22: =IF(ISBLANK(E22), "⏳ Belum Diisi (Ketik Rumus di Sel Kuning E22)", IF(E22='99_KUNCI_JAWABAN'!F55, "✅ BENAR! JAWABAN TES TEPAT!", "❌ Belum Tepat (Cek Sheet Akhir: 99_KUNCI_JAWABAN)"))
B23: Cadangan 1 | C23: 1
B24: Cadangan 2 | C24: 1
B27: 📝 SOAL TES #2: Kasus HRD, Gaji & Lembur Karyawan
B28: Nama Parameter | C28: Nilai Parameter | E28: Persoalan Tes #2: Hitung nilai probabilitas distribusi menggunakan fungsi CHISQ.DIST.RT dengan argumen nilai X di C29 dan derajat kebebasan di C30!
B29: Nilai Uji X (C29) | C29: 1.8 | E29: ✏️ KETIK RUMUS JAWABAN TES DI BAWAH: | F29: 📌 STATUS KOREKSI JAWABAN TES:
B30: Derajat Kebebasan (C30) | C30: 9 | F30: =IF(ISBLANK(E30), "⏳ Belum Diisi (Ketik Rumus di Sel Kuning E30)", IF(E30='99_KUNCI_JAWABAN'!F56, "✅ BENAR! JAWABAN TES TEPAT!", "❌ Belum Tepat (Cek Sheet Akhir: 99_KUNCI_JAWABAN)"))
B31: Cadangan 1 | C31: 1
B32: Cadangan 2 | C32: 1
B35: 📝 SOAL TES #3: Kasus Logistik & Stok Gudang Utama
B36: Nama Parameter | C36: Nilai Parameter | E36: Persoalan Tes #3: Hitung nilai probabilitas distribusi menggunakan fungsi CHISQ.DIST.RT dengan argumen nilai X di C37 dan derajat kebebasan di C38!
B37: Nilai Uji X (C37) | C37: 2.1 | E37: ✏️ KETIK RUMUS JAWABAN TES DI BAWAH: | F37: 📌 STATUS KOREKSI JAWABAN TES:
B38: Derajat Kebebasan (C38) | C38: 10 | F38: =IF(ISBLANK(E38), "⏳ Belum Diisi (Ketik Rumus di Sel Kuning E38)", IF(E38='99_KUNCI_JAWABAN'!F57, "✅ BENAR! JAWABAN TES TEPAT!", "❌ Belum Tepat (Cek Sheet Akhir: 99_KUNCI_JAWABAN)"))
B39: Cadangan 1 | C39: 1
B40: Cadangan 2 | C40: 1
B43: 📝 SOAL TES #4: Kasus Penjualan Retail & Target Toko
B44: Nama Parameter | C44: Nilai Parameter | E44: Persoalan Tes #4: Hitung nilai probabilitas distribusi menggunakan fungsi CHISQ.DIST.RT dengan argumen nilai X di C45 dan derajat kebebasan di C46!
B45: Nilai Uji X (C45) | C45: 2.4 | E45: ✏️ KETIK RUMUS JAWABAN TES DI BAWAH: | F45: 📌 STATUS KOREKSI JAWABAN TES:
B46: Derajat Kebebasan (C46) | C46: 11 | F46: =IF(ISBLANK(E46), "⏳ Belum Diisi (Ketik Rumus di Sel Kuning E46)", IF(E46='99_KUNCI_JAWABAN'!F58, "✅ BENAR! JAWABAN TES TEPAT!", "❌ Belum Tepat (Cek Sheet Akhir: 99_KUNCI_JAWABAN)"))
B47: Cadangan 1 | C47: 1
B48: Cadangan 2 | C48: 1
B51: 📝 SOAL TES #5: Kasus Akademik Sekolah & Layanan Publik
B52: Nama Parameter | C52: Nilai Parameter | E52: Persoalan Tes #5: Hitung nilai probabilitas distribusi menggunakan fungsi CHISQ.DIST.RT dengan argumen nilai X di C53 dan derajat kebebasan di C54!
B53: Nilai Uji X (C53) | C53: 2.7 | E53: ✏️ KETIK RUMUS JAWABAN TES DI BAWAH: | F53: 📌 STATUS KOREKSI JAWABAN TES:
B54: Derajat Kebebasan (C54) | C54: 12 | F54: =IF(ISBLANK(E54), "⏳ Belum Diisi (Ketik Rumus di Sel Kuning E54)", IF(E54='99_KUNCI_JAWABAN'!F59, "✅ BENAR! JAWABAN TES TEPAT!", "❌ Belum Tepat (Cek Sheet Akhir: 99_KUNCI_JAWABAN)"))
B55: Cadangan 1 | C55: 1
B56: Cadangan 2 | C56: 1

Sheet CHISQ.INV
B1: 📊 #012 — RUMUS EXCEL: CHISQ.INV | Kategori: 8. Statistik & Analisis Data
B2: 1 Rumus = 1 Contoh Soal + Jawaban Benar & 5 Soal Tes Mandiri (Kunci Jawaban Ada di Sheet Paling Terakhir) | F2: ⬅️ Ke Daftar Isi (00_DAFTAR_ISI) | G2: 🔑 Ke Kunci Jawaban (Sheet Akhir)
B4: 1️⃣ IDENTITAS RUMUS & FUNGSINYA BUAT APA? (CHISQ.INV)
B5: Nama Rumus Excel | C5: =CHISQ.INV(...)
B6: Sintaks / Pola Umum | C6: =CHISQ.INV(probabilitas, deg_freedom)
B7: 👶 Fungsinya Buat Apa? | C7: Menghasilkan nilai invers probabilitas ekor kiri dari distribusi Chi-Square.
B9: 2️⃣ 1 CONTOH SOAL & CONTOH JAWABAN BENAR (PELAJARI POLA RUMUS CHISQ.INV DI SINI)
B10: Nama Parameter | C10: Nilai Parameter | E10: ✅ 1 CONTOH SOAL BESERTA CONTOH RUMUS & HASIL JAWABAN BENAR:
B11: Probabilitas (C11) | C11: 0.15 | E11: Contoh Soal: | F11: Hitung nilai invers distribusi menggunakan fungsi CHISQ.INV dengan probabilitas di C11 dan derajat kebebasan di C12!
B12: Derajat Kebebasan (C12) | C12: 13 | E12: Contoh Rumus Benar: | F12: '=CHISQ.INV(C11, C12)
B13: Cadangan 1 | C13: 1 | E13: Contoh Hasil Benar: | F13: =CHISQ.INV(C11, C12)
B14: Cadangan 2 | C14: 1
B16: 3️⃣ 5 SOAL TES DUNIA NYATA — KERJAKAN DI KOTAK KUNING (TANPA KUNCI RUMUS / HASIL DI SINI!)
B17: 📌 Catatan Tes: Soal Tes #1 s/d #5 di bawah ini tidak menampilkan kunci rumus maupun hasil. Kunci jawaban lengkap tersedia di sheet paling terakhir (99_KUNCI_JAWABAN).
B19: 📝 SOAL TES #1: Kasus Keuangan & Akuntansi Kantor
B20: Nama Parameter | C20: Nilai Parameter | E20: Persoalan Tes #1: Hitung nilai invers distribusi menggunakan fungsi CHISQ.INV dengan probabilitas di C21 dan derajat kebebasan di C22!
B21: Probabilitas (C21) | C21: 0.05 | E21: ✏️ KETIK RUMUS JAWABAN TES DI BAWAH: | F21: 📌 STATUS KOREKSI JAWABAN TES:
B22: Derajat Kebebasan (C22) | C22: 8 | F22: =IF(ISBLANK(E22), "⏳ Belum Diisi (Ketik Rumus di Sel Kuning E22)", IF(E22='99_KUNCI_JAWABAN'!F60, "✅ BENAR! JAWABAN TES TEPAT!", "❌ Belum Tepat (Cek Sheet Akhir: 99_KUNCI_JAWABAN)"))
B23: Cadangan 1 | C23: 1
B24: Cadangan 2 | C24: 1
B27: 📝 SOAL TES #2: Kasus HRD, Gaji & Lembur Karyawan
B28: Nama Parameter | C28: Nilai Parameter | E28: Persoalan Tes #2: Hitung nilai invers distribusi menggunakan fungsi CHISQ.INV dengan probabilitas di C29 dan derajat kebebasan di C30!
B29: Probabilitas (C29) | C29: 0.07 | E29: ✏️ KETIK RUMUS JAWABAN TES DI BAWAH: | F29: 📌 STATUS KOREKSI JAWABAN TES:
B30: Derajat Kebebasan (C30) | C30: 9 | F30: =IF(ISBLANK(E30), "⏳ Belum Diisi (Ketik Rumus di Sel Kuning E30)", IF(E30='99_KUNCI_JAWABAN'!F61, "✅ BENAR! JAWABAN TES TEPAT!", "❌ Belum Tepat (Cek Sheet Akhir: 99_KUNCI_JAWABAN)"))
B31: Cadangan 1 | C31: 1
B32: Cadangan 2 | C32: 1
B35: 📝 SOAL TES #3: Kasus Logistik & Stok Gudang Utama
B36: Nama Parameter | C36: Nilai Parameter | E36: Persoalan Tes #3: Hitung nilai invers distribusi menggunakan fungsi CHISQ.INV dengan probabilitas di C37 dan derajat kebebasan di C38!
B37: Probabilitas (C37) | C37: 0.09 | E37: ✏️ KETIK RUMUS JAWABAN TES DI BAWAH: | F37: 📌 STATUS KOREKSI JAWABAN TES:
B38: Derajat Kebebasan (C38) | C38: 10 | F38: =IF(ISBLANK(E38), "⏳ Belum Diisi (Ketik Rumus di Sel Kuning E38)", IF(E38='99_KUNCI_JAWABAN'!F62, "✅ BENAR! JAWABAN TES TEPAT!", "❌ Belum Tepat (Cek Sheet Akhir: 99_KUNCI_JAWABAN)"))
B39: Cadangan 1 | C39: 1
B40: Cadangan 2 | C40: 1
B43: 📝 SOAL TES #4: Kasus Penjualan Retail & Target Toko
B44: Nama Parameter | C44: Nilai Parameter | E44: Persoalan Tes #4: Hitung nilai invers distribusi menggunakan fungsi CHISQ.INV dengan probabilitas di C45 dan derajat kebebasan di C46!
B45: Probabilitas (C45) | C45: 0.11 | E45: ✏️ KETIK RUMUS JAWABAN TES DI BAWAH: | F45: 📌 STATUS KOREKSI JAWABAN TES:
B46: Derajat Kebebasan (C46) | C46: 11 | F46: =IF(ISBLANK(E46), "⏳ Belum Diisi (Ketik Rumus di Sel Kuning E46)", IF(E46='99_KUNCI_JAWABAN'!F63, "✅ BENAR! JAWABAN TES TEPAT!", "❌ Belum Tepat (Cek Sheet Akhir: 99_KUNCI_JAWABAN)"))
B47: Cadangan 1 | C47: 1
B48: Cadangan 2 | C48: 1
B51: 📝 SOAL TES #5: Kasus Akademik Sekolah & Layanan Publik
B52: Nama Parameter | C52: Nilai Parameter | E52: Persoalan Tes #5: Hitung nilai invers distribusi menggunakan fungsi CHISQ.INV dengan probabilitas di C53 dan derajat kebebasan di C54!
B53: Probabilitas (C53) | C53: 0.13 | E53: ✏️ KETIK RUMUS JAWABAN TES DI BAWAH: | F53: 📌 STATUS KOREKSI JAWABAN TES:
B54: Derajat Kebebasan (C54) | C54: 12 | F54: =IF(ISBLANK(E54), "⏳ Belum Diisi (Ketik Rumus di Sel Kuning E54)", IF(E54='99_KUNCI_JAWABAN'!F64, "✅ BENAR! JAWABAN TES TEPAT!", "❌ Belum Tepat (Cek Sheet Akhir: 99_KUNCI_JAWABAN)"))
B55: Cadangan 1 | C55: 1
B56: Cadangan 2 | C56: 1

Sheet CHISQ.RT.INV
B1: 📊 #013 — RUMUS EXCEL: CHISQ.RT.INV | Kategori: 8. Statistik & Analisis Data
B2: 1 Rumus = 1 Contoh Soal + Jawaban Benar & 5 Soal Tes Mandiri (Kunci Jawaban Ada di Sheet Paling Terakhir) | F2: ⬅️ Ke Daftar Isi (00_DAFTAR_ISI) | G2: 🔑 Ke Kunci Jawaban (Sheet Akhir)
B4: 1️⃣ IDENTITAS RUMUS & FUNGSINYA BUAT APA? (CHISQ.RT.INV)
B5: Nama Rumus Excel | C5: =CHISQ.RT.INV(...)
B6: Sintaks / Pola Umum | C6: =CHISQ.INV.RT(probabilitas, deg_freedom)
B7: 👶 Fungsinya Buat Apa? | C7: Menghasilkan nilai invers probabilitas ekor kanan dari distribusi Chi-Square.
B9: 2️⃣ 1 CONTOH SOAL & CONTOH JAWABAN BENAR (PELAJARI POLA RUMUS CHISQ.RT.INV DI SINI)
B10: Nama Parameter | C10: Nilai Parameter | E10: ✅ 1 CONTOH SOAL BESERTA CONTOH RUMUS & HASIL JAWABAN BENAR:
B11: Probabilitas (C11) | C11: 0.15 | E11: Contoh Soal: | F11: Hitung nilai invers distribusi menggunakan fungsi CHISQ.INV.RT dengan probabilitas di C11 dan derajat kebebasan di C12!
B12: Derajat Kebebasan (C12) | C12: 13 | E12: Contoh Rumus Benar: | F12: '=CHISQ.INV.RT(C11, C12)
B13: Cadangan 1 | C13: 1 | E13: Contoh Hasil Benar: | F13: =CHISQ.INV.RT(C11, C12)
B14: Cadangan 2 | C14: 1
B16: 3️⃣ 5 SOAL TES DUNIA NYATA — KERJAKAN DI KOTAK KUNING (TANPA KUNCI RUMUS / HASIL DI SINI!)
B17: 📌 Catatan Tes: Soal Tes #1 s/d #5 di bawah ini tidak menampilkan kunci rumus maupun hasil. Kunci jawaban lengkap tersedia di sheet paling terakhir (99_KUNCI_JAWABAN).
B19: 📝 SOAL TES #1: Kasus Keuangan & Akuntansi Kantor
B20: Nama Parameter | C20: Nilai Parameter | E20: Persoalan Tes #1: Hitung nilai invers distribusi menggunakan fungsi CHISQ.INV.RT dengan probabilitas di C21 dan derajat kebebasan di C22!
B21: Probabilitas (C21) | C21: 0.05 | E21: ✏️ KETIK RUMUS JAWABAN TES DI BAWAH: | F21: 📌 STATUS KOREKSI JAWABAN TES:
B22: Derajat Kebebasan (C22) | C22: 8 | F22: =IF(ISBLANK(E22), "⏳ Belum Diisi (Ketik Rumus di Sel Kuning E22)", IF(E22='99_KUNCI_JAWABAN'!F65, "✅ BENAR! JAWABAN TES TEPAT!", "❌ Belum Tepat (Cek Sheet Akhir: 99_KUNCI_JAWABAN)"))
B23: Cadangan 1 | C23: 1
B24: Cadangan 2 | C24: 1
B27: 📝 SOAL TES #2: Kasus HRD, Gaji & Lembur Karyawan
B28: Nama Parameter | C28: Nilai Parameter | E28: Persoalan Tes #2: Hitung nilai invers distribusi menggunakan fungsi CHISQ.INV.RT dengan probabilitas di C29 dan derajat kebebasan di C30!
B29: Probabilitas (C29) | C29: 0.07 | E29: ✏️ KETIK RUMUS JAWABAN TES DI BAWAH: | F29: 📌 STATUS KOREKSI JAWABAN TES:
B30: Derajat Kebebasan (C30) | C30: 9 | F30: =IF(ISBLANK(E30), "⏳ Belum Diisi (Ketik Rumus di Sel Kuning E30)", IF(E30='99_KUNCI_JAWABAN'!F66, "✅ BENAR! JAWABAN TES TEPAT!", "❌ Belum Tepat (Cek Sheet Akhir: 99_KUNCI_JAWABAN)"))
B31: Cadangan 1 | C31: 1
B32: Cadangan 2 | C32: 1
B35: 📝 SOAL TES #3: Kasus Logistik & Stok Gudang Utama
B36: Nama Parameter | C36: Nilai Parameter | E36: Persoalan Tes #3: Hitung nilai invers distribusi menggunakan fungsi CHISQ.INV.RT dengan probabilitas di C37 dan derajat kebebasan di C38!
B37: Probabilitas (C37) | C37: 0.09 | E37: ✏️ KETIK RUMUS JAWABAN TES DI BAWAH: | F37: 📌 STATUS KOREKSI JAWABAN TES:
B38: Derajat Kebebasan (C38) | C38: 10 | F38: =IF(ISBLANK(E38), "⏳ Belum Diisi (Ketik Rumus di Sel Kuning E38)", IF(E38='99_KUNCI_JAWABAN'!F67, "✅ BENAR! JAWABAN TES TEPAT!", "❌ Belum Tepat (Cek Sheet Akhir: 99_KUNCI_JAWABAN)"))
B39: Cadangan 1 | C39: 1
B40: Cadangan 2 | C40: 1
B43: 📝 SOAL TES #4: Kasus Penjualan Retail & Target Toko
B44: Nama Parameter | C44: Nilai Parameter | E44: Persoalan Tes #4: Hitung nilai invers distribusi menggunakan fungsi CHISQ.INV.RT dengan probabilitas di C45 dan derajat kebebasan di C46!
B45: Probabilitas (C45) | C45: 0.11 | E45: ✏️ KETIK RUMUS JAWABAN TES DI BAWAH: | F45: 📌 STATUS KOREKSI JAWABAN TES:
B46: Derajat Kebebasan (C46) | C46: 11 | F46: =IF(ISBLANK(E46), "⏳ Belum Diisi (Ketik Rumus di Sel Kuning E46)", IF(E46='99_KUNCI_JAWABAN'!F68, "✅ BENAR! JAWABAN TES TEPAT!", "❌ Belum Tepat (Cek Sheet Akhir: 99_KUNCI_JAWABAN)"))
B47: Cadangan 1 | C47: 1
B48: Cadangan 2 | C48: 1
B51: 📝 SOAL TES #5: Kasus Akademik Sekolah & Layanan Publik
B52: Nama Parameter | C52: Nilai Parameter | E52: Persoalan Tes #5: Hitung nilai invers distribusi menggunakan fungsi CHISQ.INV.RT dengan probabilitas di C53 dan derajat kebebasan di C54!
B53: Probabilitas (C53) | C53: 0.13 | E53: ✏️ KETIK RUMUS JAWABAN TES DI BAWAH: | F53: 📌 STATUS KOREKSI JAWABAN TES:
B54: Derajat Kebebasan (C54) | C54: 12 | F54: =IF(ISBLANK(E54), "⏳ Belum Diisi (Ketik Rumus di Sel Kuning E54)", IF(E54='99_KUNCI_JAWABAN'!F69, "✅ BENAR! JAWABAN TES TEPAT!", "❌ Belum Tepat (Cek Sheet Akhir: 99_KUNCI_JAWABAN)"))
B55: Cadangan 1 | C55: 1
B56: Cadangan 2 | C56: 1

Sheet CHITEST
B1: 📊 #014 — RUMUS EXCEL: CHITEST | Kategori: 8. Statistik & Analisis Data
B2: 1 Rumus = 1 Contoh Soal + Jawaban Benar & 5 Soal Tes Mandiri (Kunci Jawaban Ada di Sheet Paling Terakhir) | F2: ⬅️ Ke Daftar Isi (00_DAFTAR_ISI) | G2: 🔑 Ke Kunci Jawaban (Sheet Akhir)
B4: 1️⃣ IDENTITAS RUMUS & FUNGSINYA BUAT APA? (CHITEST)
B5: Nama Rumus Excel | C5: =CHITEST(...)
B6: Sintaks / Pola Umum | C6: =CHITEST(aktual_range, harapan_range)
B7: 👶 Fungsinya Buat Apa? | C7: Menghitung uji independensi Chi-Square antara data aktual dan ekspektasi.
B9: 2️⃣ 1 CONTOH SOAL & CONTOH JAWABAN BENAR (PELAJARI POLA RUMUS CHITEST DI SINI)
B10: Data Variabel 1 | C10: Data Variabel 2 | E10: ✅ 1 CONTOH SOAL BESERTA CONTOH RUMUS & HASIL JAWABAN BENAR:
B11: 60 | C11: 90 | E11: Contoh Soal: | F11: Analisis hubungan antara data pertama (B11:B14) dan data kedua (C11:C14) menggunakan fungsi CHITEST!
B12: 120 | C12: 168 | E12: Contoh Rumus Benar: | F12: '=CHITEST(B11:B14, C11:C14)
B13: 210 | C13: 240 | E13: Contoh Hasil Benar: | F13: =CHITEST(B11:B14, C11:C14)
B14: 300 | C14: 348
B16: 3️⃣ 5 SOAL TES DUNIA NYATA — KERJAKAN DI KOTAK KUNING (TANPA KUNCI RUMUS / HASIL DI SINI!)
B17: 📌 Catatan Tes: Soal Tes #1 s/d #5 di bawah ini tidak menampilkan kunci rumus maupun hasil. Kunci jawaban lengkap tersedia di sheet paling terakhir (99_KUNCI_JAWABAN).
B19: 📝 SOAL TES #1: Kasus Keuangan & Akuntansi Kantor
B20: Data Variabel 1 | C20: Data Variabel 2 | E20: Persoalan Tes #1: Analisis hubungan antara data pertama (B21:B24) dan data kedua (C21:C24) menggunakan fungsi CHITEST!
B21: 10 | C21: 15 | E21: ✏️ KETIK RUMUS JAWABAN TES DI BAWAH: | F21: 📌 STATUS KOREKSI JAWABAN TES:
B22: 20 | C22: 28 | F22: =IF(ISBLANK(E22), "⏳ Belum Diisi (Ketik Rumus di Sel Kuning E22)", IF(E22='99_KUNCI_JAWABAN'!F70, "✅ BENAR! JAWABAN TES TEPAT!", "❌ Belum Tepat (Cek Sheet Akhir: 99_KUNCI_JAWABAN)"))
B23: 35 | C23: 40
B24: 50 | C24: 58
B27: 📝 SOAL TES #2: Kasus HRD, Gaji & Lembur Karyawan
B28: Data Variabel 1 | C28: Data Variabel 2 | E28: Persoalan Tes #2: Analisis hubungan antara data pertama (B29:B32) dan data kedua (C29:C32) menggunakan fungsi CHITEST!
B29: 20 | C29: 30 | E29: ✏️ KETIK RUMUS JAWABAN TES DI BAWAH: | F29: 📌 STATUS KOREKSI JAWABAN TES:
B30: 40 | C30: 56 | F30: =IF(ISBLANK(E30), "⏳ Belum Diisi (Ketik Rumus di Sel Kuning E30)", IF(E30='99_KUNCI_JAWABAN'!F71, "✅ BENAR! JAWABAN TES TEPAT!", "❌ Belum Tepat (Cek Sheet Akhir: 99_KUNCI_JAWABAN)"))
B31: 70 | C31: 80
B32: 100 | C32: 116
B35: 📝 SOAL TES #3: Kasus Logistik & Stok Gudang Utama
B36: Data Variabel 1 | C36: Data Variabel 2 | E36: Persoalan Tes #3: Analisis hubungan antara data pertama (B37:B40) dan data kedua (C37:C40) menggunakan fungsi CHITEST!
B37: 30 | C37: 45 | E37: ✏️ KETIK RUMUS JAWABAN TES DI BAWAH: | F37: 📌 STATUS KOREKSI JAWABAN TES:
B38: 60 | C38: 84 | F38: =IF(ISBLANK(E38), "⏳ Belum Diisi (Ketik Rumus di Sel Kuning E38)", IF(E38='99_KUNCI_JAWABAN'!F72, "✅ BENAR! JAWABAN TES TEPAT!", "❌ Belum Tepat (Cek Sheet Akhir: 99_KUNCI_JAWABAN)"))
B39: 105 | C39: 120
B40: 150 | C40: 174
B43: 📝 SOAL TES #4: Kasus Penjualan Retail & Target Toko
B44: Data Variabel 1 | C44: Data Variabel 2 | E44: Persoalan Tes #4: Analisis hubungan antara data pertama (B45:B48) dan data kedua (C45:C48) menggunakan fungsi CHITEST!
B45: 40 | C45: 60 | E45: ✏️ KETIK RUMUS JAWABAN TES DI BAWAH: | F45: 📌 STATUS KOREKSI JAWABAN TES:
B46: 80 | C46: 112 | F46: =IF(ISBLANK(E46), "⏳ Belum Diisi (Ketik Rumus di Sel Kuning E46)", IF(E46='99_KUNCI_JAWABAN'!F73, "✅ BENAR! JAWABAN TES TEPAT!", "❌ Belum Tepat (Cek Sheet Akhir: 99_KUNCI_JAWABAN)"))
B47: 140 | C47: 160
B48: 200 | C48: 232
B51: 📝 SOAL TES #5: Kasus Akademik Sekolah & Layanan Publik
B52: Data Variabel 1 | C52: Data Variabel 2 | E52: Persoalan Tes #5: Analisis hubungan antara data pertama (B53:B56) dan data kedua (C53:C56) menggunakan fungsi CHITEST!
B53: 50 | C53: 75 | E53: ✏️ KETIK RUMUS JAWABAN TES DI BAWAH: | F53: 📌 STATUS KOREKSI JAWABAN TES:
B54: 100 | C54: 140 | F54: =IF(ISBLANK(E54), "⏳ Belum Diisi (Ketik Rumus di Sel Kuning E54)", IF(E54='99_KUNCI_JAWABAN'!F74, "✅ BENAR! JAWABAN TES TEPAT!", "❌ Belum Tepat (Cek Sheet Akhir: 99_KUNCI_JAWABAN)"))
B55: 175 | C55: 200
B56: 250 | C56: 290

Sheet CONFIDENCE.NORM
B1: 📊 #015 — RUMUS EXCEL: CONFIDENCE.NORM | Kategori: 8. Statistik & Analisis Data
B2: 1 Rumus = 1 Contoh Soal + Jawaban Benar & 5 Soal Tes Mandiri (Kunci Jawaban Ada di Sheet Paling Terakhir) | F2: ⬅️ Ke Daftar Isi (00_DAFTAR_ISI) | G2: 🔑 Ke Kunci Jawaban (Sheet Akhir)
B4: 1️⃣ IDENTITAS RUMUS & FUNGSINYA BUAT APA? (CONFIDENCE.NORM)
B5: Nama Rumus Excel | C5: =CONFIDENCE.NORM(...)
B6: Sintaks / Pola Umum | C6: =CONFIDENCE.NORM(alpha, standard_dev, size)
B7: 👶 Fungsinya Buat Apa? | C7: Menghitung rentang kepercayaan (margin of error) rata-rata populasi dengan distribusi normal.
B9: 2️⃣ 1 CONTOH SOAL & CONTOH JAWABAN BENAR (PELAJARI POLA RUMUS CONFIDENCE.NORM DI SINI)
B10: Parameter Kepercayaan | C10: Nilai Input | E10: ✅ 1 CONTOH SOAL BESERTA CONTOH RUMUS & HASIL JAWABAN BENAR:
B11: Alpha (C11) | C11: 0.05 | E11: Contoh Soal: | F11: Hitung rentang kepercayaan menggunakan fungsi CONFIDENCE.NORM dengan Alpha di C11, Standar Deviasi di C12, dan Ukuran Sampel di C13!
B12: Standar Deviasi (C12) | C12: 5 | E12: Contoh Rumus Benar: | F12: '=CONFIDENCE.NORM(C11, C12, C13)
B13: Ukuran Sampel n (C13) | C13: 90 | E13: Contoh Hasil Benar: | F13: =CONFIDENCE.NORM(C11, C12, C13)
B14: Cadangan | C14: 1
B16: 3️⃣ 5 SOAL TES DUNIA NYATA — KERJAKAN DI KOTAK KUNING (TANPA KUNCI RUMUS / HASIL DI SINI!)
B17: 📌 Catatan Tes: Soal Tes #1 s/d #5 di bawah ini tidak menampilkan kunci rumus maupun hasil. Kunci jawaban lengkap tersedia di sheet paling terakhir (99_KUNCI_JAWABAN).
B19: 📝 SOAL TES #1: Kasus Keuangan & Akuntansi Kantor
B20: Parameter Kepercayaan | C20: Nilai Input | E20: Persoalan Tes #1: Hitung rentang kepercayaan menggunakan fungsi CONFIDENCE.NORM dengan Alpha di C21, Standar Deviasi di C22, dan Ukuran Sampel di C23!
B21: Alpha (C21) | C21: 0.05 | E21: ✏️ KETIK RUMUS JAWABAN TES DI BAWAH: | F21: 📌 STATUS KOREKSI JAWABAN TES:
B22: Standar Deviasi (C22) | C22: 2.5 | F22: =IF(ISBLANK(E22), "⏳ Belum Diisi (Ketik Rumus di Sel Kuning E22)", IF(E22='99_KUNCI_JAWABAN'!F75, "✅ BENAR! JAWABAN TES TEPAT!", "❌ Belum Tepat (Cek Sheet Akhir: 99_KUNCI_JAWABAN)"))
B23: Ukuran Sampel n (C23) | C23: 40
B24: Cadangan | C24: 1
B27: 📝 SOAL TES #2: Kasus HRD, Gaji & Lembur Karyawan
B28: Parameter Kepercayaan | C28: Nilai Input | E28: Persoalan Tes #2: Hitung rentang kepercayaan menggunakan fungsi CONFIDENCE.NORM dengan Alpha di C29, Standar Deviasi di C30, dan Ukuran Sampel di C31!
B29: Alpha (C29) | C29: 0.05 | E29: ✏️ KETIK RUMUS JAWABAN TES DI BAWAH: | F29: 📌 STATUS KOREKSI JAWABAN TES:
B30: Standar Deviasi (C30) | C30: 3 | F30: =IF(ISBLANK(E30), "⏳ Belum Diisi (Ketik Rumus di Sel Kuning E30)", IF(E30='99_KUNCI_JAWABAN'!F76, "✅ BENAR! JAWABAN TES TEPAT!", "❌ Belum Tepat (Cek Sheet Akhir: 99_KUNCI_JAWABAN)"))
B31: Ukuran Sampel n (C31) | C31: 50
B32: Cadangan | C32: 1
B35: 📝 SOAL TES #3: Kasus Logistik & Stok Gudang Utama
B36: Parameter Kepercayaan | C36: Nilai Input | E36: Persoalan Tes #3: Hitung rentang kepercayaan menggunakan fungsi CONFIDENCE.NORM dengan Alpha di C37, Standar Deviasi di C38, dan Ukuran Sampel di C39!
B37: Alpha (C37) | C37: 0.05 | E37: ✏️ KETIK RUMUS JAWABAN TES DI BAWAH: | F37: 📌 STATUS KOREKSI JAWABAN TES:
B38: Standar Deviasi (C38) | C38: 3.5 | F38: =IF(ISBLANK(E38), "⏳ Belum Diisi (Ketik Rumus di Sel Kuning E38)", IF(E38='99_KUNCI_JAWABAN'!F77, "✅ BENAR! JAWABAN TES TEPAT!", "❌ Belum Tepat (Cek Sheet Akhir: 99_KUNCI_JAWABAN)"))
B39: Ukuran Sampel n (C39) | C39: 60
B40: Cadangan | C40: 1
B43: 📝 SOAL TES #4: Kasus Penjualan Retail & Target Toko
B44: Parameter Kepercayaan | C44: Nilai Input | E44: Persoalan Tes #4: Hitung rentang kepercayaan menggunakan fungsi CONFIDENCE.NORM dengan Alpha di C45, Standar Deviasi di C46, dan Ukuran Sampel di C47!
B45: Alpha (C45) | C45: 0.05 | E45: ✏️ KETIK RUMUS JAWABAN TES DI BAWAH: | F45: 📌 STATUS KOREKSI JAWABAN TES:
B46: Standar Deviasi (C46) | C46: 4 | F46: =IF(ISBLANK(E46), "⏳ Belum Diisi (Ketik Rumus di Sel Kuning E46)", IF(E46='99_KUNCI_JAWABAN'!F78, "✅ BENAR! JAWABAN TES TEPAT!", "❌ Belum Tepat (Cek Sheet Akhir: 99_KUNCI_JAWABAN)"))
B47: Ukuran Sampel n (C47) | C47: 70
B48: Cadangan | C48: 1
B51: 📝 SOAL TES #5: Kasus Akademik Sekolah & Layanan Publik
B52: Parameter Kepercayaan | C52: Nilai Input | E52: Persoalan Tes #5: Hitung rentang kepercayaan menggunakan fungsi CONFIDENCE.NORM dengan Alpha di C53, Standar Deviasi di C54, dan Ukuran Sampel di C55!
B53: Alpha (C53) | C53: 0.05 | E53: ✏️ KETIK RUMUS JAWABAN TES DI BAWAH: | F53: 📌 STATUS KOREKSI JAWABAN TES:
B54: Standar Deviasi (C54) | C54: 4.5 | F54: =IF(ISBLANK(E54), "⏳ Belum Diisi (Ketik Rumus di Sel Kuning E54)", IF(E54='99_KUNCI_JAWABAN'!F79, "✅ BENAR! JAWABAN TES TEPAT!", "❌ Belum Tepat (Cek Sheet Akhir: 99_KUNCI_JAWABAN)"))
B55: Ukuran Sampel n (C55) | C55: 80
B56: Cadangan | C56: 1

Sheet CONFIDENCE.T
B1: 📊 #016 — RUMUS EXCEL: CONFIDENCE.T | Kategori: 8. Statistik & Analisis Data
B2: 1 Rumus = 1 Contoh Soal + Jawaban Benar & 5 Soal Tes Mandiri (Kunci Jawaban Ada di Sheet Paling Terakhir) | F2: ⬅️ Ke Daftar Isi (00_DAFTAR_ISI) | G2: 🔑 Ke Kunci Jawaban (Sheet Akhir)
B4: 1️⃣ IDENTITAS RUMUS & FUNGSINYA BUAT APA? (CONFIDENCE.T)
B5: Nama Rumus Excel | C5: =CONFIDENCE.T(...)
B6: Sintaks / Pola Umum | C6: =CONFIDENCE.T(alpha, standard_dev, size)
B7: 👶 Fungsinya Buat Apa? | C7: Menghitung rentang kepercayaan rata-rata populasi dengan distribusi Student's t.
B9: 2️⃣ 1 CONTOH SOAL & CONTOH JAWABAN BENAR (PELAJARI POLA RUMUS CONFIDENCE.T DI SINI)
B10: Parameter Kepercayaan | C10: Nilai Input | E10: ✅ 1 CONTOH SOAL BESERTA CONTOH RUMUS & HASIL JAWABAN BENAR:
B11: Alpha (C11) | C11: 0.05 | E11: Contoh Soal: | F11: Hitung rentang kepercayaan menggunakan fungsi CONFIDENCE.T dengan Alpha di C11, Standar Deviasi di C12, dan Ukuran Sampel di C13!
B12: Standar Deviasi (C12) | C12: 5 | E12: Contoh Rumus Benar: | F12: '=CONFIDENCE.T(C11, C12, C13)
B13: Ukuran Sampel n (C13) | C13: 90 | E13: Contoh Hasil Benar: | F13: =CONFIDENCE.T(C11, C12, C13)
B14: Cadangan | C14: 1
B16: 3️⃣ 5 SOAL TES DUNIA NYATA — KERJAKAN DI KOTAK KUNING (TANPA KUNCI RUMUS / HASIL DI SINI!)
B17: 📌 Catatan Tes: Soal Tes #1 s/d #5 di bawah ini tidak menampilkan kunci rumus maupun hasil. Kunci jawaban lengkap tersedia di sheet paling terakhir (99_KUNCI_JAWABAN).
B19: 📝 SOAL TES #1: Kasus Keuangan & Akuntansi Kantor
B20: Parameter Kepercayaan | C20: Nilai Input | E20: Persoalan Tes #1: Hitung rentang kepercayaan menggunakan fungsi CONFIDENCE.T dengan Alpha di C21, Standar Deviasi di C22, dan Ukuran Sampel di C23!
B21: Alpha (C21) | C21: 0.05 | E21: ✏️ KETIK RUMUS JAWABAN TES DI BAWAH: | F21: 📌 STATUS KOREKSI JAWABAN TES:
B22: Standar Deviasi (C22) | C22: 2.5 | F22: =IF(ISBLANK(E22), "⏳ Belum Diisi (Ketik Rumus di Sel Kuning E22)", IF(E22='99_KUNCI_JAWABAN'!F80, "✅ BENAR! JAWABAN TES TEPAT!", "❌ Belum Tepat (Cek Sheet Akhir: 99_KUNCI_JAWABAN)"))
B23: Ukuran Sampel n (C23) | C23: 40
B24: Cadangan | C24: 1
B27: 📝 SOAL TES #2: Kasus HRD, Gaji & Lembur Karyawan
B28: Parameter Kepercayaan | C28: Nilai Input | E28: Persoalan Tes #2: Hitung rentang kepercayaan menggunakan fungsi CONFIDENCE.T dengan Alpha di C29, Standar Deviasi di C30, dan Ukuran Sampel di C31!
B29: Alpha (C29) | C29: 0.05 | E29: ✏️ KETIK RUMUS JAWABAN TES DI BAWAH: | F29: 📌 STATUS KOREKSI JAWABAN TES:
B30: Standar Deviasi (C30) | C30: 3 | F30: =IF(ISBLANK(E30), "⏳ Belum Diisi (Ketik Rumus di Sel Kuning E30)", IF(E30='99_KUNCI_JAWABAN'!F81, "✅ BENAR! JAWABAN TES TEPAT!", "❌ Belum Tepat (Cek Sheet Akhir: 99_KUNCI_JAWABAN)"))
B31: Ukuran Sampel n (C31) | C31: 50
B32: Cadangan | C32: 1
B35: 📝 SOAL TES #3: Kasus Logistik & Stok Gudang Utama
B36: Parameter Kepercayaan | C36: Nilai Input | E36: Persoalan Tes #3: Hitung rentang kepercayaan menggunakan fungsi CONFIDENCE.T dengan Alpha di C37, Standar Deviasi di C38, dan Ukuran Sampel di C39!
B37: Alpha (C37) | C37: 0.05 | E37: ✏️ KETIK RUMUS JAWABAN TES DI BAWAH: | F37: 📌 STATUS KOREKSI JAWABAN TES:
B38: Standar Deviasi (C38) | C38: 3.5 | F38: =IF(ISBLANK(E38), "⏳ Belum Diisi (Ketik Rumus di Sel Kuning E38)", IF(E38='99_KUNCI_JAWABAN'!F82, "✅ BENAR! JAWABAN TES TEPAT!", "❌ Belum Tepat (Cek Sheet Akhir: 99_KUNCI_JAWABAN)"))
B39: Ukuran Sampel n (C39) | C39: 60
B40: Cadangan | C40: 1
B43: 📝 SOAL TES #4: Kasus Penjualan Retail & Target Toko
B44: Parameter Kepercayaan | C44: Nilai Input | E44: Persoalan Tes #4: Hitung rentang kepercayaan menggunakan fungsi CONFIDENCE.T dengan Alpha di C45, Standar Deviasi di C46, dan Ukuran Sampel di C47!
B45: Alpha (C45) | C45: 0.05 | E45: ✏️ KETIK RUMUS JAWABAN TES DI BAWAH: | F45: 📌 STATUS KOREKSI JAWABAN TES:
B46: Standar Deviasi (C46) | C46: 4 | F46: =IF(ISBLANK(E46), "⏳ Belum Diisi (Ketik Rumus di Sel Kuning E46)", IF(E46='99_KUNCI_JAWABAN'!F83, "✅ BENAR! JAWABAN TES TEPAT!", "❌ Belum Tepat (Cek Sheet Akhir: 99_KUNCI_JAWABAN)"))
B47: Ukuran Sampel n (C47) | C47: 70
B48: Cadangan | C48: 1
B51: 📝 SOAL TES #5: Kasus Akademik Sekolah & Layanan Publik
B52: Parameter Kepercayaan | C52: Nilai Input | E52: Persoalan Tes #5: Hitung rentang kepercayaan menggunakan fungsi CONFIDENCE.T dengan Alpha di C53, Standar Deviasi di C54, dan Ukuran Sampel di C55!
B53: Alpha (C53) | C53: 0.05 | E53: ✏️ KETIK RUMUS JAWABAN TES DI BAWAH: | F53: 📌 STATUS KOREKSI JAWABAN TES:
B54: Standar Deviasi (C54) | C54: 4.5 | F54: =IF(ISBLANK(E54), "⏳ Belum Diisi (Ketik Rumus di Sel Kuning E54)", IF(E54='99_KUNCI_JAWABAN'!F84, "✅ BENAR! JAWABAN TES TEPAT!", "❌ Belum Tepat (Cek Sheet Akhir: 99_KUNCI_JAWABAN)"))
B55: Ukuran Sampel n (C55) | C55: 80
B56: Cadangan | C56: 1

Sheet CORREL
B1: 📊 #017 — RUMUS EXCEL: CORREL | Kategori: 8. Statistik & Analisis Data
B2: 1 Rumus = 1 Contoh Soal + Jawaban Benar & 5 Soal Tes Mandiri (Kunci Jawaban Ada di Sheet Paling Terakhir) | F2: ⬅️ Ke Daftar Isi (00_DAFTAR_ISI) | G2: 🔑 Ke Kunci Jawaban (Sheet Akhir)
B4: 1️⃣ IDENTITAS RUMUS & FUNGSINYA BUAT APA? (CORREL)
B5: Nama Rumus Excel | C5: =CORREL(...)
B6: Sintaks / Pola Umum | C6: =CORREL(range_x, range_y)
B7: 👶 Fungsinya Buat Apa? | C7: Mengukur koefisien korelasi (-1 s/d +1) antara dua variabel.
B9: 2️⃣ 1 CONTOH SOAL & CONTOH JAWABAN BENAR (PELAJARI POLA RUMUS CORREL DI SINI)
B10: Data Variabel 1 | C10: Data Variabel 2 | E10: ✅ 1 CONTOH SOAL BESERTA CONTOH RUMUS & HASIL JAWABAN BENAR:
B11: 60 | C11: 90 | E11: Contoh Soal: | F11: Analisis hubungan antara data pertama (B11:B14) dan data kedua (C11:C14) menggunakan fungsi CORREL!
B12: 120 | C12: 168 | E12: Contoh Rumus Benar: | F12: '=CORREL(B11:B14, C11:C14)
B13: 210 | C13: 240 | E13: Contoh Hasil Benar: | F13: =CORREL(B11:B14, C11:C14)
B14: 300 | C14: 348
B16: 3️⃣ 5 SOAL TES DUNIA NYATA — KERJAKAN DI KOTAK KUNING (TANPA KUNCI RUMUS / HASIL DI SINI!)
B17: 📌 Catatan Tes: Soal Tes #1 s/d #5 di bawah ini tidak menampilkan kunci rumus maupun hasil. Kunci jawaban lengkap tersedia di sheet paling terakhir (99_KUNCI_JAWABAN).
B19: 📝 SOAL TES #1: Kasus Keuangan & Akuntansi Kantor
B20: Data Variabel 1 | C20: Data Variabel 2 | E20: Persoalan Tes #1: Analisis hubungan antara data pertama (B21:B24) dan data kedua (C21:C24) menggunakan fungsi CORREL!
B21: 10 | C21: 15 | E21: ✏️ KETIK RUMUS JAWABAN TES DI BAWAH: | F21: 📌 STATUS KOREKSI JAWABAN TES:
B22: 20 | C22: 28 | F22: =IF(ISBLANK(E22), "⏳ Belum Diisi (Ketik Rumus di Sel Kuning E22)", IF(E22='99_KUNCI_JAWABAN'!F85, "✅ BENAR! JAWABAN TES TEPAT!", "❌ Belum Tepat (Cek Sheet Akhir: 99_KUNCI_JAWABAN)"))
B23: 35 | C23: 40
B24: 50 | C24: 58
B27: 📝 SOAL TES #2: Kasus HRD, Gaji & Lembur Karyawan
B28: Data Variabel 1 | C28: Data Variabel 2 | E28: Persoalan Tes #2: Analisis hubungan antara data pertama (B29:B32) dan data kedua (C29:C32) menggunakan fungsi CORREL!
B29: 20 | C29: 30 | E29: ✏️ KETIK RUMUS JAWABAN TES DI BAWAH: | F29: 📌 STATUS KOREKSI JAWABAN TES:
B30: 40 | C30: 56 | F30: =IF(ISBLANK(E30), "⏳ Belum Diisi (Ketik Rumus di Sel Kuning E30)", IF(E30='99_KUNCI_JAWABAN'!F86, "✅ BENAR! JAWABAN TES TEPAT!", "❌ Belum Tepat (Cek Sheet Akhir: 99_KUNCI_JAWABAN)"))
B31: 70 | C31: 80
B32: 100 | C32: 116
B35: 📝 SOAL TES #3: Kasus Logistik & Stok Gudang Utama
B36: Data Variabel 1 | C36: Data Variabel 2 | E36: Persoalan Tes #3: Analisis hubungan antara data pertama (B37:B40) dan data kedua (C37:C40) menggunakan fungsi CORREL!
B37: 30 | C37: 45 | E37: ✏️ KETIK RUMUS JAWABAN TES DI BAWAH: | F37: 📌 STATUS KOREKSI JAWABAN TES:
B38: 60 | C38: 84 | F38: =IF(ISBLANK(E38), "⏳ Belum Diisi (Ketik Rumus di Sel Kuning E38)", IF(E38='99_KUNCI_JAWABAN'!F87, "✅ BENAR! JAWABAN TES TEPAT!", "❌ Belum Tepat (Cek Sheet Akhir: 99_KUNCI_JAWABAN)"))
B39: 105 | C39: 120
B40: 150 | C40: 174
B43: 📝 SOAL TES #4: Kasus Penjualan Retail & Target Toko
B44: Data Variabel 1 | C44: Data Variabel 2 | E44: Persoalan Tes #4: Analisis hubungan antara data pertama (B45:B48) dan data kedua (C45:C48) menggunakan fungsi CORREL!
B45: 40 | C45: 60 | E45: ✏️ KETIK RUMUS JAWABAN TES DI BAWAH: | F45: 📌 STATUS KOREKSI JAWABAN TES:
B46: 80 | C46: 112 | F46: =IF(ISBLANK(E46), "⏳ Belum Diisi (Ketik Rumus di Sel Kuning E46)", IF(E46='99_KUNCI_JAWABAN'!F88, "✅ BENAR! JAWABAN TES TEPAT!", "❌ Belum Tepat (Cek Sheet Akhir: 99_KUNCI_JAWABAN)"))
B47: 140 | C47: 160
B48: 200 | C48: 232
B51: 📝 SOAL TES #5: Kasus Akademik Sekolah & Layanan Publik
B52: Data Variabel 1 | C52: Data Variabel 2 | E52: Persoalan Tes #5: Analisis hubungan antara data pertama (B53:B56) dan data kedua (C53:C56) menggunakan fungsi CORREL!
B53: 50 | C53: 75 | E53: ✏️ KETIK RUMUS JAWABAN TES DI BAWAH: | F53: 📌 STATUS KOREKSI JAWABAN TES:
B54: 100 | C54: 140 | F54: =IF(ISBLANK(E54), "⏳ Belum Diisi (Ketik Rumus di Sel Kuning E54)", IF(E54='99_KUNCI_JAWABAN'!F89, "✅ BENAR! JAWABAN TES TEPAT!", "❌ Belum Tepat (Cek Sheet Akhir: 99_KUNCI_JAWABAN)"))
B55: 175 | C55: 200
B56: 250 | C56: 290

Sheet COUNT
B1: 📊 #018 — RUMUS EXCEL: COUNT | Kategori: 8. Statistik & Analisis Data
B2: 1 Rumus = 1 Contoh Soal + Jawaban Benar & 5 Soal Tes Mandiri (Kunci Jawaban Ada di Sheet Paling Terakhir) | F2: ⬅️ Ke Daftar Isi (00_DAFTAR_ISI) | G2: 🔑 Ke Kunci Jawaban (Sheet Akhir)
B4: 1️⃣ IDENTITAS RUMUS & FUNGSINYA BUAT APA? (COUNT)
B5: Nama Rumus Excel | C5: =COUNT(...)
B6: Sintaks / Pola Umum | C6: =COUNT(range_data)
B7: 👶 Fungsinya Buat Apa? | C7: Menghitung ada berapa banyak sel yang berisi ANGKA saja.
B9: 2️⃣ 1 CONTOH SOAL & CONTOH JAWABAN BENAR (PELAJARI POLA RUMUS COUNT DI SINI)
B10: Nama Unit / Kategori | C10: Nilai Data | E10: ✅ 1 CONTOH SOAL BESERTA CONTOH RUMUS & HASIL JAWABAN BENAR:
B11: Simulasi Unit A | C11: 500000 | E11: Contoh Soal: | F11: Hitung hasil pengolahan fungsi COUNT untuk keempat baris data pada rentang C11:C14!
B12: Simulasi Unit B | C12: 750000 | E12: Contoh Rumus Benar: | F12: '=COUNT(C11:C14)
B13: Simulasi Unit C | C13: 600000 | E13: Contoh Hasil Benar: | F13: =COUNT(C11:C14)
B14: Simulasi Unit D | C14: 950000
B16: 3️⃣ 5 SOAL TES DUNIA NYATA — KERJAKAN DI KOTAK KUNING (TANPA KUNCI RUMUS / HASIL DI SINI!)
B17: 📌 Catatan Tes: Soal Tes #1 s/d #5 di bawah ini tidak menampilkan kunci rumus maupun hasil. Kunci jawaban lengkap tersedia di sheet paling terakhir (99_KUNCI_JAWABAN).
B19: 📝 SOAL TES #1: Kasus Keuangan & Akuntansi Kantor
B20: Nama Unit / Kategori | C20: Nilai Data | E20: Persoalan Tes #1: Hitung hasil pengolahan fungsi COUNT untuk keempat baris data pada rentang C21:C24!
B21: Cabang Jakarta | C21: 1250000 | E21: ✏️ KETIK RUMUS JAWABAN TES DI BAWAH: | F21: 📌 STATUS KOREKSI JAWABAN TES:
B22: Cabang Bandung | C22: 1850000 | F22: =IF(ISBLANK(E22), "⏳ Belum Diisi (Ketik Rumus di Sel Kuning E22)", IF(E22='99_KUNCI_JAWABAN'!F90, "✅ BENAR! JAWABAN TES TEPAT!", "❌ Belum Tepat (Cek Sheet Akhir: 99_KUNCI_JAWABAN)"))
B23: Cabang Surabaya | C23: 2100000
B24: Cabang Medan | C24: 1600000
B27: 📝 SOAL TES #2: Kasus HRD, Gaji & Lembur Karyawan
B28: Nama Unit / Kategori | C28: Nilai Data | E28: Persoalan Tes #2: Hitung hasil pengolahan fungsi COUNT untuk keempat baris data pada rentang C29:C32!
B29: Budi Santoso | C29: 4500000 | E29: ✏️ KETIK RUMUS JAWABAN TES DI BAWAH: | F29: 📌 STATUS KOREKSI JAWABAN TES:
B30: Siti Aminah | C30: 5200000 | F30: =IF(ISBLANK(E30), "⏳ Belum Diisi (Ketik Rumus di Sel Kuning E30)", IF(E30='99_KUNCI_JAWABAN'!F91, "✅ BENAR! JAWABAN TES TEPAT!", "❌ Belum Tepat (Cek Sheet Akhir: 99_KUNCI_JAWABAN)"))
B31: Andi Pratama | C31: 4800000
B32: Rina Wijaya | C32: 6100000
B35: 📝 SOAL TES #3: Kasus Logistik & Stok Gudang Utama
B36: Nama Unit / Kategori | C36: Nilai Data | E36: Persoalan Tes #3: Hitung hasil pengolahan fungsi COUNT untuk keempat baris data pada rentang C37:C40!
B37: Gudang Blok A | C37: 240 | E37: ✏️ KETIK RUMUS JAWABAN TES DI BAWAH: | F37: 📌 STATUS KOREKSI JAWABAN TES:
B38: Gudang Blok B | C38: 380 | F38: =IF(ISBLANK(E38), "⏳ Belum Diisi (Ketik Rumus di Sel Kuning E38)", IF(E38='99_KUNCI_JAWABAN'!F92, "✅ BENAR! JAWABAN TES TEPAT!", "❌ Belum Tepat (Cek Sheet Akhir: 99_KUNCI_JAWABAN)"))
B39: Gudang Blok C | C39: 195
B40: Gudang Blok D | C40: 425
B43: 📝 SOAL TES #4: Kasus Penjualan Retail & Target Toko
B44: Nama Unit / Kategori | C44: Nilai Data | E44: Persoalan Tes #4: Hitung hasil pengolahan fungsi COUNT untuk keempat baris data pada rentang C45:C48!
B45: Toko Elektronik | C45: 85 | E45: ✏️ KETIK RUMUS JAWABAN TES DI BAWAH: | F45: 📌 STATUS KOREKSI JAWABAN TES:
B46: Toko Komputer | C46: 92 | F46: =IF(ISBLANK(E46), "⏳ Belum Diisi (Ketik Rumus di Sel Kuning E46)", IF(E46='99_KUNCI_JAWABAN'!F93, "✅ BENAR! JAWABAN TES TEPAT!", "❌ Belum Tepat (Cek Sheet Akhir: 99_KUNCI_JAWABAN)"))
B47: Toko Aksesoris | C47: 78
B48: Toko Servis | C48: 95
B51: 📝 SOAL TES #5: Kasus Akademik Sekolah & Layanan Publik
B52: Nama Unit / Kategori | C52: Nilai Data | E52: Persoalan Tes #5: Hitung hasil pengolahan fungsi COUNT untuk keempat baris data pada rentang C53:C56!
B53: Kelas 10 IPA | C53: 82 | E53: ✏️ KETIK RUMUS JAWABAN TES DI BAWAH: | F53: 📌 STATUS KOREKSI JAWABAN TES:
B54: Kelas 11 IPA | C54: 88 | F54: =IF(ISBLANK(E54), "⏳ Belum Diisi (Ketik Rumus di Sel Kuning E54)", IF(E54='99_KUNCI_JAWABAN'!F94, "✅ BENAR! JAWABAN TES TEPAT!", "❌ Belum Tepat (Cek Sheet Akhir: 99_KUNCI_JAWABAN)"))
B55: Kelas 12 IPA | C55: 91
B56: Kelas Unggulan | C56: 79

Sheet COUNTA
B1: 📊 #019 — RUMUS EXCEL: COUNTA | Kategori: 8. Statistik & Analisis Data
B2: 1 Rumus = 1 Contoh Soal + Jawaban Benar & 5 Soal Tes Mandiri (Kunci Jawaban Ada di Sheet Paling Terakhir) | F2: ⬅️ Ke Daftar Isi (00_DAFTAR_ISI) | G2: 🔑 Ke Kunci Jawaban (Sheet Akhir)
B4: 1️⃣ IDENTITAS RUMUS & FUNGSINYA BUAT APA? (COUNTA)
B5: Nama Rumus Excel | C5: =COUNTA(...)
B6: Sintaks / Pola Umum | C6: =COUNTA(range_data)
B7: 👶 Fungsinya Buat Apa? | C7: Menghitung berapa banyak sel yang TIDAK KOSONG (berisi angka maupun teks).
B9: 2️⃣ 1 CONTOH SOAL & CONTOH JAWABAN BENAR (PELAJARI POLA RUMUS COUNTA DI SINI)
B10: Nama Unit / Kategori | C10: Nilai Data | E10: ✅ 1 CONTOH SOAL BESERTA CONTOH RUMUS & HASIL JAWABAN BENAR:
B11: Simulasi Unit A | C11: 500000 | E11: Contoh Soal: | F11: Hitung hasil pengolahan fungsi COUNTA untuk keempat baris data pada rentang C11:C14!
B12: Simulasi Unit B | C12: 750000 | E12: Contoh Rumus Benar: | F12: '=COUNTA(C11:C14)
B13: Simulasi Unit C | C13: 600000 | E13: Contoh Hasil Benar: | F13: =COUNTA(C11:C14)
B14: Simulasi Unit D | C14: 950000
B16: 3️⃣ 5 SOAL TES DUNIA NYATA — KERJAKAN DI KOTAK KUNING (TANPA KUNCI RUMUS / HASIL DI SINI!)
B17: 📌 Catatan Tes: Soal Tes #1 s/d #5 di bawah ini tidak menampilkan kunci rumus maupun hasil. Kunci jawaban lengkap tersedia di sheet paling terakhir (99_KUNCI_JAWABAN).
B19: 📝 SOAL TES #1: Kasus Keuangan & Akuntansi Kantor
B20: Nama Unit / Kategori | C20: Nilai Data | E20: Persoalan Tes #1: Hitung hasil pengolahan fungsi COUNTA untuk keempat baris data pada rentang C21:C24!
B21: Cabang Jakarta | C21: 1250000 | E21: ✏️ KETIK RUMUS JAWABAN TES DI BAWAH: | F21: 📌 STATUS KOREKSI JAWABAN TES:
B22: Cabang Bandung | C22: 1850000 | F22: =IF(ISBLANK(E22), "⏳ Belum Diisi (Ketik Rumus di Sel Kuning E22)", IF(E22='99_KUNCI_JAWABAN'!F95, "✅ BENAR! JAWABAN TES TEPAT!", "❌ Belum Tepat (Cek Sheet Akhir: 99_KUNCI_JAWABAN)"))
B23: Cabang Surabaya | C23: 2100000
B24: Cabang Medan | C24: 1600000
B27: 📝 SOAL TES #2: Kasus HRD, Gaji & Lembur Karyawan
B28: Nama Unit / Kategori | C28: Nilai Data | E28: Persoalan Tes #2: Hitung hasil pengolahan fungsi COUNTA untuk keempat baris data pada rentang C29:C32!
B29: Budi Santoso | C29: 4500000 | E29: ✏️ KETIK RUMUS JAWABAN TES DI BAWAH: | F29: 📌 STATUS KOREKSI JAWABAN TES:
B30: Siti Aminah | C30: 5200000 | F30: =IF(ISBLANK(E30), "⏳ Belum Diisi (Ketik Rumus di Sel Kuning E30)", IF(E30='99_KUNCI_JAWABAN'!F96, "✅ BENAR! JAWABAN TES TEPAT!", "❌ Belum Tepat (Cek Sheet Akhir: 99_KUNCI_JAWABAN)"))
B31: Andi Pratama | C31: 4800000
B32: Rina Wijaya | C32: 6100000
B35: 📝 SOAL TES #3: Kasus Logistik & Stok Gudang Utama
B36: Nama Unit / Kategori | C36: Nilai Data | E36: Persoalan Tes #3: Hitung hasil pengolahan fungsi COUNTA untuk keempat baris data pada rentang C37:C40!
B37: Gudang Blok A | C37: 240 | E37: ✏️ KETIK RUMUS JAWABAN TES DI BAWAH: | F37: 📌 STATUS KOREKSI JAWABAN TES:
B38: Gudang Blok B | C38: 380 | F38: =IF(ISBLANK(E38), "⏳ Belum Diisi (Ketik Rumus di Sel Kuning E38)", IF(E38='99_KUNCI_JAWABAN'!F97, "✅ BENAR! JAWABAN TES TEPAT!", "❌ Belum Tepat (Cek Sheet Akhir: 99_KUNCI_JAWABAN)"))
B39: Gudang Blok C | C39: 195
B40: Gudang Blok D | C40: 425
B43: 📝 SOAL TES #4: Kasus Penjualan Retail & Target Toko
B44: Nama Unit / Kategori | C44: Nilai Data | E44: Persoalan Tes #4: Hitung hasil pengolahan fungsi COUNTA untuk keempat baris data pada rentang C45:C48!
B45: Toko Elektronik | C45: 85 | E45: ✏️ KETIK RUMUS JAWABAN TES DI BAWAH: | F45: 📌 STATUS KOREKSI JAWABAN TES:
B46: Toko Komputer | C46: 92 | F46: =IF(ISBLANK(E46), "⏳ Belum Diisi (Ketik Rumus di Sel Kuning E46)", IF(E46='99_KUNCI_JAWABAN'!F98, "✅ BENAR! JAWABAN TES TEPAT!", "❌ Belum Tepat (Cek Sheet Akhir: 99_KUNCI_JAWABAN)"))
B47: Toko Aksesoris | C47: 78
B48: Toko Servis | C48: 95
B51: 📝 SOAL TES #5: Kasus Akademik Sekolah & Layanan Publik
B52: Nama Unit / Kategori | C52: Nilai Data | E52: Persoalan Tes #5: Hitung hasil pengolahan fungsi COUNTA untuk keempat baris data pada rentang C53:C56!
B53: Kelas 10 IPA | C53: 82 | E53: ✏️ KETIK RUMUS JAWABAN TES DI BAWAH: | F53: 📌 STATUS KOREKSI JAWABAN TES:
B54: Kelas 11 IPA | C54: 88 | F54: =IF(ISBLANK(E54), "⏳ Belum Diisi (Ketik Rumus di Sel Kuning E54)", IF(E54='99_KUNCI_JAWABAN'!F99, "✅ BENAR! JAWABAN TES TEPAT!", "❌ Belum Tepat (Cek Sheet Akhir: 99_KUNCI_JAWABAN)"))
B55: Kelas 12 IPA | C55: 91
B56: Kelas Unggulan | C56: 79

Sheet COUNTBLANK
B1: 📊 #020 — RUMUS EXCEL: COUNTBLANK | Kategori: 8. Statistik & Analisis Data
B2: 1 Rumus = 1 Contoh Soal + Jawaban Benar & 5 Soal Tes Mandiri (Kunci Jawaban Ada di Sheet Paling Terakhir) | F2: ⬅️ Ke Daftar Isi (00_DAFTAR_ISI) | G2: 🔑 Ke Kunci Jawaban (Sheet Akhir)
B4: 1️⃣ IDENTITAS RUMUS & FUNGSINYA BUAT APA? (COUNTBLANK)
B5: Nama Rumus Excel | C5: =COUNTBLANK(...)
B6: Sintaks / Pola Umum | C6: =COUNTBLANK(range_data)
B7: 👶 Fungsinya Buat Apa? | C7: Menghitung berapa banyak sel yang masih KOSONG (belum diisi).
B9: 2️⃣ 1 CONTOH SOAL & CONTOH JAWABAN BENAR (PELAJARI POLA RUMUS COUNTBLANK DI SINI)
B10: Unit / Peserta | C10: Data Terisi | E10: ✅ 1 CONTOH SOAL BESERTA CONTOH RUMUS & HASIL JAWABAN BENAR:
B11: Simulasi Unit A | C11: 500000 | E11: Contoh Soal: | F11: Hitung berapa banyak sel yang masih kosong pada rentang data C11:C14 menggunakan fungsi COUNTBLANK!
B12: Simulasi Unit B | E12: Contoh Rumus Benar: | F12: '=COUNTBLANK(C11:C14)
B13: Simulasi Unit C | C13: 600000 | E13: Contoh Hasil Benar: | F13: =COUNTBLANK(C11:C14)
B14: Simulasi Unit D
B16: 3️⃣ 5 SOAL TES DUNIA NYATA — KERJAKAN DI KOTAK KUNING (TANPA KUNCI RUMUS / HASIL DI SINI!)
B17: 📌 Catatan Tes: Soal Tes #1 s/d #5 di bawah ini tidak menampilkan kunci rumus maupun hasil. Kunci jawaban lengkap tersedia di sheet paling terakhir (99_KUNCI_JAWABAN).
B19: 📝 SOAL TES #1: Kasus Keuangan & Akuntansi Kantor
B20: Unit / Peserta | C20: Data Terisi | E20: Persoalan Tes #1: Hitung berapa banyak sel yang masih kosong pada rentang data C21:C24 menggunakan fungsi COUNTBLANK!
B21: Cabang Jakarta | C21: 1250000 | E21: ✏️ KETIK RUMUS JAWABAN TES DI BAWAH: | F21: 📌 STATUS KOREKSI JAWABAN TES:
B22: Cabang Bandung | F22: =IF(ISBLANK(E22), "⏳ Belum Diisi (Ketik Rumus di Sel Kuning E22)", IF(E22='99_KUNCI_JAWABAN'!F100, "✅ BENAR! JAWABAN TES TEPAT!", "❌ Belum Tepat (Cek Sheet Akhir: 99_KUNCI_JAWABAN)"))
B23: Cabang Surabaya | C23: 2100000
B24: Cabang Medan
B27: 📝 SOAL TES #2: Kasus HRD, Gaji & Lembur Karyawan
B28: Unit / Peserta | C28: Data Terisi | E28: Persoalan Tes #2: Hitung berapa banyak sel yang masih kosong pada rentang data C29:C32 menggunakan fungsi COUNTBLANK!
B29: Budi Santoso | C29: 4500000 | E29: ✏️ KETIK RUMUS JAWABAN TES DI BAWAH: | F29: 📌 STATUS KOREKSI JAWABAN TES:
B30: Siti Aminah | F30: =IF(ISBLANK(E30), "⏳ Belum Diisi (Ketik Rumus di Sel Kuning E30)", IF(E30='99_KUNCI_JAWABAN'!F101, "✅ BENAR! JAWABAN TES TEPAT!", "❌ Belum Tepat (Cek Sheet Akhir: 99_KUNCI_JAWABAN)"))
B31: Andi Pratama | C31: 4800000
B32: Rina Wijaya
B35: 📝 SOAL TES #3: Kasus Logistik & Stok Gudang Utama
B36: Unit / Peserta | C36: Data Terisi | E36: Persoalan Tes #3: Hitung berapa banyak sel yang masih kosong pada rentang data C37:C40 menggunakan fungsi COUNTBLANK!
B37: Gudang Blok A | C37: 240 | E37: ✏️ KETIK RUMUS JAWABAN TES DI BAWAH: | F37: 📌 STATUS KOREKSI JAWABAN TES:
B38: Gudang Blok B | F38: =IF(ISBLANK(E38), "⏳ Belum Diisi (Ketik Rumus di Sel Kuning E38)", IF(E38='99_KUNCI_JAWABAN'!F102, "✅ BENAR! JAWABAN TES TEPAT!", "❌ Belum Tepat (Cek Sheet Akhir: 99_KUNCI_JAWABAN)"))
B39: Gudang Blok C | C39: 195
B40: Gudang Blok D
B43: 📝 SOAL TES #4: Kasus Penjualan Retail & Target Toko
B44: Unit / Peserta | C44: Data Terisi | E44: Persoalan Tes #4: Hitung berapa banyak sel yang masih kosong pada rentang data C45:C48 menggunakan fungsi COUNTBLANK!
B45: Toko Elektronik | C45: 85 | E45: ✏️ KETIK RUMUS JAWABAN TES DI BAWAH: | F45: 📌 STATUS KOREKSI JAWABAN TES:
B46: Toko Komputer | F46: =IF(ISBLANK(E46), "⏳ Belum Diisi (Ketik Rumus di Sel Kuning E46)", IF(E46='99_KUNCI_JAWABAN'!F103, "✅ BENAR! JAWABAN TES TEPAT!", "❌ Belum Tepat (Cek Sheet Akhir: 99_KUNCI_JAWABAN)"))
B47: Toko Aksesoris | C47: 78
B48: Toko Servis
B51: 📝 SOAL TES #5: Kasus Akademik Sekolah & Layanan Publik
B52: Unit / Peserta | C52: Data Terisi | E52: Persoalan Tes #5: Hitung berapa banyak sel yang masih kosong pada rentang data C53:C56 menggunakan fungsi COUNTBLANK!
B53: Kelas 10 IPA | C53: 82 | E53: ✏️ KETIK RUMUS JAWABAN TES DI BAWAH: | F53: 📌 STATUS KOREKSI JAWABAN TES:
B54: Kelas 11 IPA | F54: =IF(ISBLANK(E54), "⏳ Belum Diisi (Ketik Rumus di Sel Kuning E54)", IF(E54='99_KUNCI_JAWABAN'!F104, "✅ BENAR! JAWABAN TES TEPAT!", "❌ Belum Tepat (Cek Sheet Akhir: 99_KUNCI_JAWABAN)"))
B55: Kelas 12 IPA | C55: 91
B56: Kelas Unggulan

Sheet COUNTIF
B1: 📊 #021 — RUMUS EXCEL: COUNTIF | Kategori: 8. Statistik & Analisis Data
B2: 1 Rumus = 1 Contoh Soal + Jawaban Benar & 5 Soal Tes Mandiri (Kunci Jawaban Ada di Sheet Paling Terakhir) | F2: ⬅️ Ke Daftar Isi (00_DAFTAR_ISI) | G2: 🔑 Ke Kunci Jawaban (Sheet Akhir)
B4: 1️⃣ IDENTITAS RUMUS & FUNGSINYA BUAT APA? (COUNTIF)
B5: Nama Rumus Excel | C5: =COUNTIF(...)
B6: Sintaks / Pola Umum | C6: =COUNTIF(range_data, syarat)
B7: 👶 Fungsinya Buat Apa? | C7: Menghitung jumlah sel yang memenuhi 1 kriteria tertentu.
B9: 2️⃣ 1 CONTOH SOAL & CONTOH JAWABAN BENAR (PELAJARI POLA RUMUS COUNTIF DI SINI)
B10: Status Evaluasi | C10: Skor Nilai | E10: ✅ 1 CONTOH SOAL BESERTA CONTOH RUMUS & HASIL JAWABAN BENAR:
B11: Lulus | C11: 90 | E11: Contoh Soal: | F11: Hitung berapa banyak peserta yang berstatus "Lulus" pada rentang B11:B14 menggunakan fungsi COUNTIF!
B12: Remedial | C12: 65 | E12: Contoh Rumus Benar: | F12: '=COUNTIF(B11:B14, "Lulus")
B13: Lulus | C13: 90 | E13: Contoh Hasil Benar: | F13: =COUNTIF(B11:B14, "Lulus")
B14: Lulus | C14: 88
B16: 3️⃣ 5 SOAL TES DUNIA NYATA — KERJAKAN DI KOTAK KUNING (TANPA KUNCI RUMUS / HASIL DI SINI!)
B17: 📌 Catatan Tes: Soal Tes #1 s/d #5 di bawah ini tidak menampilkan kunci rumus maupun hasil. Kunci jawaban lengkap tersedia di sheet paling terakhir (99_KUNCI_JAWABAN).
B19: 📝 SOAL TES #1: Kasus Keuangan & Akuntansi Kantor
B20: Status Evaluasi | C20: Skor Nilai | E20: Persoalan Tes #1: Hitung berapa banyak peserta yang berstatus "Lulus" pada rentang B21:B24 menggunakan fungsi COUNTIF!
B21: Lulus | C21: 85 | E21: ✏️ KETIK RUMUS JAWABAN TES DI BAWAH: | F21: 📌 STATUS KOREKSI JAWABAN TES:
B22: Remedial | C22: 65 | F22: =IF(ISBLANK(E22), "⏳ Belum Diisi (Ketik Rumus di Sel Kuning E22)", IF(E22='99_KUNCI_JAWABAN'!F105, "✅ BENAR! JAWABAN TES TEPAT!", "❌ Belum Tepat (Cek Sheet Akhir: 99_KUNCI_JAWABAN)"))
B23: Lulus | C23: 90
B24: Lulus | C24: 88
B27: 📝 SOAL TES #2: Kasus HRD, Gaji & Lembur Karyawan
B28: Status Evaluasi | C28: Skor Nilai | E28: Persoalan Tes #2: Hitung berapa banyak peserta yang berstatus "Lulus" pada rentang B29:B32 menggunakan fungsi COUNTIF!
B29: Lulus | C29: 86 | E29: ✏️ KETIK RUMUS JAWABAN TES DI BAWAH: | F29: 📌 STATUS KOREKSI JAWABAN TES:
B30: Remedial | C30: 65 | F30: =IF(ISBLANK(E30), "⏳ Belum Diisi (Ketik Rumus di Sel Kuning E30)", IF(E30='99_KUNCI_JAWABAN'!F106, "✅ BENAR! JAWABAN TES TEPAT!", "❌ Belum Tepat (Cek Sheet Akhir: 99_KUNCI_JAWABAN)"))
B31: Lulus | C31: 90
B32: Lulus | C32: 88
B35: 📝 SOAL TES #3: Kasus Logistik & Stok Gudang Utama
B36: Status Evaluasi | C36: Skor Nilai | E36: Persoalan Tes #3: Hitung berapa banyak peserta yang berstatus "Lulus" pada rentang B37:B40 menggunakan fungsi COUNTIF!
B37: Lulus | C37: 87 | E37: ✏️ KETIK RUMUS JAWABAN TES DI BAWAH: | F37: 📌 STATUS KOREKSI JAWABAN TES:
B38: Remedial | C38: 65 | F38: =IF(ISBLANK(E38), "⏳ Belum Diisi (Ketik Rumus di Sel Kuning E38)", IF(E38='99_KUNCI_JAWABAN'!F107, "✅ BENAR! JAWABAN TES TEPAT!", "❌ Belum Tepat (Cek Sheet Akhir: 99_KUNCI_JAWABAN)"))
B39: Lulus | C39: 90
B40: Lulus | C40: 88
B43: 📝 SOAL TES #4: Kasus Penjualan Retail & Target Toko
B44: Status Evaluasi | C44: Skor Nilai | E44: Persoalan Tes #4: Hitung berapa banyak peserta yang berstatus "Lulus" pada rentang B45:B48 menggunakan fungsi COUNTIF!
B45: Lulus | C45: 88 | E45: ✏️ KETIK RUMUS JAWABAN TES DI BAWAH: | F45: 📌 STATUS KOREKSI JAWABAN TES:
B46: Remedial | C46: 65 | F46: =IF(ISBLANK(E46), "⏳ Belum Diisi (Ketik Rumus di Sel Kuning E46)", IF(E46='99_KUNCI_JAWABAN'!F108, "✅ BENAR! JAWABAN TES TEPAT!", "❌ Belum Tepat (Cek Sheet Akhir: 99_KUNCI_JAWABAN)"))
B47: Lulus | C47: 90
B48: Lulus | C48: 88
B51: 📝 SOAL TES #5: Kasus Akademik Sekolah & Layanan Publik
B52: Status Evaluasi | C52: Skor Nilai | E52: Persoalan Tes #5: Hitung berapa banyak peserta yang berstatus "Lulus" pada rentang B53:B56 menggunakan fungsi COUNTIF!
B53: Lulus | C53: 89 | E53: ✏️ KETIK RUMUS JAWABAN TES DI BAWAH: | F53: 📌 STATUS KOREKSI JAWABAN TES:
B54: Remedial | C54: 65 | F54: =IF(ISBLANK(E54), "⏳ Belum Diisi (Ketik Rumus di Sel Kuning E54)", IF(E54='99_KUNCI_JAWABAN'!F109, "✅ BENAR! JAWABAN TES TEPAT!", "❌ Belum Tepat (Cek Sheet Akhir: 99_KUNCI_JAWABAN)"))
B55: Lulus | C55: 90
B56: Lulus | C56: 88

Sheet COUNTIFS
B1: 📊 #022 — RUMUS EXCEL: COUNTIFS | Kategori: 8. Statistik & Analisis Data
B2: 1 Rumus = 1 Contoh Soal + Jawaban Benar & 5 Soal Tes Mandiri (Kunci Jawaban Ada di Sheet Paling Terakhir) | F2: ⬅️ Ke Daftar Isi (00_DAFTAR_ISI) | G2: 🔑 Ke Kunci Jawaban (Sheet Akhir)
B4: 1️⃣ IDENTITAS RUMUS & FUNGSINYA BUAT APA? (COUNTIFS)
B5: Nama Rumus Excel | C5: =COUNTIFS(...)
B6: Sintaks / Pola Umum | C6: =COUNTIFS(range1, syarat1, range2, syarat2)
B7: 👶 Fungsinya Buat Apa? | C7: Menghitung jumlah baris data yang memenuhi banyak kriteria sekaligus.
B9: 2️⃣ 1 CONTOH SOAL & CONTOH JAWABAN BENAR (PELAJARI POLA RUMUS COUNTIFS DI SINI)
B10: Status Evaluasi | C10: Skor Nilai | E10: ✅ 1 CONTOH SOAL BESERTA CONTOH RUMUS & HASIL JAWABAN BENAR:
B11: Lulus | C11: 90 | E11: Contoh Soal: | F11: Hitung berapa banyak peserta yang berstatus "Lulus" di B11:B14 sekaligus memiliki skor minimal 80 (">=80") di C11:C14 menggunakan fungsi COUNTIFS!
B12: Remedial | C12: 65 | E12: Contoh Rumus Benar: | F12: '=COUNTIFS(B11:B14, "Lulus", C11:C14, ">=80")
B13: Lulus | C13: 90 | E13: Contoh Hasil Benar: | F13: =COUNTIFS(B11:B14, "Lulus", C11:C14, ">=80")
B14: Lulus | C14: 88
B16: 3️⃣ 5 SOAL TES DUNIA NYATA — KERJAKAN DI KOTAK KUNING (TANPA KUNCI RUMUS / HASIL DI SINI!)
B17: 📌 Catatan Tes: Soal Tes #1 s/d #5 di bawah ini tidak menampilkan kunci rumus maupun hasil. Kunci jawaban lengkap tersedia di sheet paling terakhir (99_KUNCI_JAWABAN).
B19: 📝 SOAL TES #1: Kasus Keuangan & Akuntansi Kantor
B20: Status Evaluasi | C20: Skor Nilai | E20: Persoalan Tes #1: Hitung berapa banyak peserta yang berstatus "Lulus" di B21:B24 sekaligus memiliki skor minimal 80 (">=80") di C21:C24 menggunakan fungsi COUNTIFS!
B21: Lulus | C21: 85 | E21: ✏️ KETIK RUMUS JAWABAN TES DI BAWAH: | F21: 📌 STATUS KOREKSI JAWABAN TES:
B22: Remedial | C22: 65 | F22: =IF(ISBLANK(E22), "⏳ Belum Diisi (Ketik Rumus di Sel Kuning E22)", IF(E22='99_KUNCI_JAWABAN'!F110, "✅ BENAR! JAWABAN TES TEPAT!", "❌ Belum Tepat (Cek Sheet Akhir: 99_KUNCI_JAWABAN)"))
B23: Lulus | C23: 90
B24: Lulus | C24: 88
B27: 📝 SOAL TES #2: Kasus HRD, Gaji & Lembur Karyawan
B28: Status Evaluasi | C28: Skor Nilai | E28: Persoalan Tes #2: Hitung berapa banyak peserta yang berstatus "Lulus" di B29:B32 sekaligus memiliki skor minimal 80 (">=80") di C29:C32 menggunakan fungsi COUNTIFS!
B29: Lulus | C29: 86 | E29: ✏️ KETIK RUMUS JAWABAN TES DI BAWAH: | F29: 📌 STATUS KOREKSI JAWABAN TES:
B30: Remedial | C30: 65 | F30: =IF(ISBLANK(E30), "⏳ Belum Diisi (Ketik Rumus di Sel Kuning E30)", IF(E30='99_KUNCI_JAWABAN'!F111, "✅ BENAR! JAWABAN TES TEPAT!", "❌ Belum Tepat (Cek Sheet Akhir: 99_KUNCI_JAWABAN)"))
B31: Lulus | C31: 90
B32: Lulus | C32: 88
B35: 📝 SOAL TES #3: Kasus Logistik & Stok Gudang Utama
B36: Status Evaluasi | C36: Skor Nilai | E36: Persoalan Tes #3: Hitung berapa banyak peserta yang berstatus "Lulus" di B37:B40 sekaligus memiliki skor minimal 80 (">=80") di C37:C40 menggunakan fungsi COUNTIFS!
B37: Lulus | C37: 87 | E37: ✏️ KETIK RUMUS JAWABAN TES DI BAWAH: | F37: 📌 STATUS KOREKSI JAWABAN TES:
B38: Remedial | C38: 65 | F38: =IF(ISBLANK(E38), "⏳ Belum Diisi (Ketik Rumus di Sel Kuning E38)", IF(E38='99_KUNCI_JAWABAN'!F112, "✅ BENAR! JAWABAN TES TEPAT!", "❌ Belum Tepat (Cek Sheet Akhir: 99_KUNCI_JAWABAN)"))
B39: Lulus | C39: 90
B40: Lulus | C40: 88
B43: 📝 SOAL TES #4: Kasus Penjualan Retail & Target Toko
B44: Status Evaluasi | C44: Skor Nilai | E44: Persoalan Tes #4: Hitung berapa banyak peserta yang berstatus "Lulus" di B45:B48 sekaligus memiliki skor minimal 80 (">=80") di C45:C48 menggunakan fungsi COUNTIFS!
B45: Lulus | C45: 88 | E45: ✏️ KETIK RUMUS JAWABAN TES DI BAWAH: | F45: 📌 STATUS KOREKSI JAWABAN TES:
B46: Remedial | C46: 65 | F46: =IF(ISBLANK(E46), "⏳ Belum Diisi (Ketik Rumus di Sel Kuning E46)", IF(E46='99_KUNCI_JAWABAN'!F113, "✅ BENAR! JAWABAN TES TEPAT!", "❌ Belum Tepat (Cek Sheet Akhir: 99_KUNCI_JAWABAN)"))
B47: Lulus | C47: 90
B48: Lulus | C48: 88
B51: 📝 SOAL TES #5: Kasus Akademik Sekolah & Layanan Publik
B52: Status Evaluasi | C52: Skor Nilai | E52: Persoalan Tes #5: Hitung berapa banyak peserta yang berstatus "Lulus" di B53:B56 sekaligus memiliki skor minimal 80 (">=80") di C53:C56 menggunakan fungsi COUNTIFS!
B53: Lulus | C53: 89 | E53: ✏️ KETIK RUMUS JAWABAN TES DI BAWAH: | F53: 📌 STATUS KOREKSI JAWABAN TES:
B54: Remedial | C54: 65 | F54: =IF(ISBLANK(E54), "⏳ Belum Diisi (Ketik Rumus di Sel Kuning E54)", IF(E54='99_KUNCI_JAWABAN'!F114, "✅ BENAR! JAWABAN TES TEPAT!", "❌ Belum Tepat (Cek Sheet Akhir: 99_KUNCI_JAWABAN)"))
B55: Lulus | C55: 90
B56: Lulus | C56: 88

Sheet COVARIANCE.P
B1: 📊 #023 — RUMUS EXCEL: COVARIANCE.P | Kategori: 8. Statistik & Analisis Data
B2: 1 Rumus = 1 Contoh Soal + Jawaban Benar & 5 Soal Tes Mandiri (Kunci Jawaban Ada di Sheet Paling Terakhir) | F2: ⬅️ Ke Daftar Isi (00_DAFTAR_ISI) | G2: 🔑 Ke Kunci Jawaban (Sheet Akhir)
B4: 1️⃣ IDENTITAS RUMUS & FUNGSINYA BUAT APA? (COVARIANCE.P)
B5: Nama Rumus Excel | C5: =COVARIANCE.P(...)
B6: Sintaks / Pola Umum | C6: =COVARIANCE.P(range_x, range_y)
B7: 👶 Fungsinya Buat Apa? | C7: Menghitung kovarians populasi antara dua kumpulan data.
B9: 2️⃣ 1 CONTOH SOAL & CONTOH JAWABAN BENAR (PELAJARI POLA RUMUS COVARIANCE.P DI SINI)
B10: Data Variabel 1 | C10: Data Variabel 2 | E10: ✅ 1 CONTOH SOAL BESERTA CONTOH RUMUS & HASIL JAWABAN BENAR:
B11: 60 | C11: 90 | E11: Contoh Soal: | F11: Analisis hubungan antara data pertama (B11:B14) dan data kedua (C11:C14) menggunakan fungsi COVARIANCE.P!
B12: 120 | C12: 168 | E12: Contoh Rumus Benar: | F12: '=COVARIANCE.P(B11:B14, C11:C14)
B13: 210 | C13: 240 | E13: Contoh Hasil Benar: | F13: =COVARIANCE.P(B11:B14, C11:C14)
B14: 300 | C14: 348
B16: 3️⃣ 5 SOAL TES DUNIA NYATA — KERJAKAN DI KOTAK KUNING (TANPA KUNCI RUMUS / HASIL DI SINI!)
B17: 📌 Catatan Tes: Soal Tes #1 s/d #5 di bawah ini tidak menampilkan kunci rumus maupun hasil. Kunci jawaban lengkap tersedia di sheet paling terakhir (99_KUNCI_JAWABAN).
B19: 📝 SOAL TES #1: Kasus Keuangan & Akuntansi Kantor
B20: Data Variabel 1 | C20: Data Variabel 2 | E20: Persoalan Tes #1: Analisis hubungan antara data pertama (B21:B24) dan data kedua (C21:C24) menggunakan fungsi COVARIANCE.P!
B21: 10 | C21: 15 | E21: ✏️ KETIK RUMUS JAWABAN TES DI BAWAH: | F21: 📌 STATUS KOREKSI JAWABAN TES:
B22: 20 | C22: 28 | F22: =IF(ISBLANK(E22), "⏳ Belum Diisi (Ketik Rumus di Sel Kuning E22)", IF(E22='99_KUNCI_JAWABAN'!F115, "✅ BENAR! JAWABAN TES TEPAT!", "❌ Belum Tepat (Cek Sheet Akhir: 99_KUNCI_JAWABAN)"))
B23: 35 | C23: 40
B24: 50 | C24: 58
B27: 📝 SOAL TES #2: Kasus HRD, Gaji & Lembur Karyawan
B28: Data Variabel 1 | C28: Data Variabel 2 | E28: Persoalan Tes #2: Analisis hubungan antara data pertama (B29:B32) dan data kedua (C29:C32) menggunakan fungsi COVARIANCE.P!
B29: 20 | C29: 30 | E29: ✏️ KETIK RUMUS JAWABAN TES DI BAWAH: | F29: 📌 STATUS KOREKSI JAWABAN TES:
B30: 40 | C30: 56 | F30: =IF(ISBLANK(E30), "⏳ Belum Diisi (Ketik Rumus di Sel Kuning E30)", IF(E30='99_KUNCI_JAWABAN'!F116, "✅ BENAR! JAWABAN TES TEPAT!", "❌ Belum Tepat (Cek Sheet Akhir: 99_KUNCI_JAWABAN)"))
B31: 70 | C31: 80
B32: 100 | C32: 116
B35: 📝 SOAL TES #3: Kasus Logistik & Stok Gudang Utama
B36: Data Variabel 1 | C36: Data Variabel 2 | E36: Persoalan Tes #3: Analisis hubungan antara data pertama (B37:B40) dan data kedua (C37:C40) menggunakan fungsi COVARIANCE.P!
B37: 30 | C37: 45 | E37: ✏️ KETIK RUMUS JAWABAN TES DI BAWAH: | F37: 📌 STATUS KOREKSI JAWABAN TES:
B38: 60 | C38: 84 | F38: =IF(ISBLANK(E38), "⏳ Belum Diisi (Ketik Rumus di Sel Kuning E38)", IF(E38='99_KUNCI_JAWABAN'!F117, "✅ BENAR! JAWABAN TES TEPAT!", "❌ Belum Tepat (Cek Sheet Akhir: 99_KUNCI_JAWABAN)"))
B39: 105 | C39: 120
B40: 150 | C40: 174
B43: 📝 SOAL TES #4: Kasus Penjualan Retail & Target Toko
B44: Data Variabel 1 | C44: Data Variabel 2 | E44: Persoalan Tes #4: Analisis hubungan antara data pertama (B45:B48) dan data kedua (C45:C48) menggunakan fungsi COVARIANCE.P!
B45: 40 | C45: 60 | E45: ✏️ KETIK RUMUS JAWABAN TES DI BAWAH: | F45: 📌 STATUS KOREKSI JAWABAN TES:
B46: 80 | C46: 112 | F46: =IF(ISBLANK(E46), "⏳ Belum Diisi (Ketik Rumus di Sel Kuning E46)", IF(E46='99_KUNCI_JAWABAN'!F118, "✅ BENAR! JAWABAN TES TEPAT!", "❌ Belum Tepat (Cek Sheet Akhir: 99_KUNCI_JAWABAN)"))
B47: 140 | C47: 160
B48: 200 | C48: 232
B51: 📝 SOAL TES #5: Kasus Akademik Sekolah & Layanan Publik
B52: Data Variabel 1 | C52: Data Variabel 2 | E52: Persoalan Tes #5: Analisis hubungan antara data pertama (B53:B56) dan data kedua (C53:C56) menggunakan fungsi COVARIANCE.P!
B53: 50 | C53: 75 | E53: ✏️ KETIK RUMUS JAWABAN TES DI BAWAH: | F53: 📌 STATUS KOREKSI JAWABAN TES:
B54: 100 | C54: 140 | F54: =IF(ISBLANK(E54), "⏳ Belum Diisi (Ketik Rumus di Sel Kuning E54)", IF(E54='99_KUNCI_JAWABAN'!F119, "✅ BENAR! JAWABAN TES TEPAT!", "❌ Belum Tepat (Cek Sheet Akhir: 99_KUNCI_JAWABAN)"))
B55: 175 | C55: 200
B56: 250 | C56: 290

Sheet COVARIANCE.T
B1: 📊 #024 — RUMUS EXCEL: COVARIANCE.T | Kategori: 8. Statistik & Analisis Data
B2: 1 Rumus = 1 Contoh Soal + Jawaban Benar & 5 Soal Tes Mandiri (Kunci Jawaban Ada di Sheet Paling Terakhir) | F2: ⬅️ Ke Daftar Isi (00_DAFTAR_ISI) | G2: 🔑 Ke Kunci Jawaban (Sheet Akhir)
B4: 1️⃣ IDENTITAS RUMUS & FUNGSINYA BUAT APA? (COVARIANCE.T)
B5: Nama Rumus Excel | C5: =COVARIANCE.T(...)
B6: Sintaks / Pola Umum | C6: =COVARIANCE.S(range_x, range_y)
B7: 👶 Fungsinya Buat Apa? | C7: Menghitung kovarians sampel antara dua variabel pengamatan.
B9: 2️⃣ 1 CONTOH SOAL & CONTOH JAWABAN BENAR (PELAJARI POLA RUMUS COVARIANCE.T DI SINI)
B10: Data Variabel 1 | C10: Data Variabel 2 | E10: ✅ 1 CONTOH SOAL BESERTA CONTOH RUMUS & HASIL JAWABAN BENAR:
B11: 60 | C11: 90 | E11: Contoh Soal: | F11: Analisis hubungan antara data pertama (B11:B14) dan data kedua (C11:C14) menggunakan fungsi COVARIANCE.T!
B12: 120 | C12: 168 | E12: Contoh Rumus Benar: | F12: '=COVARIANCE.S(B11:B14, C11:C14)
B13: 210 | C13: 240 | E13: Contoh Hasil Benar: | F13: =COVARIANCE.S(B11:B14, C11:C14)
B14: 300 | C14: 348
B16: 3️⃣ 5 SOAL TES DUNIA NYATA — KERJAKAN DI KOTAK KUNING (TANPA KUNCI RUMUS / HASIL DI SINI!)
B17: 📌 Catatan Tes: Soal Tes #1 s/d #5 di bawah ini tidak menampilkan kunci rumus maupun hasil. Kunci jawaban lengkap tersedia di sheet paling terakhir (99_KUNCI_JAWABAN).
B19: 📝 SOAL TES #1: Kasus Keuangan & Akuntansi Kantor
B20: Data Variabel 1 | C20: Data Variabel 2 | E20: Persoalan Tes #1: Analisis hubungan antara data pertama (B21:B24) dan data kedua (C21:C24) menggunakan fungsi COVARIANCE.T!
B21: 10 | C21: 15 | E21: ✏️ KETIK RUMUS JAWABAN TES DI BAWAH: | F21: 📌 STATUS KOREKSI JAWABAN TES:
B22: 20 | C22: 28 | F22: =IF(ISBLANK(E22), "⏳ Belum Diisi (Ketik Rumus di Sel Kuning E22)", IF(E22='99_KUNCI_JAWABAN'!F120, "✅ BENAR! JAWABAN TES TEPAT!", "❌ Belum Tepat (Cek Sheet Akhir: 99_KUNCI_JAWABAN)"))
B23: 35 | C23: 40
B24: 50 | C24: 58
B27: 📝 SOAL TES #2: Kasus HRD, Gaji & Lembur Karyawan
B28: Data Variabel 1 | C28: Data Variabel 2 | E28: Persoalan Tes #2: Analisis hubungan antara data pertama (B29:B32) dan data kedua (C29:C32) menggunakan fungsi COVARIANCE.T!
B29: 20 | C29: 30 | E29: ✏️ KETIK RUMUS JAWABAN TES DI BAWAH: | F29: 📌 STATUS KOREKSI JAWABAN TES:
B30: 40 | C30: 56 | F30: =IF(ISBLANK(E30), "⏳ Belum Diisi (Ketik Rumus di Sel Kuning E30)", IF(E30='99_KUNCI_JAWABAN'!F121, "✅ BENAR! JAWABAN TES TEPAT!", "❌ Belum Tepat (Cek Sheet Akhir: 99_KUNCI_JAWABAN)"))
B31: 70 | C31: 80
B32: 100 | C32: 116
B35: 📝 SOAL TES #3: Kasus Logistik & Stok Gudang Utama
B36: Data Variabel 1 | C36: Data Variabel 2 | E36: Persoalan Tes #3: Analisis hubungan antara data pertama (B37:B40) dan data kedua (C37:C40) menggunakan fungsi COVARIANCE.T!
B37: 30 | C37: 45 | E37: ✏️ KETIK RUMUS JAWABAN TES DI BAWAH: | F37: 📌 STATUS KOREKSI JAWABAN TES:
B38: 60 | C38: 84 | F38: =IF(ISBLANK(E38), "⏳ Belum Diisi (Ketik Rumus di Sel Kuning E38)", IF(E38='99_KUNCI_JAWABAN'!F122, "✅ BENAR! JAWABAN TES TEPAT!", "❌ Belum Tepat (Cek Sheet Akhir: 99_KUNCI_JAWABAN)"))
B39: 105 | C39: 120
B40: 150 | C40: 174
B43: 📝 SOAL TES #4: Kasus Penjualan Retail & Target Toko
B44: Data Variabel 1 | C44: Data Variabel 2 | E44: Persoalan Tes #4: Analisis hubungan antara data pertama (B45:B48) dan data kedua (C45:C48) menggunakan fungsi COVARIANCE.T!
B45: 40 | C45: 60 | E45: ✏️ KETIK RUMUS JAWABAN TES DI BAWAH: | F45: 📌 STATUS KOREKSI JAWABAN TES:
B46: 80 | C46: 112 | F46: =IF(ISBLANK(E46), "⏳ Belum Diisi (Ketik Rumus di Sel Kuning E46)", IF(E46='99_KUNCI_JAWABAN'!F123, "✅ BENAR! JAWABAN TES TEPAT!", "❌ Belum Tepat (Cek Sheet Akhir: 99_KUNCI_JAWABAN)"))
B47: 140 | C47: 160
B48: 200 | C48: 232
B51: 📝 SOAL TES #5: Kasus Akademik Sekolah & Layanan Publik
B52: Data Variabel 1 | C52: Data Variabel 2 | E52: Persoalan Tes #5: Analisis hubungan antara data pertama (B53:B56) dan data kedua (C53:C56) menggunakan fungsi COVARIANCE.T!
B53: 50 | C53: 75 | E53: ✏️ KETIK RUMUS JAWABAN TES DI BAWAH: | F53: 📌 STATUS KOREKSI JAWABAN TES:
B54: 100 | C54: 140 | F54: =IF(ISBLANK(E54), "⏳ Belum Diisi (Ketik Rumus di Sel Kuning E54)", IF(E54='99_KUNCI_JAWABAN'!F124, "✅ BENAR! JAWABAN TES TEPAT!", "❌ Belum Tepat (Cek Sheet Akhir: 99_KUNCI_JAWABAN)"))
B55: 175 | C55: 200
B56: 250 | C56: 290

Sheet CRITBINOM
B1: 📊 #025 — RUMUS EXCEL: CRITBINOM | Kategori: 8. Statistik & Analisis Data
B2: 1 Rumus = 1 Contoh Soal + Jawaban Benar & 5 Soal Tes Mandiri (Kunci Jawaban Ada di Sheet Paling Terakhir) | F2: ⬅️ Ke Daftar Isi (00_DAFTAR_ISI) | G2: 🔑 Ke Kunci Jawaban (Sheet Akhir)
B4: 1️⃣ IDENTITAS RUMUS & FUNGSINYA BUAT APA? (CRITBINOM)
B5: Nama Rumus Excel | C5: =CRITBINOM(...)
B6: Sintaks / Pola Umum | C6: =CRITBINOM(cobaan, prob_sukses, alpha)
B7: 👶 Fungsinya Buat Apa? | C7: Mencari nilai batas kritis distribusi binomial kumulatif.
B9: 2️⃣ 1 CONTOH SOAL & CONTOH JAWABAN BENAR (PELAJARI POLA RUMUS CRITBINOM DI SINI)
B10: Parameter Binomial | C10: Nilai Input | E10: ✅ 1 CONTOH SOAL BESERTA CONTOH RUMUS & HASIL JAWABAN BENAR:
B11: Total Percobaan (C11) | C11: 20 | E11: Contoh Soal: | F11: Cari nilai batas kritis binomial menggunakan fungsi CRITBINOM dengan argumen berurutan C11, C12, dan C13!
B12: Peluang Sukses (C12) | C12: 0.5 | E12: Contoh Rumus Benar: | F12: '=CRITBINOM(C11, C12, C13)
B13: Alpha Kriteria (C13) | C13: 0.75 | E13: Contoh Hasil Benar: | F13: =CRITBINOM(C11, C12, C13)
B14: Cadangan | C14: 1
B16: 3️⃣ 5 SOAL TES DUNIA NYATA — KERJAKAN DI KOTAK KUNING (TANPA KUNCI RUMUS / HASIL DI SINI!)
B17: 📌 Catatan Tes: Soal Tes #1 s/d #5 di bawah ini tidak menampilkan kunci rumus maupun hasil. Kunci jawaban lengkap tersedia di sheet paling terakhir (99_KUNCI_JAWABAN).
B19: 📝 SOAL TES #1: Kasus Keuangan & Akuntansi Kantor
B20: Parameter Binomial | C20: Nilai Input | E20: Persoalan Tes #1: Cari nilai batas kritis binomial menggunakan fungsi CRITBINOM dengan argumen berurutan C21, C22, dan C23!
B21: Total Percobaan (C21) | C21: 10 | E21: ✏️ KETIK RUMUS JAWABAN TES DI BAWAH: | F21: 📌 STATUS KOREKSI JAWABAN TES:
B22: Peluang Sukses (C22) | C22: 0.5 | F22: =IF(ISBLANK(E22), "⏳ Belum Diisi (Ketik Rumus di Sel Kuning E22)", IF(E22='99_KUNCI_JAWABAN'!F125, "✅ BENAR! JAWABAN TES TEPAT!", "❌ Belum Tepat (Cek Sheet Akhir: 99_KUNCI_JAWABAN)"))
B23: Alpha Kriteria (C23) | C23: 0.5
B24: Cadangan | C24: 1
B27: 📝 SOAL TES #2: Kasus HRD, Gaji & Lembur Karyawan
B28: Parameter Binomial | C28: Nilai Input | E28: Persoalan Tes #2: Cari nilai batas kritis binomial menggunakan fungsi CRITBINOM dengan argumen berurutan C29, C30, dan C31!
B29: Total Percobaan (C29) | C29: 12 | E29: ✏️ KETIK RUMUS JAWABAN TES DI BAWAH: | F29: 📌 STATUS KOREKSI JAWABAN TES:
B30: Peluang Sukses (C30) | C30: 0.5 | F30: =IF(ISBLANK(E30), "⏳ Belum Diisi (Ketik Rumus di Sel Kuning E30)", IF(E30='99_KUNCI_JAWABAN'!F126, "✅ BENAR! JAWABAN TES TEPAT!", "❌ Belum Tepat (Cek Sheet Akhir: 99_KUNCI_JAWABAN)"))
B31: Alpha Kriteria (C31) | C31: 0.55
B32: Cadangan | C32: 1
B35: 📝 SOAL TES #3: Kasus Logistik & Stok Gudang Utama
B36: Parameter Binomial | C36: Nilai Input | E36: Persoalan Tes #3: Cari nilai batas kritis binomial menggunakan fungsi CRITBINOM dengan argumen berurutan C37, C38, dan C39!
B37: Total Percobaan (C37) | C37: 14 | E37: ✏️ KETIK RUMUS JAWABAN TES DI BAWAH: | F37: 📌 STATUS KOREKSI JAWABAN TES:
B38: Peluang Sukses (C38) | C38: 0.5 | F38: =IF(ISBLANK(E38), "⏳ Belum Diisi (Ketik Rumus di Sel Kuning E38)", IF(E38='99_KUNCI_JAWABAN'!F127, "✅ BENAR! JAWABAN TES TEPAT!", "❌ Belum Tepat (Cek Sheet Akhir: 99_KUNCI_JAWABAN)"))
B39: Alpha Kriteria (C39) | C39: 0.6
B40: Cadangan | C40: 1
B43: 📝 SOAL TES #4: Kasus Penjualan Retail & Target Toko
B44: Parameter Binomial | C44: Nilai Input | E44: Persoalan Tes #4: Cari nilai batas kritis binomial menggunakan fungsi CRITBINOM dengan argumen berurutan C45, C46, dan C47!
B45: Total Percobaan (C45) | C45: 16 | E45: ✏️ KETIK RUMUS JAWABAN TES DI BAWAH: | F45: 📌 STATUS KOREKSI JAWABAN TES:
B46: Peluang Sukses (C46) | C46: 0.5 | F46: =IF(ISBLANK(E46), "⏳ Belum Diisi (Ketik Rumus di Sel Kuning E46)", IF(E46='99_KUNCI_JAWABAN'!F128, "✅ BENAR! JAWABAN TES TEPAT!", "❌ Belum Tepat (Cek Sheet Akhir: 99_KUNCI_JAWABAN)"))
B47: Alpha Kriteria (C47) | C47: 0.65
B48: Cadangan | C48: 1
B51: 📝 SOAL TES #5: Kasus Akademik Sekolah & Layanan Publik
B52: Parameter Binomial | C52: Nilai Input | E52: Persoalan Tes #5: Cari nilai batas kritis binomial menggunakan fungsi CRITBINOM dengan argumen berurutan C53, C54, dan C55!
B53: Total Percobaan (C53) | C53: 18 | E53: ✏️ KETIK RUMUS JAWABAN TES DI BAWAH: | F53: 📌 STATUS KOREKSI JAWABAN TES:
B54: Peluang Sukses (C54) | C54: 0.5 | F54: =IF(ISBLANK(E54), "⏳ Belum Diisi (Ketik Rumus di Sel Kuning E54)", IF(E54='99_KUNCI_JAWABAN'!F129, "✅ BENAR! JAWABAN TES TEPAT!", "❌ Belum Tepat (Cek Sheet Akhir: 99_KUNCI_JAWABAN)"))
B55: Alpha Kriteria (C55) | C55: 0.7
B56: Cadangan | C56: 1

Sheet DEVSQ
B1: 📊 #026 — RUMUS EXCEL: DEVSQ | Kategori: 8. Statistik & Analisis Data
B2: 1 Rumus = 1 Contoh Soal + Jawaban Benar & 5 Soal Tes Mandiri (Kunci Jawaban Ada di Sheet Paling Terakhir) | F2: ⬅️ Ke Daftar Isi (00_DAFTAR_ISI) | G2: 🔑 Ke Kunci Jawaban (Sheet Akhir)
B4: 1️⃣ IDENTITAS RUMUS & FUNGSINYA BUAT APA? (DEVSQ)
B5: Nama Rumus Excel | C5: =DEVSQ(...)
B6: Sintaks / Pola Umum | C6: =DEVSQ(range_data)
B7: 👶 Fungsinya Buat Apa? | C7: Menghitung jumlah kuadrat simpangan data dari rata-ratanya.
B9: 2️⃣ 1 CONTOH SOAL & CONTOH JAWABAN BENAR (PELAJARI POLA RUMUS DEVSQ DI SINI)
B10: Nama Unit / Kategori | C10: Nilai Data | E10: ✅ 1 CONTOH SOAL BESERTA CONTOH RUMUS & HASIL JAWABAN BENAR:
B11: Simulasi Unit A | C11: 500000 | E11: Contoh Soal: | F11: Hitung hasil pengolahan fungsi DEVSQ untuk keempat baris data pada rentang C11:C14!
B12: Simulasi Unit B | C12: 750000 | E12: Contoh Rumus Benar: | F12: '=DEVSQ(C11:C14)
B13: Simulasi Unit C | C13: 600000 | E13: Contoh Hasil Benar: | F13: =DEVSQ(C11:C14)
B14: Simulasi Unit D | C14: 950000
B16: 3️⃣ 5 SOAL TES DUNIA NYATA — KERJAKAN DI KOTAK KUNING (TANPA KUNCI RUMUS / HASIL DI SINI!)
B17: 📌 Catatan Tes: Soal Tes #1 s/d #5 di bawah ini tidak menampilkan kunci rumus maupun hasil. Kunci jawaban lengkap tersedia di sheet paling terakhir (99_KUNCI_JAWABAN).
B19: 📝 SOAL TES #1: Kasus Keuangan & Akuntansi Kantor
B20: Nama Unit / Kategori | C20: Nilai Data | E20: Persoalan Tes #1: Hitung hasil pengolahan fungsi DEVSQ untuk keempat baris data pada rentang C21:C24!
B21: Cabang Jakarta | C21: 1250000 | E21: ✏️ KETIK RUMUS JAWABAN TES DI BAWAH: | F21: 📌 STATUS KOREKSI JAWABAN TES:
B22: Cabang Bandung | C22: 1850000 | F22: =IF(ISBLANK(E22), "⏳ Belum Diisi (Ketik Rumus di Sel Kuning E22)", IF(E22='99_KUNCI_JAWABAN'!F130, "✅ BENAR! JAWABAN TES TEPAT!", "❌ Belum Tepat (Cek Sheet Akhir: 99_KUNCI_JAWABAN)"))
B23: Cabang Surabaya | C23: 2100000
B24: Cabang Medan | C24: 1600000
B27: 📝 SOAL TES #2: Kasus HRD, Gaji & Lembur Karyawan
B28: Nama Unit / Kategori | C28: Nilai Data | E28: Persoalan Tes #2: Hitung hasil pengolahan fungsi DEVSQ untuk keempat baris data pada rentang C29:C32!
B29: Budi Santoso | C29: 4500000 | E29: ✏️ KETIK RUMUS JAWABAN TES DI BAWAH: | F29: 📌 STATUS KOREKSI JAWABAN TES:
B30: Siti Aminah | C30: 5200000 | F30: =IF(ISBLANK(E30), "⏳ Belum Diisi (Ketik Rumus di Sel Kuning E30)", IF(E30='99_KUNCI_JAWABAN'!F131, "✅ BENAR! JAWABAN TES TEPAT!", "❌ Belum Tepat (Cek Sheet Akhir: 99_KUNCI_JAWABAN)"))
B31: Andi Pratama | C31: 4800000
B32: Rina Wijaya | C32: 6100000
B35: 📝 SOAL TES #3: Kasus Logistik & Stok Gudang Utama
B36: Nama Unit / Kategori | C36: Nilai Data | E36: Persoalan Tes #3: Hitung hasil pengolahan fungsi DEVSQ untuk keempat baris data pada rentang C37:C40!
B37: Gudang Blok A | C37: 240 | E37: ✏️ KETIK RUMUS JAWABAN TES DI BAWAH: | F37: 📌 STATUS KOREKSI JAWABAN TES:
B38: Gudang Blok B | C38: 380 | F38: =IF(ISBLANK(E38), "⏳ Belum Diisi (Ketik Rumus di Sel Kuning E38)", IF(E38='99_KUNCI_JAWABAN'!F132, "✅ BENAR! JAWABAN TES TEPAT!", "❌ Belum Tepat (Cek Sheet Akhir: 99_KUNCI_JAWABAN)"))
B39: Gudang Blok C | C39: 195
B40: Gudang Blok D | C40: 425
B43: 📝 SOAL TES #4: Kasus Penjualan Retail & Target Toko
B44: Nama Unit / Kategori | C44: Nilai Data | E44: Persoalan Tes #4: Hitung hasil pengolahan fungsi DEVSQ untuk keempat baris data pada rentang C45:C48!
B45: Toko Elektronik | C45: 85 | E45: ✏️ KETIK RUMUS JAWABAN TES DI BAWAH: | F45: 📌 STATUS KOREKSI JAWABAN TES:
B46: Toko Komputer | C46: 92 | F46: =IF(ISBLANK(E46), "⏳ Belum Diisi (Ketik Rumus di Sel Kuning E46)", IF(E46='99_KUNCI_JAWABAN'!F133, "✅ BENAR! JAWABAN TES TEPAT!", "❌ Belum Tepat (Cek Sheet Akhir: 99_KUNCI_JAWABAN)"))
B47: Toko Aksesoris | C47: 78
B48: Toko Servis | C48: 95
B51: 📝 SOAL TES #5: Kasus Akademik Sekolah & Layanan Publik
B52: Nama Unit / Kategori | C52: Nilai Data | E52: Persoalan Tes #5: Hitung hasil pengolahan fungsi DEVSQ untuk keempat baris data pada rentang C53:C56!
B53: Kelas 10 IPA | C53: 82 | E53: ✏️ KETIK RUMUS JAWABAN TES DI BAWAH: | F53: 📌 STATUS KOREKSI JAWABAN TES:
B54: Kelas 11 IPA | C54: 88 | F54: =IF(ISBLANK(E54), "⏳ Belum Diisi (Ketik Rumus di Sel Kuning E54)", IF(E54='99_KUNCI_JAWABAN'!F134, "✅ BENAR! JAWABAN TES TEPAT!", "❌ Belum Tepat (Cek Sheet Akhir: 99_KUNCI_JAWABAN)"))
B55: Kelas 12 IPA | C55: 91
B56: Kelas Unggulan | C56: 79

Sheet EXPON.DIST
B1: 📊 #027 — RUMUS EXCEL: EXPON.DIST | Kategori: 8. Statistik & Analisis Data
B2: 1 Rumus = 1 Contoh Soal + Jawaban Benar & 5 Soal Tes Mandiri (Kunci Jawaban Ada di Sheet Paling Terakhir) | F2: ⬅️ Ke Daftar Isi (00_DAFTAR_ISI) | G2: 🔑 Ke Kunci Jawaban (Sheet Akhir)
B4: 1️⃣ IDENTITAS RUMUS & FUNGSINYA BUAT APA? (EXPON.DIST)
B5: Nama Rumus Excel | C5: =EXPON.DIST(...)
B6: Sintaks / Pola Umum | C6: =EXPON.DIST(x, lambda, TRUE)
B7: 👶 Fungsinya Buat Apa? | C7: Menghitung distribusi eksponensial (untuk memodelkan waktu tunggu antar-kejadian).
B9: 2️⃣ 1 CONTOH SOAL & CONTOH JAWABAN BENAR (PELAJARI POLA RUMUS EXPON.DIST DI SINI)
B10: Nama Parameter | C10: Nilai Parameter | E10: ✅ 1 CONTOH SOAL BESERTA CONTOH RUMUS & HASIL JAWABAN BENAR:
B11: Nilai X (C11) | C11: 7 | E11: Contoh Soal: | F11: Hitung nilai distribusi kumulatif (TRUE) menggunakan fungsi EXPON.DIST dengan argumen C11, C12, dan TRUE!
B12: Derajat / Mean (C12) | C12: 10 | E12: Contoh Rumus Benar: | F12: '=EXPON.DIST(C11, C12, TRUE)
B13: Cadangan 1 | C13: 1 | E13: Contoh Hasil Benar: | F13: =EXPON.DIST(C11, C12, TRUE)
B14: Cadangan 2 | C14: 1
B16: 3️⃣ 5 SOAL TES DUNIA NYATA — KERJAKAN DI KOTAK KUNING (TANPA KUNCI RUMUS / HASIL DI SINI!)
B17: 📌 Catatan Tes: Soal Tes #1 s/d #5 di bawah ini tidak menampilkan kunci rumus maupun hasil. Kunci jawaban lengkap tersedia di sheet paling terakhir (99_KUNCI_JAWABAN).
B19: 📝 SOAL TES #1: Kasus Keuangan & Akuntansi Kantor
B20: Nama Parameter | C20: Nilai Parameter | E20: Persoalan Tes #1: Hitung nilai distribusi kumulatif (TRUE) menggunakan fungsi EXPON.DIST dengan argumen C21, C22, dan TRUE!
B21: Nilai X (C21) | C21: 2 | E21: ✏️ KETIK RUMUS JAWABAN TES DI BAWAH: | F21: 📌 STATUS KOREKSI JAWABAN TES:
B22: Derajat / Mean (C22) | C22: 5 | F22: =IF(ISBLANK(E22), "⏳ Belum Diisi (Ketik Rumus di Sel Kuning E22)", IF(E22='99_KUNCI_JAWABAN'!F135, "✅ BENAR! JAWABAN TES TEPAT!", "❌ Belum Tepat (Cek Sheet Akhir: 99_KUNCI_JAWABAN)"))
B23: Cadangan 1 | C23: 1
B24: Cadangan 2 | C24: 1
B27: 📝 SOAL TES #2: Kasus HRD, Gaji & Lembur Karyawan
B28: Nama Parameter | C28: Nilai Parameter | E28: Persoalan Tes #2: Hitung nilai distribusi kumulatif (TRUE) menggunakan fungsi EXPON.DIST dengan argumen C29, C30, dan TRUE!
B29: Nilai X (C29) | C29: 3 | E29: ✏️ KETIK RUMUS JAWABAN TES DI BAWAH: | F29: 📌 STATUS KOREKSI JAWABAN TES:
B30: Derajat / Mean (C30) | C30: 6 | F30: =IF(ISBLANK(E30), "⏳ Belum Diisi (Ketik Rumus di Sel Kuning E30)", IF(E30='99_KUNCI_JAWABAN'!F136, "✅ BENAR! JAWABAN TES TEPAT!", "❌ Belum Tepat (Cek Sheet Akhir: 99_KUNCI_JAWABAN)"))
B31: Cadangan 1 | C31: 1
B32: Cadangan 2 | C32: 1
B35: 📝 SOAL TES #3: Kasus Logistik & Stok Gudang Utama
B36: Nama Parameter | C36: Nilai Parameter | E36: Persoalan Tes #3: Hitung nilai distribusi kumulatif (TRUE) menggunakan fungsi EXPON.DIST dengan argumen C37, C38, dan TRUE!
B37: Nilai X (C37) | C37: 4 | E37: ✏️ KETIK RUMUS JAWABAN TES DI BAWAH: | F37: 📌 STATUS KOREKSI JAWABAN TES:
B38: Derajat / Mean (C38) | C38: 7 | F38: =IF(ISBLANK(E38), "⏳ Belum Diisi (Ketik Rumus di Sel Kuning E38)", IF(E38='99_KUNCI_JAWABAN'!F137, "✅ BENAR! JAWABAN TES TEPAT!", "❌ Belum Tepat (Cek Sheet Akhir: 99_KUNCI_JAWABAN)"))
B39: Cadangan 1 | C39: 1
B40: Cadangan 2 | C40: 1
B43: 📝 SOAL TES #4: Kasus Penjualan Retail & Target Toko
B44: Nama Parameter | C44: Nilai Parameter | E44: Persoalan Tes #4: Hitung nilai distribusi kumulatif (TRUE) menggunakan fungsi EXPON.DIST dengan argumen C45, C46, dan TRUE!
B45: Nilai X (C45) | C45: 5 | E45: ✏️ KETIK RUMUS JAWABAN TES DI BAWAH: | F45: 📌 STATUS KOREKSI JAWABAN TES:
B46: Derajat / Mean (C46) | C46: 8 | F46: =IF(ISBLANK(E46), "⏳ Belum Diisi (Ketik Rumus di Sel Kuning E46)", IF(E46='99_KUNCI_JAWABAN'!F138, "✅ BENAR! JAWABAN TES TEPAT!", "❌ Belum Tepat (Cek Sheet Akhir: 99_KUNCI_JAWABAN)"))
B47: Cadangan 1 | C47: 1
B48: Cadangan 2 | C48: 1
B51: 📝 SOAL TES #5: Kasus Akademik Sekolah & Layanan Publik
B52: Nama Parameter | C52: Nilai Parameter | E52: Persoalan Tes #5: Hitung nilai distribusi kumulatif (TRUE) menggunakan fungsi EXPON.DIST dengan argumen C53, C54, dan TRUE!
B53: Nilai X (C53) | C53: 6 | E53: ✏️ KETIK RUMUS JAWABAN TES DI BAWAH: | F53: 📌 STATUS KOREKSI JAWABAN TES:
B54: Derajat / Mean (C54) | C54: 9 | F54: =IF(ISBLANK(E54), "⏳ Belum Diisi (Ketik Rumus di Sel Kuning E54)", IF(E54='99_KUNCI_JAWABAN'!F139, "✅ BENAR! JAWABAN TES TEPAT!", "❌ Belum Tepat (Cek Sheet Akhir: 99_KUNCI_JAWABAN)"))
B55: Cadangan 1 | C55: 1
B56: Cadangan 2 | C56: 1

Sheet F.DIST
B1: 📊 #028 — RUMUS EXCEL: F.DIST | Kategori: 8. Statistik & Analisis Data
B2: 1 Rumus = 1 Contoh Soal + Jawaban Benar & 5 Soal Tes Mandiri (Kunci Jawaban Ada di Sheet Paling Terakhir) | F2: ⬅️ Ke Daftar Isi (00_DAFTAR_ISI) | G2: 🔑 Ke Kunci Jawaban (Sheet Akhir)
B4: 1️⃣ IDENTITAS RUMUS & FUNGSINYA BUAT APA? (F.DIST)
B5: Nama Rumus Excel | C5: =F.DIST(...)
B6: Sintaks / Pola Umum | C6: =F.DIST(x, deg_freedom1, deg_freedom2, TRUE)
B7: 👶 Fungsinya Buat Apa? | C7: Menghitung distribusi probabilitas F untuk membandingkan tingkat keragaman.
B9: 2️⃣ 1 CONTOH SOAL & CONTOH JAWABAN BENAR (PELAJARI POLA RUMUS F.DIST DI SINI)
B10: Parameter F | C10: Nilai Input | E10: ✅ 1 CONTOH SOAL BESERTA CONTOH RUMUS & HASIL JAWABAN BENAR:
B11: Nilai X (C11) | C11: 2.8 | E11: Contoh Soal: | F11: Hitung distribusi F kumulatif menggunakan fungsi F.DIST dengan argumen C11, C12, C13, dan TRUE!
B12: Deg Freedom 1 (C12) | C12: 4 | E12: Contoh Rumus Benar: | F12: '=F.DIST(C11, C12, C13, TRUE)
B13: Deg Freedom 2 (C13) | C13: 15 | E13: Contoh Hasil Benar: | F13: =F.DIST(C11, C12, C13, TRUE)
B14: Kumulatif | C14: 1
B16: 3️⃣ 5 SOAL TES DUNIA NYATA — KERJAKAN DI KOTAK KUNING (TANPA KUNCI RUMUS / HASIL DI SINI!)
B17: 📌 Catatan Tes: Soal Tes #1 s/d #5 di bawah ini tidak menampilkan kunci rumus maupun hasil. Kunci jawaban lengkap tersedia di sheet paling terakhir (99_KUNCI_JAWABAN).
B19: 📝 SOAL TES #1: Kasus Keuangan & Akuntansi Kantor
B20: Parameter F | C20: Nilai Input | E20: Persoalan Tes #1: Hitung distribusi F kumulatif menggunakan fungsi F.DIST dengan argumen C21, C22, C23, dan TRUE!
B21: Nilai X (C21) | C21: 1.8 | E21: ✏️ KETIK RUMUS JAWABAN TES DI BAWAH: | F21: 📌 STATUS KOREKSI JAWABAN TES:
B22: Deg Freedom 1 (C22) | C22: 4 | F22: =IF(ISBLANK(E22), "⏳ Belum Diisi (Ketik Rumus di Sel Kuning E22)", IF(E22='99_KUNCI_JAWABAN'!F140, "✅ BENAR! JAWABAN TES TEPAT!", "❌ Belum Tepat (Cek Sheet Akhir: 99_KUNCI_JAWABAN)"))
B23: Deg Freedom 2 (C23) | C23: 10
B24: Kumulatif | C24: 1
B27: 📝 SOAL TES #2: Kasus HRD, Gaji & Lembur Karyawan
B28: Parameter F | C28: Nilai Input | E28: Persoalan Tes #2: Hitung distribusi F kumulatif menggunakan fungsi F.DIST dengan argumen C29, C30, C31, dan TRUE!
B29: Nilai X (C29) | C29: 2 | E29: ✏️ KETIK RUMUS JAWABAN TES DI BAWAH: | F29: 📌 STATUS KOREKSI JAWABAN TES:
B30: Deg Freedom 1 (C30) | C30: 4 | F30: =IF(ISBLANK(E30), "⏳ Belum Diisi (Ketik Rumus di Sel Kuning E30)", IF(E30='99_KUNCI_JAWABAN'!F141, "✅ BENAR! JAWABAN TES TEPAT!", "❌ Belum Tepat (Cek Sheet Akhir: 99_KUNCI_JAWABAN)"))
B31: Deg Freedom 2 (C31) | C31: 11
B32: Kumulatif | C32: 1
B35: 📝 SOAL TES #3: Kasus Logistik & Stok Gudang Utama
B36: Parameter F | C36: Nilai Input | E36: Persoalan Tes #3: Hitung distribusi F kumulatif menggunakan fungsi F.DIST dengan argumen C37, C38, C39, dan TRUE!
B37: Nilai X (C37) | C37: 2.2 | E37: ✏️ KETIK RUMUS JAWABAN TES DI BAWAH: | F37: 📌 STATUS KOREKSI JAWABAN TES:
B38: Deg Freedom 1 (C38) | C38: 4 | F38: =IF(ISBLANK(E38), "⏳ Belum Diisi (Ketik Rumus di Sel Kuning E38)", IF(E38='99_KUNCI_JAWABAN'!F142, "✅ BENAR! JAWABAN TES TEPAT!", "❌ Belum Tepat (Cek Sheet Akhir: 99_KUNCI_JAWABAN)"))
B39: Deg Freedom 2 (C39) | C39: 12
B40: Kumulatif | C40: 1
B43: 📝 SOAL TES #4: Kasus Penjualan Retail & Target Toko
B44: Parameter F | C44: Nilai Input | E44: Persoalan Tes #4: Hitung distribusi F kumulatif menggunakan fungsi F.DIST dengan argumen C45, C46, C47, dan TRUE!
B45: Nilai X (C45) | C45: 2.4 | E45: ✏️ KETIK RUMUS JAWABAN TES DI BAWAH: | F45: 📌 STATUS KOREKSI JAWABAN TES:
B46: Deg Freedom 1 (C46) | C46: 4 | F46: =IF(ISBLANK(E46), "⏳ Belum Diisi (Ketik Rumus di Sel Kuning E46)", IF(E46='99_KUNCI_JAWABAN'!F143, "✅ BENAR! JAWABAN TES TEPAT!", "❌ Belum Tepat (Cek Sheet Akhir: 99_KUNCI_JAWABAN)"))
B47: Deg Freedom 2 (C47) | C47: 13
B48: Kumulatif | C48: 1
B51: 📝 SOAL TES #5: Kasus Akademik Sekolah & Layanan Publik
B52: Parameter F | C52: Nilai Input | E52: Persoalan Tes #5: Hitung distribusi F kumulatif menggunakan fungsi F.DIST dengan argumen C53, C54, C55, dan TRUE!
B53: Nilai X (C53) | C53: 2.6 | E53: ✏️ KETIK RUMUS JAWABAN TES DI BAWAH: | F53: 📌 STATUS KOREKSI JAWABAN TES:
B54: Deg Freedom 1 (C54) | C54: 4 | F54: =IF(ISBLANK(E54), "⏳ Belum Diisi (Ketik Rumus di Sel Kuning E54)", IF(E54='99_KUNCI_JAWABAN'!F144, "✅ BENAR! JAWABAN TES TEPAT!", "❌ Belum Tepat (Cek Sheet Akhir: 99_KUNCI_JAWABAN)"))
B55: Deg Freedom 2 (C55) | C55: 14
B56: Kumulatif | C56: 1

Sheet F.DIST.RT
B1: 📊 #029 — RUMUS EXCEL: F.DIST.RT | Kategori: 8. Statistik & Analisis Data
B2: 1 Rumus = 1 Contoh Soal + Jawaban Benar & 5 Soal Tes Mandiri (Kunci Jawaban Ada di Sheet Paling Terakhir) | F2: ⬅️ Ke Daftar Isi (00_DAFTAR_ISI) | G2: 🔑 Ke Kunci Jawaban (Sheet Akhir)
B4: 1️⃣ IDENTITAS RUMUS & FUNGSINYA BUAT APA? (F.DIST.RT)
B5: Nama Rumus Excel | C5: =F.DIST.RT(...)
B6: Sintaks / Pola Umum | C6: =F.DIST.RT(x, deg_freedom1, deg_freedom2)
B7: 👶 Fungsinya Buat Apa? | C7: Menghitung distribusi probabilitas F ekor kanan (Right-Tailed).
B9: 2️⃣ 1 CONTOH SOAL & CONTOH JAWABAN BENAR (PELAJARI POLA RUMUS F.DIST.RT DI SINI)
B10: Parameter F | C10: Nilai Input | E10: ✅ 1 CONTOH SOAL BESERTA CONTOH RUMUS & HASIL JAWABAN BENAR:
B11: Nilai X (C11) | C11: 2.8 | E11: Contoh Soal: | F11: Hitung probabilitas distribusi F ekor kanan menggunakan fungsi F.DIST.RT dengan argumen C11, C12, dan C13!
B12: Deg Freedom 1 (C12) | C12: 4 | E12: Contoh Rumus Benar: | F12: '=F.DIST.RT(C11, C12, C13)
B13: Deg Freedom 2 (C13) | C13: 15 | E13: Contoh Hasil Benar: | F13: =F.DIST.RT(C11, C12, C13)
B14: Cadangan | C14: 1
B16: 3️⃣ 5 SOAL TES DUNIA NYATA — KERJAKAN DI KOTAK KUNING (TANPA KUNCI RUMUS / HASIL DI SINI!)
B17: 📌 Catatan Tes: Soal Tes #1 s/d #5 di bawah ini tidak menampilkan kunci rumus maupun hasil. Kunci jawaban lengkap tersedia di sheet paling terakhir (99_KUNCI_JAWABAN).
B19: 📝 SOAL TES #1: Kasus Keuangan & Akuntansi Kantor
B20: Parameter F | C20: Nilai Input | E20: Persoalan Tes #1: Hitung probabilitas distribusi F ekor kanan menggunakan fungsi F.DIST.RT dengan argumen C21, C22, dan C23!
B21: Nilai X (C21) | C21: 1.8 | E21: ✏️ KETIK RUMUS JAWABAN TES DI BAWAH: | F21: 📌 STATUS KOREKSI JAWABAN TES:
B22: Deg Freedom 1 (C22) | C22: 4 | F22: =IF(ISBLANK(E22), "⏳ Belum Diisi (Ketik Rumus di Sel Kuning E22)", IF(E22='99_KUNCI_JAWABAN'!F145, "✅ BENAR! JAWABAN TES TEPAT!", "❌ Belum Tepat (Cek Sheet Akhir: 99_KUNCI_JAWABAN)"))
B23: Deg Freedom 2 (C23) | C23: 10
B24: Cadangan | C24: 1
B27: 📝 SOAL TES #2: Kasus HRD, Gaji & Lembur Karyawan
B28: Parameter F | C28: Nilai Input | E28: Persoalan Tes #2: Hitung probabilitas distribusi F ekor kanan menggunakan fungsi F.DIST.RT dengan argumen C29, C30, dan C31!
B29: Nilai X (C29) | C29: 2 | E29: ✏️ KETIK RUMUS JAWABAN TES DI BAWAH: | F29: 📌 STATUS KOREKSI JAWABAN TES:
B30: Deg Freedom 1 (C30) | C30: 4 | F30: =IF(ISBLANK(E30), "⏳ Belum Diisi (Ketik Rumus di Sel Kuning E30)", IF(E30='99_KUNCI_JAWABAN'!F146, "✅ BENAR! JAWABAN TES TEPAT!", "❌ Belum Tepat (Cek Sheet Akhir: 99_KUNCI_JAWABAN)"))
B31: Deg Freedom 2 (C31) | C31: 11
B32: Cadangan | C32: 1
B35: 📝 SOAL TES #3: Kasus Logistik & Stok Gudang Utama
B36: Parameter F | C36: Nilai Input | E36: Persoalan Tes #3: Hitung probabilitas distribusi F ekor kanan menggunakan fungsi F.DIST.RT dengan argumen C37, C38, dan C39!
B37: Nilai X (C37) | C37: 2.2 | E37: ✏️ KETIK RUMUS JAWABAN TES DI BAWAH: | F37: 📌 STATUS KOREKSI JAWABAN TES:
B38: Deg Freedom 1 (C38) | C38: 4 | F38: =IF(ISBLANK(E38), "⏳ Belum Diisi (Ketik Rumus di Sel Kuning E38)", IF(E38='99_KUNCI_JAWABAN'!F147, "✅ BENAR! JAWABAN TES TEPAT!", "❌ Belum Tepat (Cek Sheet Akhir: 99_KUNCI_JAWABAN)"))
B39: Deg Freedom 2 (C39) | C39: 12
B40: Cadangan | C40: 1
B43: 📝 SOAL TES #4: Kasus Penjualan Retail & Target Toko
B44: Parameter F | C44: Nilai Input | E44: Persoalan Tes #4: Hitung probabilitas distribusi F ekor kanan menggunakan fungsi F.DIST.RT dengan argumen C45, C46, dan C47!
B45: Nilai X (C45) | C45: 2.4 | E45: ✏️ KETIK RUMUS JAWABAN TES DI BAWAH: | F45: 📌 STATUS KOREKSI JAWABAN TES:
B46: Deg Freedom 1 (C46) | C46: 4 | F46: =IF(ISBLANK(E46), "⏳ Belum Diisi (Ketik Rumus di Sel Kuning E46)", IF(E46='99_KUNCI_JAWABAN'!F148, "✅ BENAR! JAWABAN TES TEPAT!", "❌ Belum Tepat (Cek Sheet Akhir: 99_KUNCI_JAWABAN)"))
B47: Deg Freedom 2 (C47) | C47: 13
B48: Cadangan | C48: 1
B51: 📝 SOAL TES #5: Kasus Akademik Sekolah & Layanan Publik
B52: Parameter F | C52: Nilai Input | E52: Persoalan Tes #5: Hitung probabilitas distribusi F ekor kanan menggunakan fungsi F.DIST.RT dengan argumen C53, C54, dan C55!
B53: Nilai X (C53) | C53: 2.6 | E53: ✏️ KETIK RUMUS JAWABAN TES DI BAWAH: | F53: 📌 STATUS KOREKSI JAWABAN TES:
B54: Deg Freedom 1 (C54) | C54: 4 | F54: =IF(ISBLANK(E54), "⏳ Belum Diisi (Ketik Rumus di Sel Kuning E54)", IF(E54='99_KUNCI_JAWABAN'!F149, "✅ BENAR! JAWABAN TES TEPAT!", "❌ Belum Tepat (Cek Sheet Akhir: 99_KUNCI_JAWABAN)"))
B55: Deg Freedom 2 (C55) | C55: 14
B56: Cadangan | C56: 1

Sheet F.INV
B1: 📊 #030 — RUMUS EXCEL: F.INV | Kategori: 8. Statistik & Analisis Data
B2: 1 Rumus = 1 Contoh Soal + Jawaban Benar & 5 Soal Tes Mandiri (Kunci Jawaban Ada di Sheet Paling Terakhir) | F2: ⬅️ Ke Daftar Isi (00_DAFTAR_ISI) | G2: 🔑 Ke Kunci Jawaban (Sheet Akhir)
B4: 1️⃣ IDENTITAS RUMUS & FUNGSINYA BUAT APA? (F.INV)
B5: Nama Rumus Excel | C5: =F.INV(...)
B6: Sintaks / Pola Umum | C6: =F.INV(probabilitas, deg_freedom1, deg_freedom2)
B7: 👶 Fungsinya Buat Apa? | C7: Menghitung nilai invers dari distribusi probabilitas F ekor kiri.
B9: 2️⃣ 1 CONTOH SOAL & CONTOH JAWABAN BENAR (PELAJARI POLA RUMUS F.INV DI SINI)
B10: Parameter F | C10: Nilai Input | E10: ✅ 1 CONTOH SOAL BESERTA CONTOH RUMUS & HASIL JAWABAN BENAR:
B11: Probabilitas (C11) | C11: 0.15 | E11: Contoh Soal: | F11: Hitung nilai invers distribusi F menggunakan fungsi F.INV dengan argumen berurutan C11, C12, dan C13!
B12: Deg Freedom 1 (C12) | C12: 4 | E12: Contoh Rumus Benar: | F12: '=F.INV(C11, C12, C13)
B13: Deg Freedom 2 (C13) | C13: 15 | E13: Contoh Hasil Benar: | F13: =F.INV(C11, C12, C13)
B14: Cadangan | C14: 1
B16: 3️⃣ 5 SOAL TES DUNIA NYATA — KERJAKAN DI KOTAK KUNING (TANPA KUNCI RUMUS / HASIL DI SINI!)
B17: 📌 Catatan Tes: Soal Tes #1 s/d #5 di bawah ini tidak menampilkan kunci rumus maupun hasil. Kunci jawaban lengkap tersedia di sheet paling terakhir (99_KUNCI_JAWABAN).
B19: 📝 SOAL TES #1: Kasus Keuangan & Akuntansi Kantor
B20: Parameter F | C20: Nilai Input | E20: Persoalan Tes #1: Hitung nilai invers distribusi F menggunakan fungsi F.INV dengan argumen berurutan C21, C22, dan C23!
B21: Probabilitas (C21) | C21: 0.05 | E21: ✏️ KETIK RUMUS JAWABAN TES DI BAWAH: | F21: 📌 STATUS KOREKSI JAWABAN TES:
B22: Deg Freedom 1 (C22) | C22: 4 | F22: =IF(ISBLANK(E22), "⏳ Belum Diisi (Ketik Rumus di Sel Kuning E22)", IF(E22='99_KUNCI_JAWABAN'!F150, "✅ BENAR! JAWABAN TES TEPAT!", "❌ Belum Tepat (Cek Sheet Akhir: 99_KUNCI_JAWABAN)"))
B23: Deg Freedom 2 (C23) | C23: 10
B24: Cadangan | C24: 1
B27: 📝 SOAL TES #2: Kasus HRD, Gaji & Lembur Karyawan
B28: Parameter F | C28: Nilai Input | E28: Persoalan Tes #2: Hitung nilai invers distribusi F menggunakan fungsi F.INV dengan argumen berurutan C29, C30, dan C31!
B29: Probabilitas (C29) | C29: 0.07 | E29: ✏️ KETIK RUMUS JAWABAN TES DI BAWAH: | F29: 📌 STATUS KOREKSI JAWABAN TES:
B30: Deg Freedom 1 (C30) | C30: 4 | F30: =IF(ISBLANK(E30), "⏳ Belum Diisi (Ketik Rumus di Sel Kuning E30)", IF(E30='99_KUNCI_JAWABAN'!F151, "✅ BENAR! JAWABAN TES TEPAT!", "❌ Belum Tepat (Cek Sheet Akhir: 99_KUNCI_JAWABAN)"))
B31: Deg Freedom 2 (C31) | C31: 11
B32: Cadangan | C32: 1
B35: 📝 SOAL TES #3: Kasus Logistik & Stok Gudang Utama
B36: Parameter F | C36: Nilai Input | E36: Persoalan Tes #3: Hitung nilai invers distribusi F menggunakan fungsi F.INV dengan argumen berurutan C37, C38, dan C39!
B37: Probabilitas (C37) | C37: 0.09 | E37: ✏️ KETIK RUMUS JAWABAN TES DI BAWAH: | F37: 📌 STATUS KOREKSI JAWABAN TES:
B38: Deg Freedom 1 (C38) | C38: 4 | F38: =IF(ISBLANK(E38), "⏳ Belum Diisi (Ketik Rumus di Sel Kuning E38)", IF(E38='99_KUNCI_JAWABAN'!F152, "✅ BENAR! JAWABAN TES TEPAT!", "❌ Belum Tepat (Cek Sheet Akhir: 99_KUNCI_JAWABAN)"))
B39: Deg Freedom 2 (C39) | C39: 12
B40: Cadangan | C40: 1
B43: 📝 SOAL TES #4: Kasus Penjualan Retail & Target Toko
B44: Parameter F | C44: Nilai Input | E44: Persoalan Tes #4: Hitung nilai invers distribusi F menggunakan fungsi F.INV dengan argumen berurutan C45, C46, dan C47!
B45: Probabilitas (C45) | C45: 0.11 | E45: ✏️ KETIK RUMUS JAWABAN TES DI BAWAH: | F45: 📌 STATUS KOREKSI JAWABAN TES:
B46: Deg Freedom 1 (C46) | C46: 4 | F46: =IF(ISBLANK(E46), "⏳ Belum Diisi (Ketik Rumus di Sel Kuning E46)", IF(E46='99_KUNCI_JAWABAN'!F153, "✅ BENAR! JAWABAN TES TEPAT!", "❌ Belum Tepat (Cek Sheet Akhir: 99_KUNCI_JAWABAN)"))
B47: Deg Freedom 2 (C47) | C47: 13
B48: Cadangan | C48: 1
B51: 📝 SOAL TES #5: Kasus Akademik Sekolah & Layanan Publik
B52: Parameter F | C52: Nilai Input | E52: Persoalan Tes #5: Hitung nilai invers distribusi F menggunakan fungsi F.INV dengan argumen berurutan C53, C54, dan C55!
B53: Probabilitas (C53) | C53: 0.13 | E53: ✏️ KETIK RUMUS JAWABAN TES DI BAWAH: | F53: 📌 STATUS KOREKSI JAWABAN TES:
B54: Deg Freedom 1 (C54) | C54: 4 | F54: =IF(ISBLANK(E54), "⏳ Belum Diisi (Ketik Rumus di Sel Kuning E54)", IF(E54='99_KUNCI_JAWABAN'!F154, "✅ BENAR! JAWABAN TES TEPAT!", "❌ Belum Tepat (Cek Sheet Akhir: 99_KUNCI_JAWABAN)"))
B55: Deg Freedom 2 (C55) | C55: 14
B56: Cadangan | C56: 1

Sheet F.INV.RT
B1: 📊 #031 — RUMUS EXCEL: F.INV.RT | Kategori: 8. Statistik & Analisis Data
B2: 1 Rumus = 1 Contoh Soal + Jawaban Benar & 5 Soal Tes Mandiri (Kunci Jawaban Ada di Sheet Paling Terakhir) | F2: ⬅️ Ke Daftar Isi (00_DAFTAR_ISI) | G2: 🔑 Ke Kunci Jawaban (Sheet Akhir)
B4: 1️⃣ IDENTITAS RUMUS & FUNGSINYA BUAT APA? (F.INV.RT)
B5: Nama Rumus Excel | C5: =F.INV.RT(...)
B6: Sintaks / Pola Umum | C6: =F.INV.RT(probabilitas, deg_freedom1, deg_freedom2)
B7: 👶 Fungsinya Buat Apa? | C7: Menghitung nilai invers dari distribusi probabilitas F ekor kanan.
B9: 2️⃣ 1 CONTOH SOAL & CONTOH JAWABAN BENAR (PELAJARI POLA RUMUS F.INV.RT DI SINI)
B10: Parameter F | C10: Nilai Input | E10: ✅ 1 CONTOH SOAL BESERTA CONTOH RUMUS & HASIL JAWABAN BENAR:
B11: Probabilitas (C11) | C11: 0.15 | E11: Contoh Soal: | F11: Hitung nilai invers distribusi F menggunakan fungsi F.INV.RT dengan argumen berurutan C11, C12, dan C13!
B12: Deg Freedom 1 (C12) | C12: 4 | E12: Contoh Rumus Benar: | F12: '=F.INV.RT(C11, C12, C13)
B13: Deg Freedom 2 (C13) | C13: 15 | E13: Contoh Hasil Benar: | F13: =F.INV.RT(C11, C12, C13)
B14: Cadangan | C14: 1
B16: 3️⃣ 5 SOAL TES DUNIA NYATA — KERJAKAN DI KOTAK KUNING (TANPA KUNCI RUMUS / HASIL DI SINI!)
B17: 📌 Catatan Tes: Soal Tes #1 s/d #5 di bawah ini tidak menampilkan kunci rumus maupun hasil. Kunci jawaban lengkap tersedia di sheet paling terakhir (99_KUNCI_JAWABAN).
B19: 📝 SOAL TES #1: Kasus Keuangan & Akuntansi Kantor
B20: Parameter F | C20: Nilai Input | E20: Persoalan Tes #1: Hitung nilai invers distribusi F menggunakan fungsi F.INV.RT dengan argumen berurutan C21, C22, dan C23!
B21: Probabilitas (C21) | C21: 0.05 | E21: ✏️ KETIK RUMUS JAWABAN TES DI BAWAH: | F21: 📌 STATUS KOREKSI JAWABAN TES:
B22: Deg Freedom 1 (C22) | C22: 4 | F22: =IF(ISBLANK(E22), "⏳ Belum Diisi (Ketik Rumus di Sel Kuning E22)", IF(E22='99_KUNCI_JAWABAN'!F155, "✅ BENAR! JAWABAN TES TEPAT!", "❌ Belum Tepat (Cek Sheet Akhir: 99_KUNCI_JAWABAN)"))
B23: Deg Freedom 2 (C23) | C23: 10
B24: Cadangan | C24: 1
B27: 📝 SOAL TES #2: Kasus HRD, Gaji & Lembur Karyawan
B28: Parameter F | C28: Nilai Input | E28: Persoalan Tes #2: Hitung nilai invers distribusi F menggunakan fungsi F.INV.RT dengan argumen berurutan C29, C30, dan C31!
B29: Probabilitas (C29) | C29: 0.07 | E29: ✏️ KETIK RUMUS JAWABAN TES DI BAWAH: | F29: 📌 STATUS KOREKSI JAWABAN TES:
B30: Deg Freedom 1 (C30) | C30: 4 | F30: =IF(ISBLANK(E30), "⏳ Belum Diisi (Ketik Rumus di Sel Kuning E30)", IF(E30='99_KUNCI_JAWABAN'!F156, "✅ BENAR! JAWABAN TES TEPAT!", "❌ Belum Tepat (Cek Sheet Akhir: 99_KUNCI_JAWABAN)"))
B31: Deg Freedom 2 (C31) | C31: 11
B32: Cadangan | C32: 1
B35: 📝 SOAL TES #3: Kasus Logistik & Stok Gudang Utama
B36: Parameter F | C36: Nilai Input | E36: Persoalan Tes #3: Hitung nilai invers distribusi F menggunakan fungsi F.INV.RT dengan argumen berurutan C37, C38, dan C39!
B37: Probabilitas (C37) | C37: 0.09 | E37: ✏️ KETIK RUMUS JAWABAN TES DI BAWAH: | F37: 📌 STATUS KOREKSI JAWABAN TES:
B38: Deg Freedom 1 (C38) | C38: 4 | F38: =IF(ISBLANK(E38), "⏳ Belum Diisi (Ketik Rumus di Sel Kuning E38)", IF(E38='99_KUNCI_JAWABAN'!F157, "✅ BENAR! JAWABAN TES TEPAT!", "❌ Belum Tepat (Cek Sheet Akhir: 99_KUNCI_JAWABAN)"))
B39: Deg Freedom 2 (C39) | C39: 12
B40: Cadangan | C40: 1
B43: 📝 SOAL TES #4: Kasus Penjualan Retail & Target Toko
B44: Parameter F | C44: Nilai Input | E44: Persoalan Tes #4: Hitung nilai invers distribusi F menggunakan fungsi F.INV.RT dengan argumen berurutan C45, C46, dan C47!
B45: Probabilitas (C45) | C45: 0.11 | E45: ✏️ KETIK RUMUS JAWABAN TES DI BAWAH: | F45: 📌 STATUS KOREKSI JAWABAN TES:
B46: Deg Freedom 1 (C46) | C46: 4 | F46: =IF(ISBLANK(E46), "⏳ Belum Diisi (Ketik Rumus di Sel Kuning E46)", IF(E46='99_KUNCI_JAWABAN'!F158, "✅ BENAR! JAWABAN TES TEPAT!", "❌ Belum Tepat (Cek Sheet Akhir: 99_KUNCI_JAWABAN)"))
B47: Deg Freedom 2 (C47) | C47: 13
B48: Cadangan | C48: 1
B51: 📝 SOAL TES #5: Kasus Akademik Sekolah & Layanan Publik
B52: Parameter F | C52: Nilai Input | E52: Persoalan Tes #5: Hitung nilai invers distribusi F menggunakan fungsi F.INV.RT dengan argumen berurutan C53, C54, dan C55!
B53: Probabilitas (C53) | C53: 0.13 | E53: ✏️ KETIK RUMUS JAWABAN TES DI BAWAH: | F53: 📌 STATUS KOREKSI JAWABAN TES:
B54: Deg Freedom 1 (C54) | C54: 4 | F54: =IF(ISBLANK(E54), "⏳ Belum Diisi (Ketik Rumus di Sel Kuning E54)", IF(E54='99_KUNCI_JAWABAN'!F159, "✅ BENAR! JAWABAN TES TEPAT!", "❌ Belum Tepat (Cek Sheet Akhir: 99_KUNCI_JAWABAN)"))
B55: Deg Freedom 2 (C55) | C55: 14
B56: Cadangan | C56: 1

Sheet FTEST
B1: 📊 #032 — RUMUS EXCEL: FTEST | Kategori: 8. Statistik & Analisis Data
B2: 1 Rumus = 1 Contoh Soal + Jawaban Benar & 5 Soal Tes Mandiri (Kunci Jawaban Ada di Sheet Paling Terakhir) | F2: ⬅️ Ke Daftar Isi (00_DAFTAR_ISI) | G2: 🔑 Ke Kunci Jawaban (Sheet Akhir)
B4: 1️⃣ IDENTITAS RUMUS & FUNGSINYA BUAT APA? (FTEST)
B5: Nama Rumus Excel | C5: =FTEST(...)
B6: Sintaks / Pola Umum | C6: =FTEST(array1, array2)
B7: 👶 Fungsinya Buat Apa? | C7: Menghasilkan hasil uji-F untuk membandingkan varians dari dua sampel data.
B9: 2️⃣ 1 CONTOH SOAL & CONTOH JAWABAN BENAR (PELAJARI POLA RUMUS FTEST DI SINI)
B10: Data Variabel 1 | C10: Data Variabel 2 | E10: ✅ 1 CONTOH SOAL BESERTA CONTOH RUMUS & HASIL JAWABAN BENAR:
B11: 60 | C11: 90 | E11: Contoh Soal: | F11: Analisis hubungan antara data pertama (B11:B14) dan data kedua (C11:C14) menggunakan fungsi FTEST!
B12: 120 | C12: 168 | E12: Contoh Rumus Benar: | F12: '=FTEST(B11:B14, C11:C14)
B13: 210 | C13: 240 | E13: Contoh Hasil Benar: | F13: =FTEST(B11:B14, C11:C14)
B14: 300 | C14: 348
B16: 3️⃣ 5 SOAL TES DUNIA NYATA — KERJAKAN DI KOTAK KUNING (TANPA KUNCI RUMUS / HASIL DI SINI!)
B17: 📌 Catatan Tes: Soal Tes #1 s/d #5 di bawah ini tidak menampilkan kunci rumus maupun hasil. Kunci jawaban lengkap tersedia di sheet paling terakhir (99_KUNCI_JAWABAN).
B19: 📝 SOAL TES #1: Kasus Keuangan & Akuntansi Kantor
B20: Data Variabel 1 | C20: Data Variabel 2 | E20: Persoalan Tes #1: Analisis hubungan antara data pertama (B21:B24) dan data kedua (C21:C24) menggunakan fungsi FTEST!
B21: 10 | C21: 15 | E21: ✏️ KETIK RUMUS JAWABAN TES DI BAWAH: | F21: 📌 STATUS KOREKSI JAWABAN TES:
B22: 20 | C22: 28 | F22: =IF(ISBLANK(E22), "⏳ Belum Diisi (Ketik Rumus di Sel Kuning E22)", IF(E22='99_KUNCI_JAWABAN'!F160, "✅ BENAR! JAWABAN TES TEPAT!", "❌ Belum Tepat (Cek Sheet Akhir: 99_KUNCI_JAWABAN)"))
B23: 35 | C23: 40
B24: 50 | C24: 58
B27: 📝 SOAL TES #2: Kasus HRD, Gaji & Lembur Karyawan
B28: Data Variabel 1 | C28: Data Variabel 2 | E28: Persoalan Tes #2: Analisis hubungan antara data pertama (B29:B32) dan data kedua (C29:C32) menggunakan fungsi FTEST!
B29: 20 | C29: 30 | E29: ✏️ KETIK RUMUS JAWABAN TES DI BAWAH: | F29: 📌 STATUS KOREKSI JAWABAN TES:
B30: 40 | C30: 56 | F30: =IF(ISBLANK(E30), "⏳ Belum Diisi (Ketik Rumus di Sel Kuning E30)", IF(E30='99_KUNCI_JAWABAN'!F161, "✅ BENAR! JAWABAN TES TEPAT!", "❌ Belum Tepat (Cek Sheet Akhir: 99_KUNCI_JAWABAN)"))
B31: 70 | C31: 80
B32: 100 | C32: 116
B35: 📝 SOAL TES #3: Kasus Logistik & Stok Gudang Utama
B36: Data Variabel 1 | C36: Data Variabel 2 | E36: Persoalan Tes #3: Analisis hubungan antara data pertama (B37:B40) dan data kedua (C37:C40) menggunakan fungsi FTEST!
B37: 30 | C37: 45 | E37: ✏️ KETIK RUMUS JAWABAN TES DI BAWAH: | F37: 📌 STATUS KOREKSI JAWABAN TES:
B38: 60 | C38: 84 | F38: =IF(ISBLANK(E38), "⏳ Belum Diisi (Ketik Rumus di Sel Kuning E38)", IF(E38='99_KUNCI_JAWABAN'!F162, "✅ BENAR! JAWABAN TES TEPAT!", "❌ Belum Tepat (Cek Sheet Akhir: 99_KUNCI_JAWABAN)"))
B39: 105 | C39: 120
B40: 150 | C40: 174
B43: 📝 SOAL TES #4: Kasus Penjualan Retail & Target Toko
B44: Data Variabel 1 | C44: Data Variabel 2 | E44: Persoalan Tes #4: Analisis hubungan antara data pertama (B45:B48) dan data kedua (C45:C48) menggunakan fungsi FTEST!
B45: 40 | C45: 60 | E45: ✏️ KETIK RUMUS JAWABAN TES DI BAWAH: | F45: 📌 STATUS KOREKSI JAWABAN TES:
B46: 80 | C46: 112 | F46: =IF(ISBLANK(E46), "⏳ Belum Diisi (Ketik Rumus di Sel Kuning E46)", IF(E46='99_KUNCI_JAWABAN'!F163, "✅ BENAR! JAWABAN TES TEPAT!", "❌ Belum Tepat (Cek Sheet Akhir: 99_KUNCI_JAWABAN)"))
B47: 140 | C47: 160
B48: 200 | C48: 232
B51: 📝 SOAL TES #5: Kasus Akademik Sekolah & Layanan Publik
B52: Data Variabel 1 | C52: Data Variabel 2 | E52: Persoalan Tes #5: Analisis hubungan antara data pertama (B53:B56) dan data kedua (C53:C56) menggunakan fungsi FTEST!
B53: 50 | C53: 75 | E53: ✏️ KETIK RUMUS JAWABAN TES DI BAWAH: | F53: 📌 STATUS KOREKSI JAWABAN TES:
B54: 100 | C54: 140 | F54: =IF(ISBLANK(E54), "⏳ Belum Diisi (Ketik Rumus di Sel Kuning E54)", IF(E54='99_KUNCI_JAWABAN'!F164, "✅ BENAR! JAWABAN TES TEPAT!", "❌ Belum Tepat (Cek Sheet Akhir: 99_KUNCI_JAWABAN)"))
B55: 175 | C55: 200
B56: 250 | C56: 290

Sheet FISHER
B1: 📊 #033 — RUMUS EXCEL: FISHER | Kategori: 8. Statistik & Analisis Data
B2: 1 Rumus = 1 Contoh Soal + Jawaban Benar & 5 Soal Tes Mandiri (Kunci Jawaban Ada di Sheet Paling Terakhir) | F2: ⬅️ Ke Daftar Isi (00_DAFTAR_ISI) | G2: 🔑 Ke Kunci Jawaban (Sheet Akhir)
B4: 1️⃣ IDENTITAS RUMUS & FUNGSINYA BUAT APA? (FISHER)
B5: Nama Rumus Excel | C5: =FISHER(...)
B6: Sintaks / Pola Umum | C6: =FISHER(x)
B7: 👶 Fungsinya Buat Apa? | C7: Menghitung transformasi Fisher pada nilai koefisien korelasi r (-1 < x < 1).
B9: 2️⃣ 1 CONTOH SOAL & CONTOH JAWABAN BENAR (PELAJARI POLA RUMUS FISHER DI SINI)
B10: Parameter Statistik | C10: Nilai Koefisien | E10: ✅ 1 CONTOH SOAL BESERTA CONTOH RUMUS & HASIL JAWABAN BENAR:
B11: Simulasi Unit A | C11: 0.75 | E11: Contoh Soal: | F11: Hitung hasil transformasi FISHER untuk nilai koefisien pada sel C11 (0.75)!
B12: Simulasi Unit B | C12: 0.4 | E12: Contoh Rumus Benar: | F12: '=FISHER(C11)
B13: Simulasi Unit C | C13: 0.5 | E13: Contoh Hasil Benar: | F13: =FISHER(C11)
B14: Simulasi Unit D | C14: 0.6
B16: 3️⃣ 5 SOAL TES DUNIA NYATA — KERJAKAN DI KOTAK KUNING (TANPA KUNCI RUMUS / HASIL DI SINI!)
B17: 📌 Catatan Tes: Soal Tes #1 s/d #5 di bawah ini tidak menampilkan kunci rumus maupun hasil. Kunci jawaban lengkap tersedia di sheet paling terakhir (99_KUNCI_JAWABAN).
B19: 📝 SOAL TES #1: Kasus Keuangan & Akuntansi Kantor
B20: Parameter Statistik | C20: Nilai Koefisien | E20: Persoalan Tes #1: Hitung hasil transformasi FISHER untuk nilai koefisien pada sel C21 (0.25)!
B21: Cabang Jakarta | C21: 0.25 | E21: ✏️ KETIK RUMUS JAWABAN TES DI BAWAH: | F21: 📌 STATUS KOREKSI JAWABAN TES:
B22: Cabang Bandung | C22: 0.4 | F22: =IF(ISBLANK(E22), "⏳ Belum Diisi (Ketik Rumus di Sel Kuning E22)", IF(E22='99_KUNCI_JAWABAN'!F165, "✅ BENAR! JAWABAN TES TEPAT!", "❌ Belum Tepat (Cek Sheet Akhir: 99_KUNCI_JAWABAN)"))
B23: Cabang Surabaya | C23: 0.5
B24: Cabang Medan | C24: 0.6
B27: 📝 SOAL TES #2: Kasus HRD, Gaji & Lembur Karyawan
B28: Parameter Statistik | C28: Nilai Koefisien | E28: Persoalan Tes #2: Hitung hasil transformasi FISHER untuk nilai koefisien pada sel C29 (0.35)!
B29: Budi Santoso | C29: 0.35 | E29: ✏️ KETIK RUMUS JAWABAN TES DI BAWAH: | F29: 📌 STATUS KOREKSI JAWABAN TES:
B30: Siti Aminah | C30: 0.4 | F30: =IF(ISBLANK(E30), "⏳ Belum Diisi (Ketik Rumus di Sel Kuning E30)", IF(E30='99_KUNCI_JAWABAN'!F166, "✅ BENAR! JAWABAN TES TEPAT!", "❌ Belum Tepat (Cek Sheet Akhir: 99_KUNCI_JAWABAN)"))
B31: Andi Pratama | C31: 0.5
B32: Rina Wijaya | C32: 0.6
B35: 📝 SOAL TES #3: Kasus Logistik & Stok Gudang Utama
B36: Parameter Statistik | C36: Nilai Koefisien | E36: Persoalan Tes #3: Hitung hasil transformasi FISHER untuk nilai koefisien pada sel C37 (0.45)!
B37: Gudang Blok A | C37: 0.45 | E37: ✏️ KETIK RUMUS JAWABAN TES DI BAWAH: | F37: 📌 STATUS KOREKSI JAWABAN TES:
B38: Gudang Blok B | C38: 0.4 | F38: =IF(ISBLANK(E38), "⏳ Belum Diisi (Ketik Rumus di Sel Kuning E38)", IF(E38='99_KUNCI_JAWABAN'!F167, "✅ BENAR! JAWABAN TES TEPAT!", "❌ Belum Tepat (Cek Sheet Akhir: 99_KUNCI_JAWABAN)"))
B39: Gudang Blok C | C39: 0.5
B40: Gudang Blok D | C40: 0.6
B43: 📝 SOAL TES #4: Kasus Penjualan Retail & Target Toko
B44: Parameter Statistik | C44: Nilai Koefisien | E44: Persoalan Tes #4: Hitung hasil transformasi FISHER untuk nilai koefisien pada sel C45 (0.55)!
B45: Toko Elektronik | C45: 0.55 | E45: ✏️ KETIK RUMUS JAWABAN TES DI BAWAH: | F45: 📌 STATUS KOREKSI JAWABAN TES:
B46: Toko Komputer | C46: 0.4 | F46: =IF(ISBLANK(E46), "⏳ Belum Diisi (Ketik Rumus di Sel Kuning E46)", IF(E46='99_KUNCI_JAWABAN'!F168, "✅ BENAR! JAWABAN TES TEPAT!", "❌ Belum Tepat (Cek Sheet Akhir: 99_KUNCI_JAWABAN)"))
B47: Toko Aksesoris | C47: 0.5
B48: Toko Servis | C48: 0.6
B51: 📝 SOAL TES #5: Kasus Akademik Sekolah & Layanan Publik
B52: Parameter Statistik | C52: Nilai Koefisien | E52: Persoalan Tes #5: Hitung hasil transformasi FISHER untuk nilai koefisien pada sel C53 (0.65)!
B53: Kelas 10 IPA | C53: 0.65 | E53: ✏️ KETIK RUMUS JAWABAN TES DI BAWAH: | F53: 📌 STATUS KOREKSI JAWABAN TES:
B54: Kelas 11 IPA | C54: 0.4 | F54: =IF(ISBLANK(E54), "⏳ Belum Diisi (Ketik Rumus di Sel Kuning E54)", IF(E54='99_KUNCI_JAWABAN'!F169, "✅ BENAR! JAWABAN TES TEPAT!", "❌ Belum Tepat (Cek Sheet Akhir: 99_KUNCI_JAWABAN)"))
B55: Kelas 12 IPA | C55: 0.5
B56: Kelas Unggulan | C56: 0.6

Sheet FISHER.INV
B1: 📊 #034 — RUMUS EXCEL: FISHER.INV | Kategori: 8. Statistik & Analisis Data
B2: 1 Rumus = 1 Contoh Soal + Jawaban Benar & 5 Soal Tes Mandiri (Kunci Jawaban Ada di Sheet Paling Terakhir) | F2: ⬅️ Ke Daftar Isi (00_DAFTAR_ISI) | G2: 🔑 Ke Kunci Jawaban (Sheet Akhir)
B4: 1️⃣ IDENTITAS RUMUS & FUNGSINYA BUAT APA? (FISHER.INV)
B5: Nama Rumus Excel | C5: =FISHER.INV(...)
B6: Sintaks / Pola Umum | C6: =FISHERINV(y)
B7: 👶 Fungsinya Buat Apa? | C7: Menghitung kebalikan (invers) dari transformasi Fisher.
B9: 2️⃣ 1 CONTOH SOAL & CONTOH JAWABAN BENAR (PELAJARI POLA RUMUS FISHER.INV DI SINI)
B10: Parameter Statistik | C10: Nilai Koefisien | E10: ✅ 1 CONTOH SOAL BESERTA CONTOH RUMUS & HASIL JAWABAN BENAR:
B11: Simulasi Unit A | C11: 0.75 | E11: Contoh Soal: | F11: Hitung hasil transformasi FISHERINV untuk nilai koefisien pada sel C11 (0.75)!
B12: Simulasi Unit B | C12: 0.4 | E12: Contoh Rumus Benar: | F12: '=FISHERINV(C11)
B13: Simulasi Unit C | C13: 0.5 | E13: Contoh Hasil Benar: | F13: =FISHERINV(C11)
B14: Simulasi Unit D | C14: 0.6
B16: 3️⃣ 5 SOAL TES DUNIA NYATA — KERJAKAN DI KOTAK KUNING (TANPA KUNCI RUMUS / HASIL DI SINI!)
B17: 📌 Catatan Tes: Soal Tes #1 s/d #5 di bawah ini tidak menampilkan kunci rumus maupun hasil. Kunci jawaban lengkap tersedia di sheet paling terakhir (99_KUNCI_JAWABAN).
B19: 📝 SOAL TES #1: Kasus Keuangan & Akuntansi Kantor
B20: Parameter Statistik | C20: Nilai Koefisien | E20: Persoalan Tes #1: Hitung hasil transformasi FISHERINV untuk nilai koefisien pada sel C21 (0.25)!
B21: Cabang Jakarta | C21: 0.25 | E21: ✏️ KETIK RUMUS JAWABAN TES DI BAWAH: | F21: 📌 STATUS KOREKSI JAWABAN TES:
B22: Cabang Bandung | C22: 0.4 | F22: =IF(ISBLANK(E22), "⏳ Belum Diisi (Ketik Rumus di Sel Kuning E22)", IF(E22='99_KUNCI_JAWABAN'!F170, "✅ BENAR! JAWABAN TES TEPAT!", "❌ Belum Tepat (Cek Sheet Akhir: 99_KUNCI_JAWABAN)"))
B23: Cabang Surabaya | C23: 0.5
B24: Cabang Medan | C24: 0.6
B27: 📝 SOAL TES #2: Kasus HRD, Gaji & Lembur Karyawan
B28: Parameter Statistik | C28: Nilai Koefisien | E28: Persoalan Tes #2: Hitung hasil transformasi FISHERINV untuk nilai koefisien pada sel C29 (0.35)!
B29: Budi Santoso | C29: 0.35 | E29: ✏️ KETIK RUMUS JAWABAN TES DI BAWAH: | F29: 📌 STATUS KOREKSI JAWABAN TES:
B30: Siti Aminah | C30: 0.4 | F30: =IF(ISBLANK(E30), "⏳ Belum Diisi (Ketik Rumus di Sel Kuning E30)", IF(E30='99_KUNCI_JAWABAN'!F171, "✅ BENAR! JAWABAN TES TEPAT!", "❌ Belum Tepat (Cek Sheet Akhir: 99_KUNCI_JAWABAN)"))
B31: Andi Pratama | C31: 0.5
B32: Rina Wijaya | C32: 0.6
B35: 📝 SOAL TES #3: Kasus Logistik & Stok Gudang Utama
B36: Parameter Statistik | C36: Nilai Koefisien | E36: Persoalan Tes #3: Hitung hasil transformasi FISHERINV untuk nilai koefisien pada sel C37 (0.45)!
B37: Gudang Blok A | C37: 0.45 | E37: ✏️ KETIK RUMUS JAWABAN TES DI BAWAH: | F37: 📌 STATUS KOREKSI JAWABAN TES:
B38: Gudang Blok B | C38: 0.4 | F38: =IF(ISBLANK(E38), "⏳ Belum Diisi (Ketik Rumus di Sel Kuning E38)", IF(E38='99_KUNCI_JAWABAN'!F172, "✅ BENAR! JAWABAN TES TEPAT!", "❌ Belum Tepat (Cek Sheet Akhir: 99_KUNCI_JAWABAN)"))
B39: Gudang Blok C | C39: 0.5
B40: Gudang Blok D | C40: 0.6
B43: 📝 SOAL TES #4: Kasus Penjualan Retail & Target Toko
B44: Parameter Statistik | C44: Nilai Koefisien | E44: Persoalan Tes #4: Hitung hasil transformasi FISHERINV untuk nilai koefisien pada sel C45 (0.55)!
B45: Toko Elektronik | C45: 0.55 | E45: ✏️ KETIK RUMUS JAWABAN TES DI BAWAH: | F45: 📌 STATUS KOREKSI JAWABAN TES:
B46: Toko Komputer | C46: 0.4 | F46: =IF(ISBLANK(E46), "⏳ Belum Diisi (Ketik Rumus di Sel Kuning E46)", IF(E46='99_KUNCI_JAWABAN'!F173, "✅ BENAR! JAWABAN TES TEPAT!", "❌ Belum Tepat (Cek Sheet Akhir: 99_KUNCI_JAWABAN)"))
B47: Toko Aksesoris | C47: 0.5
B48: Toko Servis | C48: 0.6
B51: 📝 SOAL TES #5: Kasus Akademik Sekolah & Layanan Publik
B52: Parameter Statistik | C52: Nilai Koefisien | E52: Persoalan Tes #5: Hitung hasil transformasi FISHERINV untuk nilai koefisien pada sel C53 (0.65)!
B53: Kelas 10 IPA | C53: 0.65 | E53: ✏️ KETIK RUMUS JAWABAN TES DI BAWAH: | F53: 📌 STATUS KOREKSI JAWABAN TES:
B54: Kelas 11 IPA | C54: 0.4 | F54: =IF(ISBLANK(E54), "⏳ Belum Diisi (Ketik Rumus di Sel Kuning E54)", IF(E54='99_KUNCI_JAWABAN'!F174, "✅ BENAR! JAWABAN TES TEPAT!", "❌ Belum Tepat (Cek Sheet Akhir: 99_KUNCI_JAWABAN)"))
B55: Kelas 12 IPA | C55: 0.5
B56: Kelas Unggulan | C56: 0.6

Sheet FORECAST
B1: 📊 #035 — RUMUS EXCEL: FORECAST | Kategori: 8. Statistik & Analisis Data
B2: 1 Rumus = 1 Contoh Soal + Jawaban Benar & 5 Soal Tes Mandiri (Kunci Jawaban Ada di Sheet Paling Terakhir) | F2: ⬅️ Ke Daftar Isi (00_DAFTAR_ISI) | G2: 🔑 Ke Kunci Jawaban (Sheet Akhir)
B4: 1️⃣ IDENTITAS RUMUS & FUNGSINYA BUAT APA? (FORECAST)
B5: Nama Rumus Excel | C5: =FORECAST(...)
B6: Sintaks / Pola Umum | C6: =FORECAST(target_x, range_y, range_x)
B7: 👶 Fungsinya Buat Apa? | C7: Meramal nilai masa depan berdasarkan tren regresi linear.
B9: 2️⃣ 1 CONTOH SOAL & CONTOH JAWABAN BENAR (PELAJARI POLA RUMUS FORECAST DI SINI)
B10: Periode Bulan (X) | C10: Omzet Juta (Y) | E10: ✅ 1 CONTOH SOAL BESERTA CONTOH RUMUS & HASIL JAWABAN BENAR:
B11: 1 | C11: 600 | E11: Contoh Soal: | F11: Ramal nilai pada target periode ke-5 berdasarkan data historis Y (C11:C14) dan periode X (B11:B14) menggunakan fungsi FORECAST!
B12: 2 | C12: 810 | E12: Contoh Rumus Benar: | F12: '=FORECAST(5, C11:C14, B11:B14)
B13: 3 | C13: 1020 | E13: Contoh Hasil Benar: | F13: =FORECAST(5, C11:C14, B11:B14)
B14: 4 | C14: 1230
B16: 3️⃣ 5 SOAL TES DUNIA NYATA — KERJAKAN DI KOTAK KUNING (TANPA KUNCI RUMUS / HASIL DI SINI!)
B17: 📌 Catatan Tes: Soal Tes #1 s/d #5 di bawah ini tidak menampilkan kunci rumus maupun hasil. Kunci jawaban lengkap tersedia di sheet paling terakhir (99_KUNCI_JAWABAN).
B19: 📝 SOAL TES #1: Kasus Keuangan & Akuntansi Kantor
B20: Periode Bulan (X) | C20: Omzet Juta (Y) | E20: Persoalan Tes #1: Ramal nilai pada target periode ke-5 berdasarkan data historis Y (C21:C24) dan periode X (B21:B24) menggunakan fungsi FORECAST!
B21: 1 | C21: 100 | E21: ✏️ KETIK RUMUS JAWABAN TES DI BAWAH: | F21: 📌 STATUS KOREKSI JAWABAN TES:
B22: 2 | C22: 135 | F22: =IF(ISBLANK(E22), "⏳ Belum Diisi (Ketik Rumus di Sel Kuning E22)", IF(E22='99_KUNCI_JAWABAN'!F175, "✅ BENAR! JAWABAN TES TEPAT!", "❌ Belum Tepat (Cek Sheet Akhir: 99_KUNCI_JAWABAN)"))
B23: 3 | C23: 170
B24: 4 | C24: 205
B27: 📝 SOAL TES #2: Kasus HRD, Gaji & Lembur Karyawan
B28: Periode Bulan (X) | C28: Omzet Juta (Y) | E28: Persoalan Tes #2: Ramal nilai pada target periode ke-5 berdasarkan data historis Y (C29:C32) dan periode X (B29:B32) menggunakan fungsi FORECAST!
B29: 1 | C29: 200 | E29: ✏️ KETIK RUMUS JAWABAN TES DI BAWAH: | F29: 📌 STATUS KOREKSI JAWABAN TES:
B30: 2 | C30: 270 | F30: =IF(ISBLANK(E30), "⏳ Belum Diisi (Ketik Rumus di Sel Kuning E30)", IF(E30='99_KUNCI_JAWABAN'!F176, "✅ BENAR! JAWABAN TES TEPAT!", "❌ Belum Tepat (Cek Sheet Akhir: 99_KUNCI_JAWABAN)"))
B31: 3 | C31: 340
B32: 4 | C32: 410
B35: 📝 SOAL TES #3: Kasus Logistik & Stok Gudang Utama
B36: Periode Bulan (X) | C36: Omzet Juta (Y) | E36: Persoalan Tes #3: Ramal nilai pada target periode ke-5 berdasarkan data historis Y (C37:C40) dan periode X (B37:B40) menggunakan fungsi FORECAST!
B37: 1 | C37: 300 | E37: ✏️ KETIK RUMUS JAWABAN TES DI BAWAH: | F37: 📌 STATUS KOREKSI JAWABAN TES:
B38: 2 | C38: 405 | F38: =IF(ISBLANK(E38), "⏳ Belum Diisi (Ketik Rumus di Sel Kuning E38)", IF(E38='99_KUNCI_JAWABAN'!F177, "✅ BENAR! JAWABAN TES TEPAT!", "❌ Belum Tepat (Cek Sheet Akhir: 99_KUNCI_JAWABAN)"))
B39: 3 | C39: 510
B40: 4 | C40: 615
B43: 📝 SOAL TES #4: Kasus Penjualan Retail & Target Toko
B44: Periode Bulan (X) | C44: Omzet Juta (Y) | E44: Persoalan Tes #4: Ramal nilai pada target periode ke-5 berdasarkan data historis Y (C45:C48) dan periode X (B45:B48) menggunakan fungsi FORECAST!
B45: 1 | C45: 400 | E45: ✏️ KETIK RUMUS JAWABAN TES DI BAWAH: | F45: 📌 STATUS KOREKSI JAWABAN TES:
B46: 2 | C46: 540 | F46: =IF(ISBLANK(E46), "⏳ Belum Diisi (Ketik Rumus di Sel Kuning E46)", IF(E46='99_KUNCI_JAWABAN'!F178, "✅ BENAR! JAWABAN TES TEPAT!", "❌ Belum Tepat (Cek Sheet Akhir: 99_KUNCI_JAWABAN)"))
B47: 3 | C47: 680
B48: 4 | C48: 820
B51: 📝 SOAL TES #5: Kasus Akademik Sekolah & Layanan Publik
B52: Periode Bulan (X) | C52: Omzet Juta (Y) | E52: Persoalan Tes #5: Ramal nilai pada target periode ke-5 berdasarkan data historis Y (C53:C56) dan periode X (B53:B56) menggunakan fungsi FORECAST!
B53: 1 | C53: 500 | E53: ✏️ KETIK RUMUS JAWABAN TES DI BAWAH: | F53: 📌 STATUS KOREKSI JAWABAN TES:
B54: 2 | C54: 675 | F54: =IF(ISBLANK(E54), "⏳ Belum Diisi (Ketik Rumus di Sel Kuning E54)", IF(E54='99_KUNCI_JAWABAN'!F179, "✅ BENAR! JAWABAN TES TEPAT!", "❌ Belum Tepat (Cek Sheet Akhir: 99_KUNCI_JAWABAN)"))
B55: 3 | C55: 850
B56: 4 | C56: 1025

Sheet FREQUENCY
B1: 📊 #036 — RUMUS EXCEL: FREQUENCY | Kategori: 8. Statistik & Analisis Data
B2: 1 Rumus = 1 Contoh Soal + Jawaban Benar & 5 Soal Tes Mandiri (Kunci Jawaban Ada di Sheet Paling Terakhir) | F2: ⬅️ Ke Daftar Isi (00_DAFTAR_ISI) | G2: 🔑 Ke Kunci Jawaban (Sheet Akhir)
B4: 1️⃣ IDENTITAS RUMUS & FUNGSINYA BUAT APA? (FREQUENCY)
B5: Nama Rumus Excel | C5: =FREQUENCY(...)
B6: Sintaks / Pola Umum | C6: =FREQUENCY(data_array, bins_array)
B7: 👶 Fungsinya Buat Apa? | C7: Menghitung distribusi frekuensi kemunculan data berdasarkan batas interval.
B9: 2️⃣ 1 CONTOH SOAL & CONTOH JAWABAN BENAR (PELAJARI POLA RUMUS FREQUENCY DI SINI)
B10: Data Skor (B) | C10: Batas Interval (C) | E10: ✅ 1 CONTOH SOAL BESERTA CONTOH RUMUS & HASIL JAWABAN BENAR:
B11: 75 | C11: 78 | E11: Contoh Soal: | F11: Hitung frekuensi data pada rentang B11:B14 terhadap batas kelas di sel C11 menggunakan fungsi FREQUENCY!
B12: 82 | C12: 85 | E12: Contoh Rumus Benar: | F12: '=FREQUENCY(B11:B14, C11)
B13: 75 | C13: 95 | E13: Contoh Hasil Benar: | F13: =FREQUENCY(B11:B14, C11)
B14: 90 | C14: 100
B16: 3️⃣ 5 SOAL TES DUNIA NYATA — KERJAKAN DI KOTAK KUNING (TANPA KUNCI RUMUS / HASIL DI SINI!)
B17: 📌 Catatan Tes: Soal Tes #1 s/d #5 di bawah ini tidak menampilkan kunci rumus maupun hasil. Kunci jawaban lengkap tersedia di sheet paling terakhir (99_KUNCI_JAWABAN).
B19: 📝 SOAL TES #1: Kasus Keuangan & Akuntansi Kantor
B20: Data Skor (B) | C20: Batas Interval (C) | E20: Persoalan Tes #1: Hitung frekuensi data pada rentang B21:B24 terhadap batas kelas di sel C21 menggunakan fungsi FREQUENCY!
B21: 70 | C21: 78 | E21: ✏️ KETIK RUMUS JAWABAN TES DI BAWAH: | F21: 📌 STATUS KOREKSI JAWABAN TES:
B22: 82 | C22: 85 | F22: =IF(ISBLANK(E22), "⏳ Belum Diisi (Ketik Rumus di Sel Kuning E22)", IF(E22='99_KUNCI_JAWABAN'!F180, "✅ BENAR! JAWABAN TES TEPAT!", "❌ Belum Tepat (Cek Sheet Akhir: 99_KUNCI_JAWABAN)"))
B23: 75 | C23: 95
B24: 90 | C24: 100
B27: 📝 SOAL TES #2: Kasus HRD, Gaji & Lembur Karyawan
B28: Data Skor (B) | C28: Batas Interval (C) | E28: Persoalan Tes #2: Hitung frekuensi data pada rentang B29:B32 terhadap batas kelas di sel C29 menggunakan fungsi FREQUENCY!
B29: 71 | C29: 78 | E29: ✏️ KETIK RUMUS JAWABAN TES DI BAWAH: | F29: 📌 STATUS KOREKSI JAWABAN TES:
B30: 82 | C30: 85 | F30: =IF(ISBLANK(E30), "⏳ Belum Diisi (Ketik Rumus di Sel Kuning E30)", IF(E30='99_KUNCI_JAWABAN'!F181, "✅ BENAR! JAWABAN TES TEPAT!", "❌ Belum Tepat (Cek Sheet Akhir: 99_KUNCI_JAWABAN)"))
B31: 75 | C31: 95
B32: 90 | C32: 100
B35: 📝 SOAL TES #3: Kasus Logistik & Stok Gudang Utama
B36: Data Skor (B) | C36: Batas Interval (C) | E36: Persoalan Tes #3: Hitung frekuensi data pada rentang B37:B40 terhadap batas kelas di sel C37 menggunakan fungsi FREQUENCY!
B37: 72 | C37: 78 | E37: ✏️ KETIK RUMUS JAWABAN TES DI BAWAH: | F37: 📌 STATUS KOREKSI JAWABAN TES:
B38: 82 | C38: 85 | F38: =IF(ISBLANK(E38), "⏳ Belum Diisi (Ketik Rumus di Sel Kuning E38)", IF(E38='99_KUNCI_JAWABAN'!F182, "✅ BENAR! JAWABAN TES TEPAT!", "❌ Belum Tepat (Cek Sheet Akhir: 99_KUNCI_JAWABAN)"))
B39: 75 | C39: 95
B40: 90 | C40: 100
B43: 📝 SOAL TES #4: Kasus Penjualan Retail & Target Toko
B44: Data Skor (B) | C44: Batas Interval (C) | E44: Persoalan Tes #4: Hitung frekuensi data pada rentang B45:B48 terhadap batas kelas di sel C45 menggunakan fungsi FREQUENCY!
B45: 73 | C45: 78 | E45: ✏️ KETIK RUMUS JAWABAN TES DI BAWAH: | F45: 📌 STATUS KOREKSI JAWABAN TES:
B46: 82 | C46: 85 | F46: =IF(ISBLANK(E46), "⏳ Belum Diisi (Ketik Rumus di Sel Kuning E46)", IF(E46='99_KUNCI_JAWABAN'!F183, "✅ BENAR! JAWABAN TES TEPAT!", "❌ Belum Tepat (Cek Sheet Akhir: 99_KUNCI_JAWABAN)"))
B47: 75 | C47: 95
B48: 90 | C48: 100
B51: 📝 SOAL TES #5: Kasus Akademik Sekolah & Layanan Publik
B52: Data Skor (B) | C52: Batas Interval (C) | E52: Persoalan Tes #5: Hitung frekuensi data pada rentang B53:B56 terhadap batas kelas di sel C53 menggunakan fungsi FREQUENCY!
B53: 74 | C53: 78 | E53: ✏️ KETIK RUMUS JAWABAN TES DI BAWAH: | F53: 📌 STATUS KOREKSI JAWABAN TES:
B54: 82 | C54: 85 | F54: =IF(ISBLANK(E54), "⏳ Belum Diisi (Ketik Rumus di Sel Kuning E54)", IF(E54='99_KUNCI_JAWABAN'!F184, "✅ BENAR! JAWABAN TES TEPAT!", "❌ Belum Tepat (Cek Sheet Akhir: 99_KUNCI_JAWABAN)"))
B55: 75 | C55: 95
B56: 90 | C56: 100

Sheet GAMMADIST
B1: 📊 #037 — RUMUS EXCEL: GAMMADIST | Kategori: 8. Statistik & Analisis Data
B2: 1 Rumus = 1 Contoh Soal + Jawaban Benar & 5 Soal Tes Mandiri (Kunci Jawaban Ada di Sheet Paling Terakhir) | F2: ⬅️ Ke Daftar Isi (00_DAFTAR_ISI) | G2: 🔑 Ke Kunci Jawaban (Sheet Akhir)
B4: 1️⃣ IDENTITAS RUMUS & FUNGSINYA BUAT APA? (GAMMADIST)
B5: Nama Rumus Excel | C5: =GAMMADIST(...)
B6: Sintaks / Pola Umum | C6: =GAMMA.DIST(x, alpha, beta, TRUE)
B7: 👶 Fungsinya Buat Apa? | C7: Menghitung distribusi Gamma untuk analisis variabel yang memiliki kemencengan.
B9: 2️⃣ 1 CONTOH SOAL & CONTOH JAWABAN BENAR (PELAJARI POLA RUMUS GAMMADIST DI SINI)
B10: Nama Parameter | C10: Nilai Parameter | E10: ✅ 1 CONTOH SOAL BESERTA CONTOH RUMUS & HASIL JAWABAN BENAR:
B11: Nilai X (C11) | C11: 15 | E11: Contoh Soal: | F11: Hitung nilai distribusi kumulatif (TRUE) menggunakan fungsi GAMMA.DIST dengan argumen berurutan C11, C12, C13, dan TRUE!
B12: Parameter 1 / Mean (C12) | C12: 8 | E12: Contoh Rumus Benar: | F12: '=GAMMA.DIST(C11, C12, C13, TRUE)
B13: Parameter 2 / SD (C13) | C13: 2 | E13: Contoh Hasil Benar: | F13: =GAMMA.DIST(C11, C12, C13, TRUE)
B14: Kumulatif | C14: 1
B16: 3️⃣ 5 SOAL TES DUNIA NYATA — KERJAKAN DI KOTAK KUNING (TANPA KUNCI RUMUS / HASIL DI SINI!)
B17: 📌 Catatan Tes: Soal Tes #1 s/d #5 di bawah ini tidak menampilkan kunci rumus maupun hasil. Kunci jawaban lengkap tersedia di sheet paling terakhir (99_KUNCI_JAWABAN).
B19: 📝 SOAL TES #1: Kasus Keuangan & Akuntansi Kantor
B20: Nama Parameter | C20: Nilai Parameter | E20: Persoalan Tes #1: Hitung nilai distribusi kumulatif (TRUE) menggunakan fungsi GAMMA.DIST dengan argumen berurutan C21, C22, C23, dan TRUE!
B21: Nilai X (C21) | C21: 10 | E21: ✏️ KETIK RUMUS JAWABAN TES DI BAWAH: | F21: 📌 STATUS KOREKSI JAWABAN TES:
B22: Parameter 1 / Mean (C22) | C22: 8 | F22: =IF(ISBLANK(E22), "⏳ Belum Diisi (Ketik Rumus di Sel Kuning E22)", IF(E22='99_KUNCI_JAWABAN'!F185, "✅ BENAR! JAWABAN TES TEPAT!", "❌ Belum Tepat (Cek Sheet Akhir: 99_KUNCI_JAWABAN)"))
B23: Parameter 2 / SD (C23) | C23: 2
B24: Kumulatif | C24: 1
B27: 📝 SOAL TES #2: Kasus HRD, Gaji & Lembur Karyawan
B28: Nama Parameter | C28: Nilai Parameter | E28: Persoalan Tes #2: Hitung nilai distribusi kumulatif (TRUE) menggunakan fungsi GAMMA.DIST dengan argumen berurutan C29, C30, C31, dan TRUE!
B29: Nilai X (C29) | C29: 11 | E29: ✏️ KETIK RUMUS JAWABAN TES DI BAWAH: | F29: 📌 STATUS KOREKSI JAWABAN TES:
B30: Parameter 1 / Mean (C30) | C30: 8 | F30: =IF(ISBLANK(E30), "⏳ Belum Diisi (Ketik Rumus di Sel Kuning E30)", IF(E30='99_KUNCI_JAWABAN'!F186, "✅ BENAR! JAWABAN TES TEPAT!", "❌ Belum Tepat (Cek Sheet Akhir: 99_KUNCI_JAWABAN)"))
B31: Parameter 2 / SD (C31) | C31: 2
B32: Kumulatif | C32: 1
B35: 📝 SOAL TES #3: Kasus Logistik & Stok Gudang Utama
B36: Nama Parameter | C36: Nilai Parameter | E36: Persoalan Tes #3: Hitung nilai distribusi kumulatif (TRUE) menggunakan fungsi GAMMA.DIST dengan argumen berurutan C37, C38, C39, dan TRUE!
B37: Nilai X (C37) | C37: 12 | E37: ✏️ KETIK RUMUS JAWABAN TES DI BAWAH: | F37: 📌 STATUS KOREKSI JAWABAN TES:
B38: Parameter 1 / Mean (C38) | C38: 8 | F38: =IF(ISBLANK(E38), "⏳ Belum Diisi (Ketik Rumus di Sel Kuning E38)", IF(E38='99_KUNCI_JAWABAN'!F187, "✅ BENAR! JAWABAN TES TEPAT!", "❌ Belum Tepat (Cek Sheet Akhir: 99_KUNCI_JAWABAN)"))
B39: Parameter 2 / SD (C39) | C39: 2
B40: Kumulatif | C40: 1
B43: 📝 SOAL TES #4: Kasus Penjualan Retail & Target Toko
B44: Nama Parameter | C44: Nilai Parameter | E44: Persoalan Tes #4: Hitung nilai distribusi kumulatif (TRUE) menggunakan fungsi GAMMA.DIST dengan argumen berurutan C45, C46, C47, dan TRUE!
B45: Nilai X (C45) | C45: 13 | E45: ✏️ KETIK RUMUS JAWABAN TES DI BAWAH: | F45: 📌 STATUS KOREKSI JAWABAN TES:
B46: Parameter 1 / Mean (C46) | C46: 8 | F46: =IF(ISBLANK(E46), "⏳ Belum Diisi (Ketik Rumus di Sel Kuning E46)", IF(E46='99_KUNCI_JAWABAN'!F188, "✅ BENAR! JAWABAN TES TEPAT!", "❌ Belum Tepat (Cek Sheet Akhir: 99_KUNCI_JAWABAN)"))
B47: Parameter 2 / SD (C47) | C47: 2
B48: Kumulatif | C48: 1
B51: 📝 SOAL TES #5: Kasus Akademik Sekolah & Layanan Publik
B52: Nama Parameter | C52: Nilai Parameter | E52: Persoalan Tes #5: Hitung nilai distribusi kumulatif (TRUE) menggunakan fungsi GAMMA.DIST dengan argumen berurutan C53, C54, C55, dan TRUE!
B53: Nilai X (C53) | C53: 14 | E53: ✏️ KETIK RUMUS JAWABAN TES DI BAWAH: | F53: 📌 STATUS KOREKSI JAWABAN TES:
B54: Parameter 1 / Mean (C54) | C54: 8 | F54: =IF(ISBLANK(E54), "⏳ Belum Diisi (Ketik Rumus di Sel Kuning E54)", IF(E54='99_KUNCI_JAWABAN'!F189, "✅ BENAR! JAWABAN TES TEPAT!", "❌ Belum Tepat (Cek Sheet Akhir: 99_KUNCI_JAWABAN)"))
B55: Parameter 2 / SD (C55) | C55: 2
B56: Kumulatif | C56: 1

Sheet GAMMAINV
B1: 📊 #038 — RUMUS EXCEL: GAMMAINV | Kategori: 8. Statistik & Analisis Data
B2: 1 Rumus = 1 Contoh Soal + Jawaban Benar & 5 Soal Tes Mandiri (Kunci Jawaban Ada di Sheet Paling Terakhir) | F2: ⬅️ Ke Daftar Isi (00_DAFTAR_ISI) | G2: 🔑 Ke Kunci Jawaban (Sheet Akhir)
B4: 1️⃣ IDENTITAS RUMUS & FUNGSINYA BUAT APA? (GAMMAINV)
B5: Nama Rumus Excel | C5: =GAMMAINV(...)
B6: Sintaks / Pola Umum | C6: =GAMMA.INV(probabilitas, alpha, beta)
B7: 👶 Fungsinya Buat Apa? | C7: Menghasilkan invers dari distribusi Gamma kumulatif.
B9: 2️⃣ 1 CONTOH SOAL & CONTOH JAWABAN BENAR (PELAJARI POLA RUMUS GAMMAINV DI SINI)
B10: Nama Parameter | C10: Nilai Parameter | E10: ✅ 1 CONTOH SOAL BESERTA CONTOH RUMUS & HASIL JAWABAN BENAR:
B11: Probabilitas (C11) | C11: 0.75 | E11: Contoh Soal: | F11: Hitung nilai invers distribusi menggunakan fungsi GAMMA.INV dengan argumen berurutan C11, C12, dan C13!
B12: Parameter 1 / Mean (C12) | C12: 10 | E12: Contoh Rumus Benar: | F12: '=GAMMA.INV(C11, C12, C13)
B13: Parameter 2 / SD (C13) | C13: 2 | E13: Contoh Hasil Benar: | F13: =GAMMA.INV(C11, C12, C13)
B14: Cadangan | C14: 1
B16: 3️⃣ 5 SOAL TES DUNIA NYATA — KERJAKAN DI KOTAK KUNING (TANPA KUNCI RUMUS / HASIL DI SINI!)
B17: 📌 Catatan Tes: Soal Tes #1 s/d #5 di bawah ini tidak menampilkan kunci rumus maupun hasil. Kunci jawaban lengkap tersedia di sheet paling terakhir (99_KUNCI_JAWABAN).
B19: 📝 SOAL TES #1: Kasus Keuangan & Akuntansi Kantor
B20: Nama Parameter | C20: Nilai Parameter | E20: Persoalan Tes #1: Hitung nilai invers distribusi menggunakan fungsi GAMMA.INV dengan argumen berurutan C21, C22, dan C23!
B21: Probabilitas (C21) | C21: 0.25 | E21: ✏️ KETIK RUMUS JAWABAN TES DI BAWAH: | F21: 📌 STATUS KOREKSI JAWABAN TES:
B22: Parameter 1 / Mean (C22) | C22: 10 | F22: =IF(ISBLANK(E22), "⏳ Belum Diisi (Ketik Rumus di Sel Kuning E22)", IF(E22='99_KUNCI_JAWABAN'!F190, "✅ BENAR! JAWABAN TES TEPAT!", "❌ Belum Tepat (Cek Sheet Akhir: 99_KUNCI_JAWABAN)"))
B23: Parameter 2 / SD (C23) | C23: 2
B24: Cadangan | C24: 1
B27: 📝 SOAL TES #2: Kasus HRD, Gaji & Lembur Karyawan
B28: Nama Parameter | C28: Nilai Parameter | E28: Persoalan Tes #2: Hitung nilai invers distribusi menggunakan fungsi GAMMA.INV dengan argumen berurutan C29, C30, dan C31!
B29: Probabilitas (C29) | C29: 0.35 | E29: ✏️ KETIK RUMUS JAWABAN TES DI BAWAH: | F29: 📌 STATUS KOREKSI JAWABAN TES:
B30: Parameter 1 / Mean (C30) | C30: 10 | F30: =IF(ISBLANK(E30), "⏳ Belum Diisi (Ketik Rumus di Sel Kuning E30)", IF(E30='99_KUNCI_JAWABAN'!F191, "✅ BENAR! JAWABAN TES TEPAT!", "❌ Belum Tepat (Cek Sheet Akhir: 99_KUNCI_JAWABAN)"))
B31: Parameter 2 / SD (C31) | C31: 2
B32: Cadangan | C32: 1
B35: 📝 SOAL TES #3: Kasus Logistik & Stok Gudang Utama
B36: Nama Parameter | C36: Nilai Parameter | E36: Persoalan Tes #3: Hitung nilai invers distribusi menggunakan fungsi GAMMA.INV dengan argumen berurutan C37, C38, dan C39!
B37: Probabilitas (C37) | C37: 0.45 | E37: ✏️ KETIK RUMUS JAWABAN TES DI BAWAH: | F37: 📌 STATUS KOREKSI JAWABAN TES:
B38: Parameter 1 / Mean (C38) | C38: 10 | F38: =IF(ISBLANK(E38), "⏳ Belum Diisi (Ketik Rumus di Sel Kuning E38)", IF(E38='99_KUNCI_JAWABAN'!F192, "✅ BENAR! JAWABAN TES TEPAT!", "❌ Belum Tepat (Cek Sheet Akhir: 99_KUNCI_JAWABAN)"))
B39: Parameter 2 / SD (C39) | C39: 2
B40: Cadangan | C40: 1
B43: 📝 SOAL TES #4: Kasus Penjualan Retail & Target Toko
B44: Nama Parameter | C44: Nilai Parameter | E44: Persoalan Tes #4: Hitung nilai invers distribusi menggunakan fungsi GAMMA.INV dengan argumen berurutan C45, C46, dan C47!
B45: Probabilitas (C45) | C45: 0.55 | E45: ✏️ KETIK RUMUS JAWABAN TES DI BAWAH: | F45: 📌 STATUS KOREKSI JAWABAN TES:
B46: Parameter 1 / Mean (C46) | C46: 10 | F46: =IF(ISBLANK(E46), "⏳ Belum Diisi (Ketik Rumus di Sel Kuning E46)", IF(E46='99_KUNCI_JAWABAN'!F193, "✅ BENAR! JAWABAN TES TEPAT!", "❌ Belum Tepat (Cek Sheet Akhir: 99_KUNCI_JAWABAN)"))
B47: Parameter 2 / SD (C47) | C47: 2
B48: Cadangan | C48: 1
B51: 📝 SOAL TES #5: Kasus Akademik Sekolah & Layanan Publik
B52: Nama Parameter | C52: Nilai Parameter | E52: Persoalan Tes #5: Hitung nilai invers distribusi menggunakan fungsi GAMMA.INV dengan argumen berurutan C53, C54, dan C55!
B53: Probabilitas (C53) | C53: 0.65 | E53: ✏️ KETIK RUMUS JAWABAN TES DI BAWAH: | F53: 📌 STATUS KOREKSI JAWABAN TES:
B54: Parameter 1 / Mean (C54) | C54: 10 | F54: =IF(ISBLANK(E54), "⏳ Belum Diisi (Ketik Rumus di Sel Kuning E54)", IF(E54='99_KUNCI_JAWABAN'!F194, "✅ BENAR! JAWABAN TES TEPAT!", "❌ Belum Tepat (Cek Sheet Akhir: 99_KUNCI_JAWABAN)"))
B55: Parameter 2 / SD (C55) | C55: 2
B56: Cadangan | C56: 1

Sheet GAMMALN
B1: 📊 #039 — RUMUS EXCEL: GAMMALN | Kategori: 8. Statistik & Analisis Data
B2: 1 Rumus = 1 Contoh Soal + Jawaban Benar & 5 Soal Tes Mandiri (Kunci Jawaban Ada di Sheet Paling Terakhir) | F2: ⬅️ Ke Daftar Isi (00_DAFTAR_ISI) | G2: 🔑 Ke Kunci Jawaban (Sheet Akhir)
B4: 1️⃣ IDENTITAS RUMUS & FUNGSINYA BUAT APA? (GAMMALN)
B5: Nama Rumus Excel | C5: =GAMMALN(...)
B6: Sintaks / Pola Umum | C6: =GAMMALN(x)
B7: 👶 Fungsinya Buat Apa? | C7: Menghitung logaritma natural dari fungsi Gamma Γ(x).
B9: 2️⃣ 1 CONTOH SOAL & CONTOH JAWABAN BENAR (PELAJARI POLA RUMUS GAMMALN DI SINI)
B10: Parameter Uji | C10: Nilai Input | E10: ✅ 1 CONTOH SOAL BESERTA CONTOH RUMUS & HASIL JAWABAN BENAR:
B11: Simulasi Unit A | C11: 3 | E11: Contoh Soal: | F11: Hitung hasil fungsi GAMMALN untuk nilai input pada sel C11 (3)!
B12: Simulasi Unit B | C12: 5 | E12: Contoh Rumus Benar: | F12: '=GAMMALN(C11)
B13: Simulasi Unit C | C13: 6 | E13: Contoh Hasil Benar: | F13: =GAMMALN(C11)
B14: Simulasi Unit D | C14: 4
B16: 3️⃣ 5 SOAL TES DUNIA NYATA — KERJAKAN DI KOTAK KUNING (TANPA KUNCI RUMUS / HASIL DI SINI!)
B17: 📌 Catatan Tes: Soal Tes #1 s/d #5 di bawah ini tidak menampilkan kunci rumus maupun hasil. Kunci jawaban lengkap tersedia di sheet paling terakhir (99_KUNCI_JAWABAN).
B19: 📝 SOAL TES #1: Kasus Keuangan & Akuntansi Kantor
B20: Parameter Uji | C20: Nilai Input | E20: Persoalan Tes #1: Hitung hasil fungsi GAMMALN untuk nilai input pada sel C21 (3)!
B21: Cabang Jakarta | C21: 3 | E21: ✏️ KETIK RUMUS JAWABAN TES DI BAWAH: | F21: 📌 STATUS KOREKSI JAWABAN TES:
B22: Cabang Bandung | C22: 5 | F22: =IF(ISBLANK(E22), "⏳ Belum Diisi (Ketik Rumus di Sel Kuning E22)", IF(E22='99_KUNCI_JAWABAN'!F195, "✅ BENAR! JAWABAN TES TEPAT!", "❌ Belum Tepat (Cek Sheet Akhir: 99_KUNCI_JAWABAN)"))
B23: Cabang Surabaya | C23: 6
B24: Cabang Medan | C24: 4
B27: 📝 SOAL TES #2: Kasus HRD, Gaji & Lembur Karyawan
B28: Parameter Uji | C28: Nilai Input | E28: Persoalan Tes #2: Hitung hasil fungsi GAMMALN untuk nilai input pada sel C29 (4)!
B29: Budi Santoso | C29: 4 | E29: ✏️ KETIK RUMUS JAWABAN TES DI BAWAH: | F29: 📌 STATUS KOREKSI JAWABAN TES:
B30: Siti Aminah | C30: 5 | F30: =IF(ISBLANK(E30), "⏳ Belum Diisi (Ketik Rumus di Sel Kuning E30)", IF(E30='99_KUNCI_JAWABAN'!F196, "✅ BENAR! JAWABAN TES TEPAT!", "❌ Belum Tepat (Cek Sheet Akhir: 99_KUNCI_JAWABAN)"))
B31: Andi Pratama | C31: 6
B32: Rina Wijaya | C32: 4
B35: 📝 SOAL TES #3: Kasus Logistik & Stok Gudang Utama
B36: Parameter Uji | C36: Nilai Input | E36: Persoalan Tes #3: Hitung hasil fungsi GAMMALN untuk nilai input pada sel C37 (5)!
B37: Gudang Blok A | C37: 5 | E37: ✏️ KETIK RUMUS JAWABAN TES DI BAWAH: | F37: 📌 STATUS KOREKSI JAWABAN TES:
B38: Gudang Blok B | C38: 5 | F38: =IF(ISBLANK(E38), "⏳ Belum Diisi (Ketik Rumus di Sel Kuning E38)", IF(E38='99_KUNCI_JAWABAN'!F197, "✅ BENAR! JAWABAN TES TEPAT!", "❌ Belum Tepat (Cek Sheet Akhir: 99_KUNCI_JAWABAN)"))
B39: Gudang Blok C | C39: 6
B40: Gudang Blok D | C40: 4
B43: 📝 SOAL TES #4: Kasus Penjualan Retail & Target Toko
B44: Parameter Uji | C44: Nilai Input | E44: Persoalan Tes #4: Hitung hasil fungsi GAMMALN untuk nilai input pada sel C45 (6)!
B45: Toko Elektronik | C45: 6 | E45: ✏️ KETIK RUMUS JAWABAN TES DI BAWAH: | F45: 📌 STATUS KOREKSI JAWABAN TES:
B46: Toko Komputer | C46: 5 | F46: =IF(ISBLANK(E46), "⏳ Belum Diisi (Ketik Rumus di Sel Kuning E46)", IF(E46='99_KUNCI_JAWABAN'!F198, "✅ BENAR! JAWABAN TES TEPAT!", "❌ Belum Tepat (Cek Sheet Akhir: 99_KUNCI_JAWABAN)"))
B47: Toko Aksesoris | C47: 6
B48: Toko Servis | C48: 4
B51: 📝 SOAL TES #5: Kasus Akademik Sekolah & Layanan Publik
B52: Parameter Uji | C52: Nilai Input | E52: Persoalan Tes #5: Hitung hasil fungsi GAMMALN untuk nilai input pada sel C53 (7)!
B53: Kelas 10 IPA | C53: 7 | E53: ✏️ KETIK RUMUS JAWABAN TES DI BAWAH: | F53: 📌 STATUS KOREKSI JAWABAN TES:
B54: Kelas 11 IPA | C54: 5 | F54: =IF(ISBLANK(E54), "⏳ Belum Diisi (Ketik Rumus di Sel Kuning E54)", IF(E54='99_KUNCI_JAWABAN'!F199, "✅ BENAR! JAWABAN TES TEPAT!", "❌ Belum Tepat (Cek Sheet Akhir: 99_KUNCI_JAWABAN)"))
B55: Kelas 12 IPA | C55: 6
B56: Kelas Unggulan | C56: 4

Sheet GEOMEAN
B1: 📊 #040 — RUMUS EXCEL: GEOMEAN | Kategori: 8. Statistik & Analisis Data
B2: 1 Rumus = 1 Contoh Soal + Jawaban Benar & 5 Soal Tes Mandiri (Kunci Jawaban Ada di Sheet Paling Terakhir) | F2: ⬅️ Ke Daftar Isi (00_DAFTAR_ISI) | G2: 🔑 Ke Kunci Jawaban (Sheet Akhir)
B4: 1️⃣ IDENTITAS RUMUS & FUNGSINYA BUAT APA? (GEOMEAN)
B5: Nama Rumus Excel | C5: =GEOMEAN(...)
B6: Sintaks / Pola Umum | C6: =GEOMEAN(range_data)
B7: 👶 Fungsinya Buat Apa? | C7: Menghitung Rata-Rata Geometrik untuk laju pertumbuhan majemuk.
B9: 2️⃣ 1 CONTOH SOAL & CONTOH JAWABAN BENAR (PELAJARI POLA RUMUS GEOMEAN DI SINI)
B10: Nama Unit / Kategori | C10: Nilai Data | E10: ✅ 1 CONTOH SOAL BESERTA CONTOH RUMUS & HASIL JAWABAN BENAR:
B11: Simulasi Unit A | C11: 500000 | E11: Contoh Soal: | F11: Hitung hasil pengolahan fungsi GEOMEAN untuk keempat baris data pada rentang C11:C14!
B12: Simulasi Unit B | C12: 750000 | E12: Contoh Rumus Benar: | F12: '=GEOMEAN(C11:C14)
B13: Simulasi Unit C | C13: 600000 | E13: Contoh Hasil Benar: | F13: =GEOMEAN(C11:C14)
B14: Simulasi Unit D | C14: 950000
B16: 3️⃣ 5 SOAL TES DUNIA NYATA — KERJAKAN DI KOTAK KUNING (TANPA KUNCI RUMUS / HASIL DI SINI!)
B17: 📌 Catatan Tes: Soal Tes #1 s/d #5 di bawah ini tidak menampilkan kunci rumus maupun hasil. Kunci jawaban lengkap tersedia di sheet paling terakhir (99_KUNCI_JAWABAN).
B19: 📝 SOAL TES #1: Kasus Keuangan & Akuntansi Kantor
B20: Nama Unit / Kategori | C20: Nilai Data | E20: Persoalan Tes #1: Hitung hasil pengolahan fungsi GEOMEAN untuk keempat baris data pada rentang C21:C24!
B21: Cabang Jakarta | C21: 1250000 | E21: ✏️ KETIK RUMUS JAWABAN TES DI BAWAH: | F21: 📌 STATUS KOREKSI JAWABAN TES:
B22: Cabang Bandung | C22: 1850000 | F22: =IF(ISBLANK(E22), "⏳ Belum Diisi (Ketik Rumus di Sel Kuning E22)", IF(E22='99_KUNCI_JAWABAN'!F200, "✅ BENAR! JAWABAN TES TEPAT!", "❌ Belum Tepat (Cek Sheet Akhir: 99_KUNCI_JAWABAN)"))
B23: Cabang Surabaya | C23: 2100000
B24: Cabang Medan | C24: 1600000
B27: 📝 SOAL TES #2: Kasus HRD, Gaji & Lembur Karyawan
B28: Nama Unit / Kategori | C28: Nilai Data | E28: Persoalan Tes #2: Hitung hasil pengolahan fungsi GEOMEAN untuk keempat baris data pada rentang C29:C32!
B29: Budi Santoso | C29: 4500000 | E29: ✏️ KETIK RUMUS JAWABAN TES DI BAWAH: | F29: 📌 STATUS KOREKSI JAWABAN TES:
B30: Siti Aminah | C30: 5200000 | F30: =IF(ISBLANK(E30), "⏳ Belum Diisi (Ketik Rumus di Sel Kuning E30)", IF(E30='99_KUNCI_JAWABAN'!F201, "✅ BENAR! JAWABAN TES TEPAT!", "❌ Belum Tepat (Cek Sheet Akhir: 99_KUNCI_JAWABAN)"))
B31: Andi Pratama | C31: 4800000
B32: Rina Wijaya | C32: 6100000
B35: 📝 SOAL TES #3: Kasus Logistik & Stok Gudang Utama
B36: Nama Unit / Kategori | C36: Nilai Data | E36: Persoalan Tes #3: Hitung hasil pengolahan fungsi GEOMEAN untuk keempat baris data pada rentang C37:C40!
B37: Gudang Blok A | C37: 240 | E37: ✏️ KETIK RUMUS JAWABAN TES DI BAWAH: | F37: 📌 STATUS KOREKSI JAWABAN TES:
B38: Gudang Blok B | C38: 380 | F38: =IF(ISBLANK(E38), "⏳ Belum Diisi (Ketik Rumus di Sel Kuning E38)", IF(E38='99_KUNCI_JAWABAN'!F202, "✅ BENAR! JAWABAN TES TEPAT!", "❌ Belum Tepat (Cek Sheet Akhir: 99_KUNCI_JAWABAN)"))
B39: Gudang Blok C | C39: 195
B40: Gudang Blok D | C40: 425
B43: 📝 SOAL TES #4: Kasus Penjualan Retail & Target Toko
B44: Nama Unit / Kategori | C44: Nilai Data | E44: Persoalan Tes #4: Hitung hasil pengolahan fungsi GEOMEAN untuk keempat baris data pada rentang C45:C48!
B45: Toko Elektronik | C45: 85 | E45: ✏️ KETIK RUMUS JAWABAN TES DI BAWAH: | F45: 📌 STATUS KOREKSI JAWABAN TES:
B46: Toko Komputer | C46: 92 | F46: =IF(ISBLANK(E46), "⏳ Belum Diisi (Ketik Rumus di Sel Kuning E46)", IF(E46='99_KUNCI_JAWABAN'!F203, "✅ BENAR! JAWABAN TES TEPAT!", "❌ Belum Tepat (Cek Sheet Akhir: 99_KUNCI_JAWABAN)"))
B47: Toko Aksesoris | C47: 78
B48: Toko Servis | C48: 95
B51: 📝 SOAL TES #5: Kasus Akademik Sekolah & Layanan Publik
B52: Nama Unit / Kategori | C52: Nilai Data | E52: Persoalan Tes #5: Hitung hasil pengolahan fungsi GEOMEAN untuk keempat baris data pada rentang C53:C56!
B53: Kelas 10 IPA | C53: 82 | E53: ✏️ KETIK RUMUS JAWABAN TES DI BAWAH: | F53: 📌 STATUS KOREKSI JAWABAN TES:
B54: Kelas 11 IPA | C54: 88 | F54: =IF(ISBLANK(E54), "⏳ Belum Diisi (Ketik Rumus di Sel Kuning E54)", IF(E54='99_KUNCI_JAWABAN'!F204, "✅ BENAR! JAWABAN TES TEPAT!", "❌ Belum Tepat (Cek Sheet Akhir: 99_KUNCI_JAWABAN)"))
B55: Kelas 12 IPA | C55: 91
B56: Kelas Unggulan | C56: 79

Sheet GROWTH
B1: 📊 #041 — RUMUS EXCEL: GROWTH | Kategori: 8. Statistik & Analisis Data
B2: 1 Rumus = 1 Contoh Soal + Jawaban Benar & 5 Soal Tes Mandiri (Kunci Jawaban Ada di Sheet Paling Terakhir) | F2: ⬅️ Ke Daftar Isi (00_DAFTAR_ISI) | G2: 🔑 Ke Kunci Jawaban (Sheet Akhir)
B4: 1️⃣ IDENTITAS RUMUS & FUNGSINYA BUAT APA? (GROWTH)
B5: Nama Rumus Excel | C5: =GROWTH(...)
B6: Sintaks / Pola Umum | C6: =GROWTH(range_y, range_x, target_x)
B7: 👶 Fungsinya Buat Apa? | C7: Memprediksi pertumbuhan eksponensial berdasarkan data historis.
B9: 2️⃣ 1 CONTOH SOAL & CONTOH JAWABAN BENAR (PELAJARI POLA RUMUS GROWTH DI SINI)
B10: Periode (X) | C10: Realisasi (Y) | E10: ✅ 1 CONTOH SOAL BESERTA CONTOH RUMUS & HASIL JAWABAN BENAR:
B11: 1 | C11: 600 | E11: Contoh Soal: | F11: Prediksi nilai periode ke-5 berdasarkan deret hasil Y (C11:C14) dan periode X (B11:B14) menggunakan fungsi GROWTH!
B12: 2 | C12: 720 | E12: Contoh Rumus Benar: | F12: '=GROWTH(C11:C14, B11:B14, 5)
B13: 3 | C13: 870 | E13: Contoh Hasil Benar: | F13: =GROWTH(C11:C14, B11:B14, 5)
B14: 4 | C14: 1050
B16: 3️⃣ 5 SOAL TES DUNIA NYATA — KERJAKAN DI KOTAK KUNING (TANPA KUNCI RUMUS / HASIL DI SINI!)
B17: 📌 Catatan Tes: Soal Tes #1 s/d #5 di bawah ini tidak menampilkan kunci rumus maupun hasil. Kunci jawaban lengkap tersedia di sheet paling terakhir (99_KUNCI_JAWABAN).
B19: 📝 SOAL TES #1: Kasus Keuangan & Akuntansi Kantor
B20: Periode (X) | C20: Realisasi (Y) | E20: Persoalan Tes #1: Prediksi nilai periode ke-5 berdasarkan deret hasil Y (C21:C24) dan periode X (B21:B24) menggunakan fungsi GROWTH!
B21: 1 | C21: 100 | E21: ✏️ KETIK RUMUS JAWABAN TES DI BAWAH: | F21: 📌 STATUS KOREKSI JAWABAN TES:
B22: 2 | C22: 120 | F22: =IF(ISBLANK(E22), "⏳ Belum Diisi (Ketik Rumus di Sel Kuning E22)", IF(E22='99_KUNCI_JAWABAN'!F205, "✅ BENAR! JAWABAN TES TEPAT!", "❌ Belum Tepat (Cek Sheet Akhir: 99_KUNCI_JAWABAN)"))
B23: 3 | C23: 145
B24: 4 | C24: 175
B27: 📝 SOAL TES #2: Kasus HRD, Gaji & Lembur Karyawan
B28: Periode (X) | C28: Realisasi (Y) | E28: Persoalan Tes #2: Prediksi nilai periode ke-5 berdasarkan deret hasil Y (C29:C32) dan periode X (B29:B32) menggunakan fungsi GROWTH!
B29: 1 | C29: 200 | E29: ✏️ KETIK RUMUS JAWABAN TES DI BAWAH: | F29: 📌 STATUS KOREKSI JAWABAN TES:
B30: 2 | C30: 240 | F30: =IF(ISBLANK(E30), "⏳ Belum Diisi (Ketik Rumus di Sel Kuning E30)", IF(E30='99_KUNCI_JAWABAN'!F206, "✅ BENAR! JAWABAN TES TEPAT!", "❌ Belum Tepat (Cek Sheet Akhir: 99_KUNCI_JAWABAN)"))
B31: 3 | C31: 290
B32: 4 | C32: 350
B35: 📝 SOAL TES #3: Kasus Logistik & Stok Gudang Utama
B36: Periode (X) | C36: Realisasi (Y) | E36: Persoalan Tes #3: Prediksi nilai periode ke-5 berdasarkan deret hasil Y (C37:C40) dan periode X (B37:B40) menggunakan fungsi GROWTH!
B37: 1 | C37: 300 | E37: ✏️ KETIK RUMUS JAWABAN TES DI BAWAH: | F37: 📌 STATUS KOREKSI JAWABAN TES:
B38: 2 | C38: 360 | F38: =IF(ISBLANK(E38), "⏳ Belum Diisi (Ketik Rumus di Sel Kuning E38)", IF(E38='99_KUNCI_JAWABAN'!F207, "✅ BENAR! JAWABAN TES TEPAT!", "❌ Belum Tepat (Cek Sheet Akhir: 99_KUNCI_JAWABAN)"))
B39: 3 | C39: 435
B40: 4 | C40: 525
B43: 📝 SOAL TES #4: Kasus Penjualan Retail & Target Toko
B44: Periode (X) | C44: Realisasi (Y) | E44: Persoalan Tes #4: Prediksi nilai periode ke-5 berdasarkan deret hasil Y (C45:C48) dan periode X (B45:B48) menggunakan fungsi GROWTH!
