Workbook

Sheet 00_DAFTAR_ISI
A1: 📚 PAKET 2: RUMUS VLOOKUP, PENGOLAHAN TEKS & TANGGAL HRD (45 SHEET RUMUS • 1 CONTOH + 5 SOAL TES PER RUMUS)
A2: Setiap Sheet berisi: 1 Contoh Soal + Jawaban Benar, lalu 5 Soal Tes Tanpa Kunci. Kunci Jawaban Lengkap ada di Sheet Paling Terakhir (99_KUNCI_JAWABAN)! | F2: 🔑 Buka 99_KUNCI_JAWABAN
A4: No | B4: Nama Rumus (Sheet) | C4: Kategori | D4: Sintaks Umum | E4: Fungsinya Buat Apa (Bahasa Bayi & Dunia Nyata) | F4: Link Buka Sheet
A5: 1 | B5: VLOOKUP | C5: 3. Lookup & Referensi | D5: =VLOOKUP(nilai_dicari, tabel_referensi, nomor_kolom, FALSE) | E5: Mesin kasir pencari data vertikal! Mencari kode di kolom paling kiri tabel, lalu mengambil informasi pasangannya di kolom sebelah kanan. | F5: 👉 Buka Sheet VLOOKUP
A6: 2 | B6: HLOOKUP | C6: 3. Lookup & Referensi | D6: =HLOOKUP(nilai_dicari, tabel_horizontal, nomor_baris, FALSE) | E6: Sama seperti VLOOKUP tetapi mencari data secara MENDATAR (Horizontal) di baris paling atas lalu turun ke baris di bawahnya. | F6: 👉 Buka Sheet HLOOKUP
A7: 3 | B7: INDEX | C7: 3. Lookup & Referensi | D7: =INDEX(range_data, nomor_baris, [nomor_kolom]) | E7: Mengambil isi sel pada koordinat urutan baris dan kolom tertentu di dalam suatu blok tabel (seperti menunjuk kursi bioskop Baris 3!). | F7: 👉 Buka Sheet INDEX
A8: 4 | B8: MATCH | C8: 3. Lookup & Referensi | D8: =MATCH(nilai_dicari, range_satu_kolom, 0) | E8: Mencari tahu suatu data berada di URUTAN BARIS KE BERAPA di dalam sebuah daftar (menghasilkan nomor urut posisi 1, 2, 3...). | F8: 👉 Buka Sheet MATCH
A9: 5 | B9: CHOOSE | C9: 3. Lookup & Referensi | D9: =CHOOSE(nomor_pilihan, nilai1, nilai2, nilai3, ...) | E9: Memilih satu item dari daftar berdasarkan nomor urut tombol (1 = pilih nilai pertama, 2 = pilih nilai kedua, dst). | F9: 👉 Buka Sheet CHOOSE
A10: 6 | B10: ROW | C10: 3. Lookup & Referensi | D10: =ROW([referensi_sel]) | E10: Memberitahu nomor baris tempat sebuah sel berada (misal ROW(C19) menghasilkan angka 19). | F10: 👉 Buka Sheet ROW
A11: 7 | B11: COLUMN | C11: 3. Lookup & Referensi | D11: =COLUMN([referensi_sel]) | E11: Memberitahu nomor urut kolom sebuah sel (Kolom A = 1, Kolom B = 2, Kolom C = 3, dst). | F11: 👉 Buka Sheet COLUMN
A12: 8 | B12: ROWS | C12: 3. Lookup & Referensi | D12: =ROWS(range_tabel) | E12: Menghitung ada berapa total baris di dalam suatu blok tabel. | F12: 👉 Buka Sheet ROWS
A13: 9 | B13: COLUMNS | C13: 3. Lookup & Referensi | D13: =COLUMNS(range_tabel) | E13: Menghitung ada berapa total kolom menyamping di dalam suatu blok tabel. | F13: 👉 Buka Sheet COLUMNS
A14: 10 | B14: ADDRESS | C14: 3. Lookup & Referensi | D14: =ADDRESS(nomor_baris, nomor_kolom) | E14: Merakit teks alamat koordinat sel (seperti $C$19) dari angka nomor baris dan nomor kolom. | F14: 👉 Buka Sheet ADDRESS
A15: 11 | B15: OFFSET | C15: 3. Lookup & Referensi | D15: =OFFSET(sel_awal, geser_baris, geser_kolom) | E15: Mengambil data dari sel lain dengan cara melangkah/bergeser sejumlah baris ke bawah dan kolom ke samping dari titik awal. | F15: 👉 Buka Sheet OFFSET
A16: 12 | B16: INDIRECT | C16: 3. Lookup & Referensi | D16: =INDIRECT(teks_alamat_sel) | E16: Mengubah tulisan teks biasa yang berisi alamat sel menjadi rujukan sel hidup yang diambil nilainya! | F16: 👉 Buka Sheet INDIRECT
A17: 13 | B17: LEFT | C17: 4. Pengolahan Teks | D17: =LEFT(teks, jumlah_karakter) | E17: Memotong dan mengambil sejumlah huruf dari sebelah KIRI (awal kata/kode barang). | F17: 👉 Buka Sheet LEFT
A18: 14 | B18: RIGHT | C18: 4. Pengolahan Teks | D18: =RIGHT(teks, jumlah_karakter) | E18: Memotong dan mengambil sejumlah huruf dari sebelah KANAN (ujung belakang kata/kode barang). | F18: 👉 Buka Sheet RIGHT
A19: 15 | B19: MID | C19: 4. Pengolahan Teks | D19: =MID(teks, posisi_mulai, jumlah_karakter) | E19: Mengambil huruf dari bagian TENGAH teks, dimulai dari urutan huruf tertentu sebanyak beberapa karakter. | F19: 👉 Buka Sheet MID
A20: 16 | B20: LEN | C20: 4. Pengolahan Teks | D20: =LEN(teks) | E20: Menghitung total panjang karakter (jumlah huruf, angka, dan spasi) di dalam sebuah sel. Wajib untuk validasi panjang NIK 16 digit! | F20: 👉 Buka Sheet LEN
A21: 17 | B21: TRIM | C21: 4. Pengolahan Teks | D21: =TRIM(teks) | E21: Sapu pembersih spasi! Menghapus spasi ganda yang berantakan di awal, tengah, atau akhir kalimat sehingga rapi. | F21: 👉 Buka Sheet TRIM
A22: 18 | B22: CLEAN | C22: 4. Pengolahan Teks | D22: =CLEAN(teks) | E22: Membersihkan karakter aneh tak terlihat (non-printable characters) hasil copy-paste dari web atau sistem database. | F22: 👉 Buka Sheet CLEAN
A23: 19 | B23: UPPER | C23: 4. Pengolahan Teks | D23: =UPPER(teks) | E23: Mengubah seluruh huruf di dalam sel menjadi HURUF BESAR (KAPITAL) semua. | F23: 👉 Buka Sheet UPPER
A24: 20 | B24: LOWER | C24: 4. Pengolahan Teks | D24: =LOWER(teks) | E24: Mengubah seluruh huruf di dalam sel menjadi huruf kecil semua (cocok untuk merapikan alamat email). | F24: 👉 Buka Sheet LOWER
A25: 21 | B25: PROPER | C25: 4. Pengolahan Teks | D25: =PROPER(teks) | E25: Mengubah huruf pertama di setiap awal kata menjadi Huruf Besar (Title Case), sangat cocok untuk merapikan daftar Nama Lengkap! | F25: 👉 Buka Sheet PROPER
A26: 22 | B26: CONCATENATE | C26: 4. Pengolahan Teks | D26: =CONCATENATE(teks1, teks2, ...) | E26: Lem perekat teks! Menggabungkan isi dari beberapa sel terpisah (misal Nama Depan dan Nama Belakang) menjadi satu kalimat utuh. | F26: 👉 Buka Sheet CONCATENATE
A27: 23 | B27: EXACT | C27: 4. Pengolahan Teks | D27: =EXACT(teks1, teks2) | E27: Detektor kembar identik! Membandingkan apakah dua teks sama persis sampai ke huruf besar-kecilnya (Case-Sensitive). | F27: 👉 Buka Sheet EXACT
A28: 24 | B28: FIND | C28: 4. Pengolahan Teks | D28: =FIND(teks_dicari, di_dalam_teks) | E28: Mencari tahu suatu huruf atau simbol berada pada urutan karakter ke berapa (membedakan huruf besar dan kecil). | F28: 👉 Buka Sheet FIND
A29: 25 | B29: SEARCH | C29: 4. Pengolahan Teks | D29: =SEARCH(teks_dicari, di_dalam_teks) | E29: Sama seperti FIND (mencari posisi urutan huruf), tetapi TIDAK membedakan huruf besar maupun kecil! | F29: 👉 Buka Sheet SEARCH
A30: 26 | B30: SUBSTITUTE | C30: 4. Pengolahan Teks | D30: =SUBSTITUTE(teks, teks_lama, teks_baru) | E30: Mengganti kata atau simbol tertentu di dalam sel dengan kata/simbol baru secara otomatis (misal ganti tanda '-' menjadi '/'). | F30: 👉 Buka Sheet SUBSTITUTE
A31: 27 | B31: REPLACE | C31: 4. Pengolahan Teks | D31: =REPLACE(teks_lama, posisi_mulai, jumlah_diganti, teks_baru) | E31: Mengganti sebagian isi teks berdasarkan posisi nomor urut karakter dan panjang huruf yang ingin ditimpa. | F31: 👉 Buka Sheet REPLACE
A32: 28 | B32: REPT | C32: 4. Pengolahan Teks | D32: =REPT(teks, jumlah_ulang) | E32: Mengulang teks atau simbol berkali-kali (sering dipakai membuat grafik bintang ⭐⭐⭐⭐⭐ langsung di dalam sel Excel!). | F32: 👉 Buka Sheet REPT
A33: 29 | B33: VALUE | C33: 4. Pengolahan Teks | D33: =VALUE(teks_angka) | E33: Mengubah angka yang berstatus 'Teks' (biasanya rata kiri dan tidak bisa di-SUM) kembali menjadi Angka Murni yang bisa dihitung! | F33: 👉 Buka Sheet VALUE
A34: 30 | B34: TEXT | C34: 4. Pengolahan Teks | D34: =TEXT(nilai, format_tampilan) | E34: Mengubah angka atau tanggal menjadi teks dengan format tampilan cantik sesuai keinginan (misal "#,##0"). | F34: 👉 Buka Sheet TEXT
A35: 31 | B35: DATE | C35: 5. Tanggal & Waktu HRD | D35: =DATE(tahun, bulan, tanggal) | E35: Merakit 3 angka terpisah (Tahun, Bulan, Hari) menjadi satu Tanggal Resmi Excel yang valid! | F35: 👉 Buka Sheet DATE
A36: 32 | B36: YEAR | C36: 5. Tanggal & Waktu HRD | D36: =YEAR(tanggal) | E36: Mengambil angka TAHUN (4 digit, misal 2026) dari sebuah sel tanggal. | F36: 👉 Buka Sheet YEAR
A37: 33 | B37: MONTH | C37: 5. Tanggal & Waktu HRD | D37: =MONTH(tanggal) | E37: Mengambil angka BULAN (1 sampai 12) dari sebuah sel tanggal. | F37: 👉 Buka Sheet MONTH
A38: 34 | B38: DAY | C38: 5. Tanggal & Waktu HRD | D38: =DAY(tanggal) | E38: Mengambil angka HARI/TANGGAL (1 sampai 31) dari sebuah sel tanggal. | F38: 👉 Buka Sheet DAY
A39: 35 | B39: DAYS | C39: 5. Tanggal & Waktu HRD | D39: =DAYS(tanggal_akhir, tanggal_awal) | E39: Menghitung jumlah hari selisih antara Tanggal Akhir dan Tanggal Awal (misal lama keterlambatan proyek). | F39: 👉 Buka Sheet DAYS
A40: 36 | B40: DATEDIF | C40: 5. Tanggal & Waktu HRD | D40: =DATEDIF(tanggal_awal, tanggal_akhir, satuan) | E40: Rumus legendaris HRD untuk menghitung Umur atau Masa Kerja karyawan dalam Tahun ("Y"), Bulan ("M"), atau Hari ("D"). | F40: 👉 Buka Sheet DATEDIF
A41: 37 | B41: EDATE | C41: 5. Tanggal & Waktu HRD | D41: =EDATE(tanggal_awal, jumlah_bulan) | E41: Mencari tanggal jatuh tempo yang berjarak sekian bulan persis dari tanggal awal (misal masa kontrak 3 bulan ke depan). | F41: 👉 Buka Sheet EDATE
A42: 38 | B42: EOMONTH | C42: 5. Tanggal & Waktu HRD | D42: =EOMONTH(tanggal_awal, jumlah_bulan) | E42: Mencari tanggal TERAKHIR di suatu bulan (End of Month) — wajib untuk jadwal gajian akhir bulan atau tutup buku akuntansi! | F42: 👉 Buka Sheet EOMONTH
A43: 39 | B43: NETWORKDAYS | C43: 5. Tanggal & Waktu HRD | D43: =NETWORKDAYS(tanggal_awal, tanggal_akhir) | E43: Menghitung jumlah HARI KERJA EFEKTIF (Senin–Jumat) dan otomatis memotong hari libur Sabtu & Minggu! | F43: 👉 Buka Sheet NETWORKDAYS
A44: 40 | B44: WORKDAY | C44: 5. Tanggal & Waktu HRD | D44: =WORKDAY(tanggal_awal, jumlah_hari_kerja) | E44: Mencari tahu tanggal berapa proyek selesai jika dikerjakan selama N hari kerja efektif (tidak termasuk Sabtu & Minggu). | F44: 👉 Buka Sheet WORKDAY
A45: 41 | B45: WEEKDAY | C45: 5. Tanggal & Waktu HRD | D45: =WEEKDAY(tanggal) | E45: Menghasilkan angka hari dalam seminggu (1 = Minggu, 2 = Senin, ..., 7 = Sabtu) untuk mengecek apakah transaksi jatuh di akhir pekan. | F45: 👉 Buka Sheet WEEKDAY
A46: 42 | B46: WEEKNUM | C46: 5. Tanggal & Waktu HRD | D46: =WEEKNUM(tanggal) | E46: Memberitahu tanggal tersebut berada pada Minggu ke-berapa di dalam kalender tahun berjalan (Minggu 1 s/d 52). | F46: 👉 Buka Sheet WEEKNUM
A47: 43 | B47: HOUR | C47: 5. Tanggal & Waktu HRD | D47: =HOUR(waktu) | E47: Mengambil angka JAM (0 sampai 23) dari data waktu absensi masuk/pulang. | F47: 👉 Buka Sheet HOUR
A48: 44 | B48: MINUTE | C48: 5. Tanggal & Waktu HRD | D48: =MINUTE(waktu) | E48: Mengambil angka MENIT (0 sampai 59) dari data waktu absensi untuk menghitung menit keterlambatan. | F48: 👉 Buka Sheet MINUTE
A49: 45 | B49: SECOND | C49: 5. Tanggal & Waktu HRD | D49: =SECOND(waktu) | E49: Mengambil angka DETIK (0 sampai 59) dari catatan waktu. | F49: 👉 Buka Sheet SECOND
A50: 🔑 | B50: 99_KUNCI_JAWABAN | C50: Kunci Jawaban Seluruh Soal Tes | D50: 225 Kunci Soal Tes | E50: Berisi Kunci Rumus & Hasil Jawaban Benar untuk seluruh 5 Soal Tes di setiap sheet rumus. | F50: 🔑 Buka Sheet Kunci Jawaban

Sheet VLOOKUP
B1: 📊 #001 — RUMUS EXCEL: VLOOKUP | Kategori: 3. Lookup & Referensi
B2: 1 Rumus = 1 Contoh Soal + Jawaban Benar & 5 Soal Tes Mandiri (Kunci Jawaban Ada di Sheet Paling Terakhir) | F2: ⬅️ Ke Daftar Isi (00_DAFTAR_ISI) | G2: 🔑 Ke Kunci Jawaban (Sheet Akhir)
B4: 1️⃣ IDENTITAS RUMUS & FUNGSINYA BUAT APA? (VLOOKUP)
B5: Nama Rumus Excel | C5: =VLOOKUP(...)
B6: Sintaks / Pola Umum | C6: =VLOOKUP(nilai_dicari, tabel_referensi, nomor_kolom, FALSE)
B7: 👶 Fungsinya Buat Apa? | C7: Mesin kasir pencari data vertikal! Mencari kode di kolom paling kiri tabel, lalu mengambil informasi pasangannya di kolom sebelah kanan.
B9: 2️⃣ 1 CONTOH SOAL & CONTOH JAWABAN BENAR (PELAJARI POLA RUMUS VLOOKUP DI SINI)
B10: Kode Barang (Kol 1) | C10: Harga Barang (Kol 2) | E10: ✅ 1 CONTOH SOAL BESERTA CONTOH RUMUS & HASIL JAWABAN BENAR:
B11: K01 | C11: 500000 | E11: Contoh Soal: | F11: Cari harga untuk kode "K02" pada tabel referensi B11:C14 (ambil kolom ke-2 dengan pencocokan eksak FALSE) menggunakan fungsi VLOOKUP!
B12: K02 | C12: 750000 | E12: Contoh Rumus Benar: | F12: '=VLOOKUP("K02", B11:C14, 2, FALSE)
B13: K03 | C13: 600000 | E13: Contoh Hasil Benar: | F13: =VLOOKUP("K02", B11:C14, 2, FALSE)
B14: K04 | C14: 950000
B16: 3️⃣ 5 SOAL TES DUNIA NYATA — KERJAKAN DI KOTAK KUNING (TANPA KUNCI RUMUS / HASIL DI SINI!)
B17: 📌 Catatan Tes: Soal Tes #1 s/d #5 di bawah ini tidak menampilkan kunci rumus maupun hasil. Kunci jawaban lengkap tersedia di sheet paling terakhir (99_KUNCI_JAWABAN).
B19: 📝 SOAL TES #1: Kasus Keuangan & Akuntansi Kantor
B20: Kode Barang (Kol 1) | C20: Harga Barang (Kol 2) | E20: Persoalan Tes #1: Cari harga untuk kode "K01" pada tabel referensi B21:C24 (ambil kolom ke-2 dengan pencocokan eksak FALSE) menggunakan fungsi VLOOKUP!
B21: K01 | C21: 1250000 | E21: ✏️ KETIK RUMUS JAWABAN TES DI BAWAH: | F21: 📌 STATUS KOREKSI JAWABAN TES:
B22: K02 | C22: 1850000 | F22: =IF(ISBLANK(E22), "⏳ Belum Diisi (Ketik Rumus di Sel Kuning E22)", IF(E22='99_KUNCI_JAWABAN'!F5, "✅ BENAR! JAWABAN TES TEPAT!", "❌ Belum Tepat (Cek Sheet Akhir: 99_KUNCI_JAWABAN)"))
B23: K03 | C23: 2100000
B24: K04 | C24: 1600000
B27: 📝 SOAL TES #2: Kasus HRD, Gaji & Lembur Karyawan
B28: Kode Barang (Kol 1) | C28: Harga Barang (Kol 2) | E28: Persoalan Tes #2: Cari harga untuk kode "K02" pada tabel referensi B29:C32 (ambil kolom ke-2 dengan pencocokan eksak FALSE) menggunakan fungsi VLOOKUP!
B29: K01 | C29: 4500000 | E29: ✏️ KETIK RUMUS JAWABAN TES DI BAWAH: | F29: 📌 STATUS KOREKSI JAWABAN TES:
B30: K02 | C30: 5200000 | F30: =IF(ISBLANK(E30), "⏳ Belum Diisi (Ketik Rumus di Sel Kuning E30)", IF(E30='99_KUNCI_JAWABAN'!F6, "✅ BENAR! JAWABAN TES TEPAT!", "❌ Belum Tepat (Cek Sheet Akhir: 99_KUNCI_JAWABAN)"))
B31: K03 | C31: 4800000
B32: K04 | C32: 6100000
B35: 📝 SOAL TES #3: Kasus Logistik & Stok Gudang Utama
B36: Kode Barang (Kol 1) | C36: Harga Barang (Kol 2) | E36: Persoalan Tes #3: Cari harga untuk kode "K03" pada tabel referensi B37:C40 (ambil kolom ke-2 dengan pencocokan eksak FALSE) menggunakan fungsi VLOOKUP!
B37: K01 | C37: 240 | E37: ✏️ KETIK RUMUS JAWABAN TES DI BAWAH: | F37: 📌 STATUS KOREKSI JAWABAN TES:
B38: K02 | C38: 380 | F38: =IF(ISBLANK(E38), "⏳ Belum Diisi (Ketik Rumus di Sel Kuning E38)", IF(E38='99_KUNCI_JAWABAN'!F7, "✅ BENAR! JAWABAN TES TEPAT!", "❌ Belum Tepat (Cek Sheet Akhir: 99_KUNCI_JAWABAN)"))
B39: K03 | C39: 195
B40: K04 | C40: 425
B43: 📝 SOAL TES #4: Kasus Penjualan Retail & Target Toko
B44: Kode Barang (Kol 1) | C44: Harga Barang (Kol 2) | E44: Persoalan Tes #4: Cari harga untuk kode "K04" pada tabel referensi B45:C48 (ambil kolom ke-2 dengan pencocokan eksak FALSE) menggunakan fungsi VLOOKUP!
B45: K01 | C45: 85 | E45: ✏️ KETIK RUMUS JAWABAN TES DI BAWAH: | F45: 📌 STATUS KOREKSI JAWABAN TES:
B46: K02 | C46: 92 | F46: =IF(ISBLANK(E46), "⏳ Belum Diisi (Ketik Rumus di Sel Kuning E46)", IF(E46='99_KUNCI_JAWABAN'!F8, "✅ BENAR! JAWABAN TES TEPAT!", "❌ Belum Tepat (Cek Sheet Akhir: 99_KUNCI_JAWABAN)"))
B47: K03 | C47: 78
B48: K04 | C48: 95
B51: 📝 SOAL TES #5: Kasus Akademik Sekolah & Layanan Publik
B52: Kode Barang (Kol 1) | C52: Harga Barang (Kol 2) | E52: Persoalan Tes #5: Cari harga untuk kode "K01" pada tabel referensi B53:C56 (ambil kolom ke-2 dengan pencocokan eksak FALSE) menggunakan fungsi VLOOKUP!
B53: K01 | C53: 82 | E53: ✏️ KETIK RUMUS JAWABAN TES DI BAWAH: | F53: 📌 STATUS KOREKSI JAWABAN TES:
B54: K02 | C54: 88 | F54: =IF(ISBLANK(E54), "⏳ Belum Diisi (Ketik Rumus di Sel Kuning E54)", IF(E54='99_KUNCI_JAWABAN'!F9, "✅ BENAR! JAWABAN TES TEPAT!", "❌ Belum Tepat (Cek Sheet Akhir: 99_KUNCI_JAWABAN)"))
B55: K03 | C55: 91
B56: K04 | C56: 79

Sheet HLOOKUP
B1: 📊 #002 — RUMUS EXCEL: HLOOKUP | Kategori: 3. Lookup & Referensi
B2: 1 Rumus = 1 Contoh Soal + Jawaban Benar & 5 Soal Tes Mandiri (Kunci Jawaban Ada di Sheet Paling Terakhir) | F2: ⬅️ Ke Daftar Isi (00_DAFTAR_ISI) | G2: 🔑 Ke Kunci Jawaban (Sheet Akhir)
B4: 1️⃣ IDENTITAS RUMUS & FUNGSINYA BUAT APA? (HLOOKUP)
B5: Nama Rumus Excel | C5: =HLOOKUP(...)
B6: Sintaks / Pola Umum | C6: =HLOOKUP(nilai_dicari, tabel_horizontal, nomor_baris, FALSE)
B7: 👶 Fungsinya Buat Apa? | C7: Sama seperti VLOOKUP tetapi mencari data secara MENDATAR (Horizontal) di baris paling atas lalu turun ke baris di bawahnya.
B9: 2️⃣ 1 CONTOH SOAL & CONTOH JAWABAN BENAR (PELAJARI POLA RUMUS HLOOKUP DI SINI)
B10: Baris Data | C10: Nilai Tabel | E10: ✅ 1 CONTOH SOAL BESERTA CONTOH RUMUS & HASIL JAWABAN BENAR:
B11: Simulasi Unit A | C11: 500000 | E11: Contoh Soal: | F11: Cari nilai sel C11 pada blok C11:C14 lalu ambil baris ke-2 secara eksak (FALSE) menggunakan fungsi HLOOKUP!
B12: Simulasi Unit B | C12: 750000 | E12: Contoh Rumus Benar: | F12: '=HLOOKUP(C11, C11:C14, 2, FALSE)
B13: Simulasi Unit C | C13: 600000 | E13: Contoh Hasil Benar: | F13: =HLOOKUP(C11, C11:C14, 2, FALSE)
B14: Simulasi Unit D | C14: 950000
B16: 3️⃣ 5 SOAL TES DUNIA NYATA — KERJAKAN DI KOTAK KUNING (TANPA KUNCI RUMUS / HASIL DI SINI!)
B17: 📌 Catatan Tes: Soal Tes #1 s/d #5 di bawah ini tidak menampilkan kunci rumus maupun hasil. Kunci jawaban lengkap tersedia di sheet paling terakhir (99_KUNCI_JAWABAN).
B19: 📝 SOAL TES #1: Kasus Keuangan & Akuntansi Kantor
B20: Baris Data | C20: Nilai Tabel | E20: Persoalan Tes #1: Cari nilai sel C21 pada blok C21:C24 lalu ambil baris ke-2 secara eksak (FALSE) menggunakan fungsi HLOOKUP!
B21: Cabang Jakarta | C21: 1250000 | E21: ✏️ KETIK RUMUS JAWABAN TES DI BAWAH: | F21: 📌 STATUS KOREKSI JAWABAN TES:
B22: Cabang Bandung | C22: 1850000 | F22: =IF(ISBLANK(E22), "⏳ Belum Diisi (Ketik Rumus di Sel Kuning E22)", IF(E22='99_KUNCI_JAWABAN'!F10, "✅ BENAR! JAWABAN TES TEPAT!", "❌ Belum Tepat (Cek Sheet Akhir: 99_KUNCI_JAWABAN)"))
B23: Cabang Surabaya | C23: 2100000
B24: Cabang Medan | C24: 1600000
B27: 📝 SOAL TES #2: Kasus HRD, Gaji & Lembur Karyawan
B28: Baris Data | C28: Nilai Tabel | E28: Persoalan Tes #2: Cari nilai sel C29 pada blok C29:C32 lalu ambil baris ke-2 secara eksak (FALSE) menggunakan fungsi HLOOKUP!
B29: Budi Santoso | C29: 4500000 | E29: ✏️ KETIK RUMUS JAWABAN TES DI BAWAH: | F29: 📌 STATUS KOREKSI JAWABAN TES:
B30: Siti Aminah | C30: 5200000 | F30: =IF(ISBLANK(E30), "⏳ Belum Diisi (Ketik Rumus di Sel Kuning E30)", IF(E30='99_KUNCI_JAWABAN'!F11, "✅ BENAR! JAWABAN TES TEPAT!", "❌ Belum Tepat (Cek Sheet Akhir: 99_KUNCI_JAWABAN)"))
B31: Andi Pratama | C31: 4800000
B32: Rina Wijaya | C32: 6100000
B35: 📝 SOAL TES #3: Kasus Logistik & Stok Gudang Utama
B36: Baris Data | C36: Nilai Tabel | E36: Persoalan Tes #3: Cari nilai sel C37 pada blok C37:C40 lalu ambil baris ke-2 secara eksak (FALSE) menggunakan fungsi HLOOKUP!
B37: Gudang Blok A | C37: 240 | E37: ✏️ KETIK RUMUS JAWABAN TES DI BAWAH: | F37: 📌 STATUS KOREKSI JAWABAN TES:
B38: Gudang Blok B | C38: 380 | F38: =IF(ISBLANK(E38), "⏳ Belum Diisi (Ketik Rumus di Sel Kuning E38)", IF(E38='99_KUNCI_JAWABAN'!F12, "✅ BENAR! JAWABAN TES TEPAT!", "❌ Belum Tepat (Cek Sheet Akhir: 99_KUNCI_JAWABAN)"))
B39: Gudang Blok C | C39: 195
B40: Gudang Blok D | C40: 425
B43: 📝 SOAL TES #4: Kasus Penjualan Retail & Target Toko
B44: Baris Data | C44: Nilai Tabel | E44: Persoalan Tes #4: Cari nilai sel C45 pada blok C45:C48 lalu ambil baris ke-2 secara eksak (FALSE) menggunakan fungsi HLOOKUP!
B45: Toko Elektronik | C45: 85 | E45: ✏️ KETIK RUMUS JAWABAN TES DI BAWAH: | F45: 📌 STATUS KOREKSI JAWABAN TES:
B46: Toko Komputer | C46: 92 | F46: =IF(ISBLANK(E46), "⏳ Belum Diisi (Ketik Rumus di Sel Kuning E46)", IF(E46='99_KUNCI_JAWABAN'!F13, "✅ BENAR! JAWABAN TES TEPAT!", "❌ Belum Tepat (Cek Sheet Akhir: 99_KUNCI_JAWABAN)"))
B47: Toko Aksesoris | C47: 78
B48: Toko Servis | C48: 95
B51: 📝 SOAL TES #5: Kasus Akademik Sekolah & Layanan Publik
B52: Baris Data | C52: Nilai Tabel | E52: Persoalan Tes #5: Cari nilai sel C53 pada blok C53:C56 lalu ambil baris ke-2 secara eksak (FALSE) menggunakan fungsi HLOOKUP!
B53: Kelas 10 IPA | C53: 82 | E53: ✏️ KETIK RUMUS JAWABAN TES DI BAWAH: | F53: 📌 STATUS KOREKSI JAWABAN TES:
B54: Kelas 11 IPA | C54: 88 | F54: =IF(ISBLANK(E54), "⏳ Belum Diisi (Ketik Rumus di Sel Kuning E54)", IF(E54='99_KUNCI_JAWABAN'!F14, "✅ BENAR! JAWABAN TES TEPAT!", "❌ Belum Tepat (Cek Sheet Akhir: 99_KUNCI_JAWABAN)"))
B55: Kelas 12 IPA | C55: 91
B56: Kelas Unggulan | C56: 79

Sheet INDEX
B1: 📊 #003 — RUMUS EXCEL: INDEX | Kategori: 3. Lookup & Referensi
B2: 1 Rumus = 1 Contoh Soal + Jawaban Benar & 5 Soal Tes Mandiri (Kunci Jawaban Ada di Sheet Paling Terakhir) | F2: ⬅️ Ke Daftar Isi (00_DAFTAR_ISI) | G2: 🔑 Ke Kunci Jawaban (Sheet Akhir)
B4: 1️⃣ IDENTITAS RUMUS & FUNGSINYA BUAT APA? (INDEX)
B5: Nama Rumus Excel | C5: =INDEX(...)
B6: Sintaks / Pola Umum | C6: =INDEX(range_data, nomor_baris, [nomor_kolom])
B7: 👶 Fungsinya Buat Apa? | C7: Mengambil isi sel pada koordinat urutan baris dan kolom tertentu di dalam suatu blok tabel (seperti menunjuk kursi bioskop Baris 3!).
B9: 2️⃣ 1 CONTOH SOAL & CONTOH JAWABAN BENAR (PELAJARI POLA RUMUS INDEX DI SINI)
B10: Nama Item | C10: Data Nilai | E10: ✅ 1 CONTOH SOAL BESERTA CONTOH RUMUS & HASIL JAWABAN BENAR:
B11: Simulasi Unit A | C11: 500000 | E11: Contoh Soal: | F11: Ambil data yang berada pada urutan baris ke-2 dari rentang C11:C14 menggunakan fungsi INDEX!
B12: Simulasi Unit B | C12: 750000 | E12: Contoh Rumus Benar: | F12: '=INDEX(C11:C14, 2)
B13: Simulasi Unit C | C13: 600000 | E13: Contoh Hasil Benar: | F13: =INDEX(C11:C14, 2)
B14: Simulasi Unit D | C14: 950000
B16: 3️⃣ 5 SOAL TES DUNIA NYATA — KERJAKAN DI KOTAK KUNING (TANPA KUNCI RUMUS / HASIL DI SINI!)
B17: 📌 Catatan Tes: Soal Tes #1 s/d #5 di bawah ini tidak menampilkan kunci rumus maupun hasil. Kunci jawaban lengkap tersedia di sheet paling terakhir (99_KUNCI_JAWABAN).
B19: 📝 SOAL TES #1: Kasus Keuangan & Akuntansi Kantor
B20: Nama Item | C20: Data Nilai | E20: Persoalan Tes #1: Ambil data yang berada pada urutan baris ke-1 dari rentang C21:C24 menggunakan fungsi INDEX!
B21: Cabang Jakarta | C21: 1250000 | E21: ✏️ KETIK RUMUS JAWABAN TES DI BAWAH: | F21: 📌 STATUS KOREKSI JAWABAN TES:
B22: Cabang Bandung | C22: 1850000 | F22: =IF(ISBLANK(E22), "⏳ Belum Diisi (Ketik Rumus di Sel Kuning E22)", IF(E22='99_KUNCI_JAWABAN'!F15, "✅ BENAR! JAWABAN TES TEPAT!", "❌ Belum Tepat (Cek Sheet Akhir: 99_KUNCI_JAWABAN)"))
B23: Cabang Surabaya | C23: 2100000
B24: Cabang Medan | C24: 1600000
B27: 📝 SOAL TES #2: Kasus HRD, Gaji & Lembur Karyawan
B28: Nama Item | C28: Data Nilai | E28: Persoalan Tes #2: Ambil data yang berada pada urutan baris ke-2 dari rentang C29:C32 menggunakan fungsi INDEX!
B29: Budi Santoso | C29: 4500000 | E29: ✏️ KETIK RUMUS JAWABAN TES DI BAWAH: | F29: 📌 STATUS KOREKSI JAWABAN TES:
B30: Siti Aminah | C30: 5200000 | F30: =IF(ISBLANK(E30), "⏳ Belum Diisi (Ketik Rumus di Sel Kuning E30)", IF(E30='99_KUNCI_JAWABAN'!F16, "✅ BENAR! JAWABAN TES TEPAT!", "❌ Belum Tepat (Cek Sheet Akhir: 99_KUNCI_JAWABAN)"))
B31: Andi Pratama | C31: 4800000
B32: Rina Wijaya | C32: 6100000
B35: 📝 SOAL TES #3: Kasus Logistik & Stok Gudang Utama
B36: Nama Item | C36: Data Nilai | E36: Persoalan Tes #3: Ambil data yang berada pada urutan baris ke-3 dari rentang C37:C40 menggunakan fungsi INDEX!
B37: Gudang Blok A | C37: 240 | E37: ✏️ KETIK RUMUS JAWABAN TES DI BAWAH: | F37: 📌 STATUS KOREKSI JAWABAN TES:
B38: Gudang Blok B | C38: 380 | F38: =IF(ISBLANK(E38), "⏳ Belum Diisi (Ketik Rumus di Sel Kuning E38)", IF(E38='99_KUNCI_JAWABAN'!F17, "✅ BENAR! JAWABAN TES TEPAT!", "❌ Belum Tepat (Cek Sheet Akhir: 99_KUNCI_JAWABAN)"))
B39: Gudang Blok C | C39: 195
B40: Gudang Blok D | C40: 425
B43: 📝 SOAL TES #4: Kasus Penjualan Retail & Target Toko
B44: Nama Item | C44: Data Nilai | E44: Persoalan Tes #4: Ambil data yang berada pada urutan baris ke-4 dari rentang C45:C48 menggunakan fungsi INDEX!
B45: Toko Elektronik | C45: 85 | E45: ✏️ KETIK RUMUS JAWABAN TES DI BAWAH: | F45: 📌 STATUS KOREKSI JAWABAN TES:
B46: Toko Komputer | C46: 92 | F46: =IF(ISBLANK(E46), "⏳ Belum Diisi (Ketik Rumus di Sel Kuning E46)", IF(E46='99_KUNCI_JAWABAN'!F18, "✅ BENAR! JAWABAN TES TEPAT!", "❌ Belum Tepat (Cek Sheet Akhir: 99_KUNCI_JAWABAN)"))
B47: Toko Aksesoris | C47: 78
B48: Toko Servis | C48: 95
B51: 📝 SOAL TES #5: Kasus Akademik Sekolah & Layanan Publik
B52: Nama Item | C52: Data Nilai | E52: Persoalan Tes #5: Ambil data yang berada pada urutan baris ke-1 dari rentang C53:C56 menggunakan fungsi INDEX!
B53: Kelas 10 IPA | C53: 82 | E53: ✏️ KETIK RUMUS JAWABAN TES DI BAWAH: | F53: 📌 STATUS KOREKSI JAWABAN TES:
B54: Kelas 11 IPA | C54: 88 | F54: =IF(ISBLANK(E54), "⏳ Belum Diisi (Ketik Rumus di Sel Kuning E54)", IF(E54='99_KUNCI_JAWABAN'!F19, "✅ BENAR! JAWABAN TES TEPAT!", "❌ Belum Tepat (Cek Sheet Akhir: 99_KUNCI_JAWABAN)"))
B55: Kelas 12 IPA | C55: 91
B56: Kelas Unggulan | C56: 79

Sheet MATCH
B1: 📊 #004 — RUMUS EXCEL: MATCH | Kategori: 3. Lookup & Referensi
B2: 1 Rumus = 1 Contoh Soal + Jawaban Benar & 5 Soal Tes Mandiri (Kunci Jawaban Ada di Sheet Paling Terakhir) | F2: ⬅️ Ke Daftar Isi (00_DAFTAR_ISI) | G2: 🔑 Ke Kunci Jawaban (Sheet Akhir)
B4: 1️⃣ IDENTITAS RUMUS & FUNGSINYA BUAT APA? (MATCH)
B5: Nama Rumus Excel | C5: =MATCH(...)
B6: Sintaks / Pola Umum | C6: =MATCH(nilai_dicari, range_satu_kolom, 0)
B7: 👶 Fungsinya Buat Apa? | C7: Mencari tahu suatu data berada di URUTAN BARIS KE BERAPA di dalam sebuah daftar (menghasilkan nomor urut posisi 1, 2, 3...).
B9: 2️⃣ 1 CONTOH SOAL & CONTOH JAWABAN BENAR (PELAJARI POLA RUMUS MATCH DI SINI)
B10: Daftar Nama | C10: Skor | E10: ✅ 1 CONTOH SOAL BESERTA CONTOH RUMUS & HASIL JAWABAN BENAR:
B11: Simulasi Unit A | C11: 500000 | E11: Contoh Soal: | F11: Temukan nomor urut baris dari teks "Simulasi Unit B" di dalam rentang B11:B14 (tipe pencocokan eksak 0) menggunakan fungsi MATCH!
B12: Simulasi Unit B | C12: 750000 | E12: Contoh Rumus Benar: | F12: '=MATCH("Simulasi Unit B", B11:B14, 0)
B13: Simulasi Unit C | C13: 600000 | E13: Contoh Hasil Benar: | F13: =MATCH("Simulasi Unit B", B11:B14, 0)
B14: Simulasi Unit D | C14: 950000
B16: 3️⃣ 5 SOAL TES DUNIA NYATA — KERJAKAN DI KOTAK KUNING (TANPA KUNCI RUMUS / HASIL DI SINI!)
B17: 📌 Catatan Tes: Soal Tes #1 s/d #5 di bawah ini tidak menampilkan kunci rumus maupun hasil. Kunci jawaban lengkap tersedia di sheet paling terakhir (99_KUNCI_JAWABAN).
B19: 📝 SOAL TES #1: Kasus Keuangan & Akuntansi Kantor
B20: Daftar Nama | C20: Skor | E20: Persoalan Tes #1: Temukan nomor urut baris dari teks "Cabang Jakarta" di dalam rentang B21:B24 (tipe pencocokan eksak 0) menggunakan fungsi MATCH!
B21: Cabang Jakarta | C21: 1250000 | E21: ✏️ KETIK RUMUS JAWABAN TES DI BAWAH: | F21: 📌 STATUS KOREKSI JAWABAN TES:
B22: Cabang Bandung | C22: 1850000 | F22: =IF(ISBLANK(E22), "⏳ Belum Diisi (Ketik Rumus di Sel Kuning E22)", IF(E22='99_KUNCI_JAWABAN'!F20, "✅ BENAR! JAWABAN TES TEPAT!", "❌ Belum Tepat (Cek Sheet Akhir: 99_KUNCI_JAWABAN)"))
B23: Cabang Surabaya | C23: 2100000
B24: Cabang Medan | C24: 1600000
B27: 📝 SOAL TES #2: Kasus HRD, Gaji & Lembur Karyawan
B28: Daftar Nama | C28: Skor | E28: Persoalan Tes #2: Temukan nomor urut baris dari teks "Siti Aminah" di dalam rentang B29:B32 (tipe pencocokan eksak 0) menggunakan fungsi MATCH!
B29: Budi Santoso | C29: 4500000 | E29: ✏️ KETIK RUMUS JAWABAN TES DI BAWAH: | F29: 📌 STATUS KOREKSI JAWABAN TES:
B30: Siti Aminah | C30: 5200000 | F30: =IF(ISBLANK(E30), "⏳ Belum Diisi (Ketik Rumus di Sel Kuning E30)", IF(E30='99_KUNCI_JAWABAN'!F21, "✅ BENAR! JAWABAN TES TEPAT!", "❌ Belum Tepat (Cek Sheet Akhir: 99_KUNCI_JAWABAN)"))
B31: Andi Pratama | C31: 4800000
B32: Rina Wijaya | C32: 6100000
B35: 📝 SOAL TES #3: Kasus Logistik & Stok Gudang Utama
B36: Daftar Nama | C36: Skor | E36: Persoalan Tes #3: Temukan nomor urut baris dari teks "Gudang Blok C" di dalam rentang B37:B40 (tipe pencocokan eksak 0) menggunakan fungsi MATCH!
B37: Gudang Blok A | C37: 240 | E37: ✏️ KETIK RUMUS JAWABAN TES DI BAWAH: | F37: 📌 STATUS KOREKSI JAWABAN TES:
B38: Gudang Blok B | C38: 380 | F38: =IF(ISBLANK(E38), "⏳ Belum Diisi (Ketik Rumus di Sel Kuning E38)", IF(E38='99_KUNCI_JAWABAN'!F22, "✅ BENAR! JAWABAN TES TEPAT!", "❌ Belum Tepat (Cek Sheet Akhir: 99_KUNCI_JAWABAN)"))
B39: Gudang Blok C | C39: 195
B40: Gudang Blok D | C40: 425
B43: 📝 SOAL TES #4: Kasus Penjualan Retail & Target Toko
B44: Daftar Nama | C44: Skor | E44: Persoalan Tes #4: Temukan nomor urut baris dari teks "Toko Servis" di dalam rentang B45:B48 (tipe pencocokan eksak 0) menggunakan fungsi MATCH!
B45: Toko Elektronik | C45: 85 | E45: ✏️ KETIK RUMUS JAWABAN TES DI BAWAH: | F45: 📌 STATUS KOREKSI JAWABAN TES:
B46: Toko Komputer | C46: 92 | F46: =IF(ISBLANK(E46), "⏳ Belum Diisi (Ketik Rumus di Sel Kuning E46)", IF(E46='99_KUNCI_JAWABAN'!F23, "✅ BENAR! JAWABAN TES TEPAT!", "❌ Belum Tepat (Cek Sheet Akhir: 99_KUNCI_JAWABAN)"))
B47: Toko Aksesoris | C47: 78
B48: Toko Servis | C48: 95
B51: 📝 SOAL TES #5: Kasus Akademik Sekolah & Layanan Publik
B52: Daftar Nama | C52: Skor | E52: Persoalan Tes #5: Temukan nomor urut baris dari teks "Kelas 10 IPA" di dalam rentang B53:B56 (tipe pencocokan eksak 0) menggunakan fungsi MATCH!
B53: Kelas 10 IPA | C53: 82 | E53: ✏️ KETIK RUMUS JAWABAN TES DI BAWAH: | F53: 📌 STATUS KOREKSI JAWABAN TES:
B54: Kelas 11 IPA | C54: 88 | F54: =IF(ISBLANK(E54), "⏳ Belum Diisi (Ketik Rumus di Sel Kuning E54)", IF(E54='99_KUNCI_JAWABAN'!F24, "✅ BENAR! JAWABAN TES TEPAT!", "❌ Belum Tepat (Cek Sheet Akhir: 99_KUNCI_JAWABAN)"))
B55: Kelas 12 IPA | C55: 91
B56: Kelas Unggulan | C56: 79

Sheet CHOOSE
B1: 📊 #005 — RUMUS EXCEL: CHOOSE | Kategori: 3. Lookup & Referensi
B2: 1 Rumus = 1 Contoh Soal + Jawaban Benar & 5 Soal Tes Mandiri (Kunci Jawaban Ada di Sheet Paling Terakhir) | F2: ⬅️ Ke Daftar Isi (00_DAFTAR_ISI) | G2: 🔑 Ke Kunci Jawaban (Sheet Akhir)
B4: 1️⃣ IDENTITAS RUMUS & FUNGSINYA BUAT APA? (CHOOSE)
B5: Nama Rumus Excel | C5: =CHOOSE(...)
B6: Sintaks / Pola Umum | C6: =CHOOSE(nomor_pilihan, nilai1, nilai2, nilai3, ...)
B7: 👶 Fungsinya Buat Apa? | C7: Memilih satu item dari daftar berdasarkan nomor urut tombol (1 = pilih nilai pertama, 2 = pilih nilai kedua, dst).
B9: 2️⃣ 1 CONTOH SOAL & CONTOH JAWABAN BENAR (PELAJARI POLA RUMUS CHOOSE DI SINI)
B10: Opsi Paket | C10: Nilai Paket | E10: ✅ 1 CONTOH SOAL BESERTA CONTOH RUMUS & HASIL JAWABAN BENAR:
B11: Simulasi Unit A | C11: 500000 | E11: Contoh Soal: | F11: Pilih opsi urutan ke-3 dari tiga kandidat sel berurutan C11, C12, dan C13 menggunakan fungsi CHOOSE!
B12: Simulasi Unit B | C12: 750000 | E12: Contoh Rumus Benar: | F12: '=CHOOSE(3, C11, C12, C13)
B13: Simulasi Unit C | C13: 600000 | E13: Contoh Hasil Benar: | F13: =CHOOSE(3, C11, C12, C13)
B14: Simulasi Unit D | C14: 950000
B16: 3️⃣ 5 SOAL TES DUNIA NYATA — KERJAKAN DI KOTAK KUNING (TANPA KUNCI RUMUS / HASIL DI SINI!)
B17: 📌 Catatan Tes: Soal Tes #1 s/d #5 di bawah ini tidak menampilkan kunci rumus maupun hasil. Kunci jawaban lengkap tersedia di sheet paling terakhir (99_KUNCI_JAWABAN).
B19: 📝 SOAL TES #1: Kasus Keuangan & Akuntansi Kantor
B20: Opsi Paket | C20: Nilai Paket | E20: Persoalan Tes #1: Pilih opsi urutan ke-1 dari tiga kandidat sel berurutan C21, C22, dan C23 menggunakan fungsi CHOOSE!
B21: Cabang Jakarta | C21: 1250000 | E21: ✏️ KETIK RUMUS JAWABAN TES DI BAWAH: | F21: 📌 STATUS KOREKSI JAWABAN TES:
B22: Cabang Bandung | C22: 1850000 | F22: =IF(ISBLANK(E22), "⏳ Belum Diisi (Ketik Rumus di Sel Kuning E22)", IF(E22='99_KUNCI_JAWABAN'!F25, "✅ BENAR! JAWABAN TES TEPAT!", "❌ Belum Tepat (Cek Sheet Akhir: 99_KUNCI_JAWABAN)"))
B23: Cabang Surabaya | C23: 2100000
B24: Cabang Medan | C24: 1600000
B27: 📝 SOAL TES #2: Kasus HRD, Gaji & Lembur Karyawan
B28: Opsi Paket | C28: Nilai Paket | E28: Persoalan Tes #2: Pilih opsi urutan ke-2 dari tiga kandidat sel berurutan C29, C30, dan C31 menggunakan fungsi CHOOSE!
B29: Budi Santoso | C29: 4500000 | E29: ✏️ KETIK RUMUS JAWABAN TES DI BAWAH: | F29: 📌 STATUS KOREKSI JAWABAN TES:
B30: Siti Aminah | C30: 5200000 | F30: =IF(ISBLANK(E30), "⏳ Belum Diisi (Ketik Rumus di Sel Kuning E30)", IF(E30='99_KUNCI_JAWABAN'!F26, "✅ BENAR! JAWABAN TES TEPAT!", "❌ Belum Tepat (Cek Sheet Akhir: 99_KUNCI_JAWABAN)"))
B31: Andi Pratama | C31: 4800000
B32: Rina Wijaya | C32: 6100000
B35: 📝 SOAL TES #3: Kasus Logistik & Stok Gudang Utama
B36: Opsi Paket | C36: Nilai Paket | E36: Persoalan Tes #3: Pilih opsi urutan ke-3 dari tiga kandidat sel berurutan C37, C38, dan C39 menggunakan fungsi CHOOSE!
B37: Gudang Blok A | C37: 240 | E37: ✏️ KETIK RUMUS JAWABAN TES DI BAWAH: | F37: 📌 STATUS KOREKSI JAWABAN TES:
B38: Gudang Blok B | C38: 380 | F38: =IF(ISBLANK(E38), "⏳ Belum Diisi (Ketik Rumus di Sel Kuning E38)", IF(E38='99_KUNCI_JAWABAN'!F27, "✅ BENAR! JAWABAN TES TEPAT!", "❌ Belum Tepat (Cek Sheet Akhir: 99_KUNCI_JAWABAN)"))
B39: Gudang Blok C | C39: 195
B40: Gudang Blok D | C40: 425
B43: 📝 SOAL TES #4: Kasus Penjualan Retail & Target Toko
B44: Opsi Paket | C44: Nilai Paket | E44: Persoalan Tes #4: Pilih opsi urutan ke-1 dari tiga kandidat sel berurutan C45, C46, dan C47 menggunakan fungsi CHOOSE!
B45: Toko Elektronik | C45: 85 | E45: ✏️ KETIK RUMUS JAWABAN TES DI BAWAH: | F45: 📌 STATUS KOREKSI JAWABAN TES:
B46: Toko Komputer | C46: 92 | F46: =IF(ISBLANK(E46), "⏳ Belum Diisi (Ketik Rumus di Sel Kuning E46)", IF(E46='99_KUNCI_JAWABAN'!F28, "✅ BENAR! JAWABAN TES TEPAT!", "❌ Belum Tepat (Cek Sheet Akhir: 99_KUNCI_JAWABAN)"))
B47: Toko Aksesoris | C47: 78
B48: Toko Servis | C48: 95
B51: 📝 SOAL TES #5: Kasus Akademik Sekolah & Layanan Publik
B52: Opsi Paket | C52: Nilai Paket | E52: Persoalan Tes #5: Pilih opsi urutan ke-2 dari tiga kandidat sel berurutan C53, C54, dan C55 menggunakan fungsi CHOOSE!
B53: Kelas 10 IPA | C53: 82 | E53: ✏️ KETIK RUMUS JAWABAN TES DI BAWAH: | F53: 📌 STATUS KOREKSI JAWABAN TES:
B54: Kelas 11 IPA | C54: 88 | F54: =IF(ISBLANK(E54), "⏳ Belum Diisi (Ketik Rumus di Sel Kuning E54)", IF(E54='99_KUNCI_JAWABAN'!F29, "✅ BENAR! JAWABAN TES TEPAT!", "❌ Belum Tepat (Cek Sheet Akhir: 99_KUNCI_JAWABAN)"))
B55: Kelas 12 IPA | C55: 91
B56: Kelas Unggulan | C56: 79

Sheet ROW
B1: 📊 #006 — RUMUS EXCEL: ROW | Kategori: 3. Lookup & Referensi
B2: 1 Rumus = 1 Contoh Soal + Jawaban Benar & 5 Soal Tes Mandiri (Kunci Jawaban Ada di Sheet Paling Terakhir) | F2: ⬅️ Ke Daftar Isi (00_DAFTAR_ISI) | G2: 🔑 Ke Kunci Jawaban (Sheet Akhir)
B4: 1️⃣ IDENTITAS RUMUS & FUNGSINYA BUAT APA? (ROW)
B5: Nama Rumus Excel | C5: =ROW(...)
B6: Sintaks / Pola Umum | C6: =ROW([referensi_sel])
B7: 👶 Fungsinya Buat Apa? | C7: Memberitahu nomor baris tempat sebuah sel berada (misal ROW(C19) menghasilkan angka 19).
B9: 2️⃣ 1 CONTOH SOAL & CONTOH JAWABAN BENAR (PELAJARI POLA RUMUS ROW DI SINI)
B10: Label | C10: Data | E10: ✅ 1 CONTOH SOAL BESERTA CONTOH RUMUS & HASIL JAWABAN BENAR:
B11: Simulasi Unit A | C11: 500000 | E11: Contoh Soal: | F11: Periksa nomor urut posisi sel C11 menggunakan fungsi referensi ROW!
B12: Simulasi Unit B | C12: 750000 | E12: Contoh Rumus Benar: | F12: '=ROW(C11)
B13: Simulasi Unit C | C13: 600000 | E13: Contoh Hasil Benar: | F13: =ROW(C11)
B14: Simulasi Unit D | C14: 950000
B16: 3️⃣ 5 SOAL TES DUNIA NYATA — KERJAKAN DI KOTAK KUNING (TANPA KUNCI RUMUS / HASIL DI SINI!)
B17: 📌 Catatan Tes: Soal Tes #1 s/d #5 di bawah ini tidak menampilkan kunci rumus maupun hasil. Kunci jawaban lengkap tersedia di sheet paling terakhir (99_KUNCI_JAWABAN).
B19: 📝 SOAL TES #1: Kasus Keuangan & Akuntansi Kantor
B20: Label | C20: Data | E20: Persoalan Tes #1: Periksa nomor urut posisi sel C21 menggunakan fungsi referensi ROW!
B21: Cabang Jakarta | C21: 1250000 | E21: ✏️ KETIK RUMUS JAWABAN TES DI BAWAH: | F21: 📌 STATUS KOREKSI JAWABAN TES:
B22: Cabang Bandung | C22: 1850000 | F22: =IF(ISBLANK(E22), "⏳ Belum Diisi (Ketik Rumus di Sel Kuning E22)", IF(E22='99_KUNCI_JAWABAN'!F30, "✅ BENAR! JAWABAN TES TEPAT!", "❌ Belum Tepat (Cek Sheet Akhir: 99_KUNCI_JAWABAN)"))
B23: Cabang Surabaya | C23: 2100000
B24: Cabang Medan | C24: 1600000
B27: 📝 SOAL TES #2: Kasus HRD, Gaji & Lembur Karyawan
B28: Label | C28: Data | E28: Persoalan Tes #2: Periksa nomor urut posisi sel C29 menggunakan fungsi referensi ROW!
B29: Budi Santoso | C29: 4500000 | E29: ✏️ KETIK RUMUS JAWABAN TES DI BAWAH: | F29: 📌 STATUS KOREKSI JAWABAN TES:
B30: Siti Aminah | C30: 5200000 | F30: =IF(ISBLANK(E30), "⏳ Belum Diisi (Ketik Rumus di Sel Kuning E30)", IF(E30='99_KUNCI_JAWABAN'!F31, "✅ BENAR! JAWABAN TES TEPAT!", "❌ Belum Tepat (Cek Sheet Akhir: 99_KUNCI_JAWABAN)"))
B31: Andi Pratama | C31: 4800000
B32: Rina Wijaya | C32: 6100000
B35: 📝 SOAL TES #3: Kasus Logistik & Stok Gudang Utama
B36: Label | C36: Data | E36: Persoalan Tes #3: Periksa nomor urut posisi sel C37 menggunakan fungsi referensi ROW!
B37: Gudang Blok A | C37: 240 | E37: ✏️ KETIK RUMUS JAWABAN TES DI BAWAH: | F37: 📌 STATUS KOREKSI JAWABAN TES:
B38: Gudang Blok B | C38: 380 | F38: =IF(ISBLANK(E38), "⏳ Belum Diisi (Ketik Rumus di Sel Kuning E38)", IF(E38='99_KUNCI_JAWABAN'!F32, "✅ BENAR! JAWABAN TES TEPAT!", "❌ Belum Tepat (Cek Sheet Akhir: 99_KUNCI_JAWABAN)"))
B39: Gudang Blok C | C39: 195
B40: Gudang Blok D | C40: 425
B43: 📝 SOAL TES #4: Kasus Penjualan Retail & Target Toko
B44: Label | C44: Data | E44: Persoalan Tes #4: Periksa nomor urut posisi sel C45 menggunakan fungsi referensi ROW!
B45: Toko Elektronik | C45: 85 | E45: ✏️ KETIK RUMUS JAWABAN TES DI BAWAH: | F45: 📌 STATUS KOREKSI JAWABAN TES:
B46: Toko Komputer | C46: 92 | F46: =IF(ISBLANK(E46), "⏳ Belum Diisi (Ketik Rumus di Sel Kuning E46)", IF(E46='99_KUNCI_JAWABAN'!F33, "✅ BENAR! JAWABAN TES TEPAT!", "❌ Belum Tepat (Cek Sheet Akhir: 99_KUNCI_JAWABAN)"))
B47: Toko Aksesoris | C47: 78
B48: Toko Servis | C48: 95
B51: 📝 SOAL TES #5: Kasus Akademik Sekolah & Layanan Publik
B52: Label | C52: Data | E52: Persoalan Tes #5: Periksa nomor urut posisi sel C53 menggunakan fungsi referensi ROW!
B53: Kelas 10 IPA | C53: 82 | E53: ✏️ KETIK RUMUS JAWABAN TES DI BAWAH: | F53: 📌 STATUS KOREKSI JAWABAN TES:
B54: Kelas 11 IPA | C54: 88 | F54: =IF(ISBLANK(E54), "⏳ Belum Diisi (Ketik Rumus di Sel Kuning E54)", IF(E54='99_KUNCI_JAWABAN'!F34, "✅ BENAR! JAWABAN TES TEPAT!", "❌ Belum Tepat (Cek Sheet Akhir: 99_KUNCI_JAWABAN)"))
B55: Kelas 12 IPA | C55: 91
B56: Kelas Unggulan | C56: 79

Sheet COLUMN
B1: 📊 #007 — RUMUS EXCEL: COLUMN | Kategori: 3. Lookup & Referensi
B2: 1 Rumus = 1 Contoh Soal + Jawaban Benar & 5 Soal Tes Mandiri (Kunci Jawaban Ada di Sheet Paling Terakhir) | F2: ⬅️ Ke Daftar Isi (00_DAFTAR_ISI) | G2: 🔑 Ke Kunci Jawaban (Sheet Akhir)
B4: 1️⃣ IDENTITAS RUMUS & FUNGSINYA BUAT APA? (COLUMN)
B5: Nama Rumus Excel | C5: =COLUMN(...)
B6: Sintaks / Pola Umum | C6: =COLUMN([referensi_sel])
B7: 👶 Fungsinya Buat Apa? | C7: Memberitahu nomor urut kolom sebuah sel (Kolom A = 1, Kolom B = 2, Kolom C = 3, dst).
B9: 2️⃣ 1 CONTOH SOAL & CONTOH JAWABAN BENAR (PELAJARI POLA RUMUS COLUMN DI SINI)
B10: Label | C10: Data | E10: ✅ 1 CONTOH SOAL BESERTA CONTOH RUMUS & HASIL JAWABAN BENAR:
B11: Simulasi Unit A | C11: 500000 | E11: Contoh Soal: | F11: Periksa nomor urut posisi sel C11 menggunakan fungsi referensi COLUMN!
B12: Simulasi Unit B | C12: 750000 | E12: Contoh Rumus Benar: | F12: '=COLUMN(C11)
B13: Simulasi Unit C | C13: 600000 | E13: Contoh Hasil Benar: | F13: =COLUMN(C11)
B14: Simulasi Unit D | C14: 950000
B16: 3️⃣ 5 SOAL TES DUNIA NYATA — KERJAKAN DI KOTAK KUNING (TANPA KUNCI RUMUS / HASIL DI SINI!)
B17: 📌 Catatan Tes: Soal Tes #1 s/d #5 di bawah ini tidak menampilkan kunci rumus maupun hasil. Kunci jawaban lengkap tersedia di sheet paling terakhir (99_KUNCI_JAWABAN).
B19: 📝 SOAL TES #1: Kasus Keuangan & Akuntansi Kantor
B20: Label | C20: Data | E20: Persoalan Tes #1: Periksa nomor urut posisi sel C21 menggunakan fungsi referensi COLUMN!
B21: Cabang Jakarta | C21: 1250000 | E21: ✏️ KETIK RUMUS JAWABAN TES DI BAWAH: | F21: 📌 STATUS KOREKSI JAWABAN TES:
B22: Cabang Bandung | C22: 1850000 | F22: =IF(ISBLANK(E22), "⏳ Belum Diisi (Ketik Rumus di Sel Kuning E22)", IF(E22='99_KUNCI_JAWABAN'!F35, "✅ BENAR! JAWABAN TES TEPAT!", "❌ Belum Tepat (Cek Sheet Akhir: 99_KUNCI_JAWABAN)"))
B23: Cabang Surabaya | C23: 2100000
B24: Cabang Medan | C24: 1600000
B27: 📝 SOAL TES #2: Kasus HRD, Gaji & Lembur Karyawan
B28: Label | C28: Data | E28: Persoalan Tes #2: Periksa nomor urut posisi sel C29 menggunakan fungsi referensi COLUMN!
B29: Budi Santoso | C29: 4500000 | E29: ✏️ KETIK RUMUS JAWABAN TES DI BAWAH: | F29: 📌 STATUS KOREKSI JAWABAN TES:
B30: Siti Aminah | C30: 5200000 | F30: =IF(ISBLANK(E30), "⏳ Belum Diisi (Ketik Rumus di Sel Kuning E30)", IF(E30='99_KUNCI_JAWABAN'!F36, "✅ BENAR! JAWABAN TES TEPAT!", "❌ Belum Tepat (Cek Sheet Akhir: 99_KUNCI_JAWABAN)"))
B31: Andi Pratama | C31: 4800000
B32: Rina Wijaya | C32: 6100000
B35: 📝 SOAL TES #3: Kasus Logistik & Stok Gudang Utama
B36: Label | C36: Data | E36: Persoalan Tes #3: Periksa nomor urut posisi sel C37 menggunakan fungsi referensi COLUMN!
B37: Gudang Blok A | C37: 240 | E37: ✏️ KETIK RUMUS JAWABAN TES DI BAWAH: | F37: 📌 STATUS KOREKSI JAWABAN TES:
B38: Gudang Blok B | C38: 380 | F38: =IF(ISBLANK(E38), "⏳ Belum Diisi (Ketik Rumus di Sel Kuning E38)", IF(E38='99_KUNCI_JAWABAN'!F37, "✅ BENAR! JAWABAN TES TEPAT!", "❌ Belum Tepat (Cek Sheet Akhir: 99_KUNCI_JAWABAN)"))
B39: Gudang Blok C | C39: 195
B40: Gudang Blok D | C40: 425
B43: 📝 SOAL TES #4: Kasus Penjualan Retail & Target Toko
B44: Label | C44: Data | E44: Persoalan Tes #4: Periksa nomor urut posisi sel C45 menggunakan fungsi referensi COLUMN!
B45: Toko Elektronik | C45: 85 | E45: ✏️ KETIK RUMUS JAWABAN TES DI BAWAH: | F45: 📌 STATUS KOREKSI JAWABAN TES:
B46: Toko Komputer | C46: 92 | F46: =IF(ISBLANK(E46), "⏳ Belum Diisi (Ketik Rumus di Sel Kuning E46)", IF(E46='99_KUNCI_JAWABAN'!F38, "✅ BENAR! JAWABAN TES TEPAT!", "❌ Belum Tepat (Cek Sheet Akhir: 99_KUNCI_JAWABAN)"))
B47: Toko Aksesoris | C47: 78
B48: Toko Servis | C48: 95
B51: 📝 SOAL TES #5: Kasus Akademik Sekolah & Layanan Publik
B52: Label | C52: Data | E52: Persoalan Tes #5: Periksa nomor urut posisi sel C53 menggunakan fungsi referensi COLUMN!
B53: Kelas 10 IPA | C53: 82 | E53: ✏️ KETIK RUMUS JAWABAN TES DI BAWAH: | F53: 📌 STATUS KOREKSI JAWABAN TES:
B54: Kelas 11 IPA | C54: 88 | F54: =IF(ISBLANK(E54), "⏳ Belum Diisi (Ketik Rumus di Sel Kuning E54)", IF(E54='99_KUNCI_JAWABAN'!F39, "✅ BENAR! JAWABAN TES TEPAT!", "❌ Belum Tepat (Cek Sheet Akhir: 99_KUNCI_JAWABAN)"))
B55: Kelas 12 IPA | C55: 91
B56: Kelas Unggulan | C56: 79

Sheet ROWS
B1: 📊 #008 — RUMUS EXCEL: ROWS | Kategori: 3. Lookup & Referensi
B2: 1 Rumus = 1 Contoh Soal + Jawaban Benar & 5 Soal Tes Mandiri (Kunci Jawaban Ada di Sheet Paling Terakhir) | F2: ⬅️ Ke Daftar Isi (00_DAFTAR_ISI) | G2: 🔑 Ke Kunci Jawaban (Sheet Akhir)
B4: 1️⃣ IDENTITAS RUMUS & FUNGSINYA BUAT APA? (ROWS)
B5: Nama Rumus Excel | C5: =ROWS(...)
B6: Sintaks / Pola Umum | C6: =ROWS(range_tabel)
B7: 👶 Fungsinya Buat Apa? | C7: Menghitung ada berapa total baris di dalam suatu blok tabel.
B9: 2️⃣ 1 CONTOH SOAL & CONTOH JAWABAN BENAR (PELAJARI POLA RUMUS ROWS DI SINI)
B10: Label | C10: Data | E10: ✅ 1 CONTOH SOAL BESERTA CONTOH RUMUS & HASIL JAWABAN BENAR:
B11: Simulasi Unit A | C11: 500000 | E11: Contoh Soal: | F11: Hitung jumlah dimensi blok tabel B11:C14 menggunakan fungsi ROWS!
B12: Simulasi Unit B | C12: 750000 | E12: Contoh Rumus Benar: | F12: '=ROWS(B11:C14)
B13: Simulasi Unit C | C13: 600000 | E13: Contoh Hasil Benar: | F13: =ROWS(B11:C14)
B14: Simulasi Unit D | C14: 950000
B16: 3️⃣ 5 SOAL TES DUNIA NYATA — KERJAKAN DI KOTAK KUNING (TANPA KUNCI RUMUS / HASIL DI SINI!)
B17: 📌 Catatan Tes: Soal Tes #1 s/d #5 di bawah ini tidak menampilkan kunci rumus maupun hasil. Kunci jawaban lengkap tersedia di sheet paling terakhir (99_KUNCI_JAWABAN).
B19: 📝 SOAL TES #1: Kasus Keuangan & Akuntansi Kantor
B20: Label | C20: Data | E20: Persoalan Tes #1: Hitung jumlah dimensi blok tabel B21:C24 menggunakan fungsi ROWS!
B21: Cabang Jakarta | C21: 1250000 | E21: ✏️ KETIK RUMUS JAWABAN TES DI BAWAH: | F21: 📌 STATUS KOREKSI JAWABAN TES:
B22: Cabang Bandung | C22: 1850000 | F22: =IF(ISBLANK(E22), "⏳ Belum Diisi (Ketik Rumus di Sel Kuning E22)", IF(E22='99_KUNCI_JAWABAN'!F40, "✅ BENAR! JAWABAN TES TEPAT!", "❌ Belum Tepat (Cek Sheet Akhir: 99_KUNCI_JAWABAN)"))
B23: Cabang Surabaya | C23: 2100000
B24: Cabang Medan | C24: 1600000
B27: 📝 SOAL TES #2: Kasus HRD, Gaji & Lembur Karyawan
B28: Label | C28: Data | E28: Persoalan Tes #2: Hitung jumlah dimensi blok tabel B29:C32 menggunakan fungsi ROWS!
B29: Budi Santoso | C29: 4500000 | E29: ✏️ KETIK RUMUS JAWABAN TES DI BAWAH: | F29: 📌 STATUS KOREKSI JAWABAN TES:
B30: Siti Aminah | C30: 5200000 | F30: =IF(ISBLANK(E30), "⏳ Belum Diisi (Ketik Rumus di Sel Kuning E30)", IF(E30='99_KUNCI_JAWABAN'!F41, "✅ BENAR! JAWABAN TES TEPAT!", "❌ Belum Tepat (Cek Sheet Akhir: 99_KUNCI_JAWABAN)"))
B31: Andi Pratama | C31: 4800000
B32: Rina Wijaya | C32: 6100000
B35: 📝 SOAL TES #3: Kasus Logistik & Stok Gudang Utama
B36: Label | C36: Data | E36: Persoalan Tes #3: Hitung jumlah dimensi blok tabel B37:C40 menggunakan fungsi ROWS!
B37: Gudang Blok A | C37: 240 | E37: ✏️ KETIK RUMUS JAWABAN TES DI BAWAH: | F37: 📌 STATUS KOREKSI JAWABAN TES:
B38: Gudang Blok B | C38: 380 | F38: =IF(ISBLANK(E38), "⏳ Belum Diisi (Ketik Rumus di Sel Kuning E38)", IF(E38='99_KUNCI_JAWABAN'!F42, "✅ BENAR! JAWABAN TES TEPAT!", "❌ Belum Tepat (Cek Sheet Akhir: 99_KUNCI_JAWABAN)"))
B39: Gudang Blok C | C39: 195
B40: Gudang Blok D | C40: 425
B43: 📝 SOAL TES #4: Kasus Penjualan Retail & Target Toko
B44: Label | C44: Data | E44: Persoalan Tes #4: Hitung jumlah dimensi blok tabel B45:C48 menggunakan fungsi ROWS!
B45: Toko Elektronik | C45: 85 | E45: ✏️ KETIK RUMUS JAWABAN TES DI BAWAH: | F45: 📌 STATUS KOREKSI JAWABAN TES:
B46: Toko Komputer | C46: 92 | F46: =IF(ISBLANK(E46), "⏳ Belum Diisi (Ketik Rumus di Sel Kuning E46)", IF(E46='99_KUNCI_JAWABAN'!F43, "✅ BENAR! JAWABAN TES TEPAT!", "❌ Belum Tepat (Cek Sheet Akhir: 99_KUNCI_JAWABAN)"))
B47: Toko Aksesoris | C47: 78
B48: Toko Servis | C48: 95
B51: 📝 SOAL TES #5: Kasus Akademik Sekolah & Layanan Publik
B52: Label | C52: Data | E52: Persoalan Tes #5: Hitung jumlah dimensi blok tabel B53:C56 menggunakan fungsi ROWS!
B53: Kelas 10 IPA | C53: 82 | E53: ✏️ KETIK RUMUS JAWABAN TES DI BAWAH: | F53: 📌 STATUS KOREKSI JAWABAN TES:
B54: Kelas 11 IPA | C54: 88 | F54: =IF(ISBLANK(E54), "⏳ Belum Diisi (Ketik Rumus di Sel Kuning E54)", IF(E54='99_KUNCI_JAWABAN'!F44, "✅ BENAR! JAWABAN TES TEPAT!", "❌ Belum Tepat (Cek Sheet Akhir: 99_KUNCI_JAWABAN)"))
B55: Kelas 12 IPA | C55: 91
B56: Kelas Unggulan | C56: 79

Sheet COLUMNS
B1: 📊 #009 — RUMUS EXCEL: COLUMNS | Kategori: 3. Lookup & Referensi
B2: 1 Rumus = 1 Contoh Soal + Jawaban Benar & 5 Soal Tes Mandiri (Kunci Jawaban Ada di Sheet Paling Terakhir) | F2: ⬅️ Ke Daftar Isi (00_DAFTAR_ISI) | G2: 🔑 Ke Kunci Jawaban (Sheet Akhir)
B4: 1️⃣ IDENTITAS RUMUS & FUNGSINYA BUAT APA? (COLUMNS)
B5: Nama Rumus Excel | C5: =COLUMNS(...)
B6: Sintaks / Pola Umum | C6: =COLUMNS(range_tabel)
B7: 👶 Fungsinya Buat Apa? | C7: Menghitung ada berapa total kolom menyamping di dalam suatu blok tabel.
B9: 2️⃣ 1 CONTOH SOAL & CONTOH JAWABAN BENAR (PELAJARI POLA RUMUS COLUMNS DI SINI)
B10: Label | C10: Data | E10: ✅ 1 CONTOH SOAL BESERTA CONTOH RUMUS & HASIL JAWABAN BENAR:
B11: Simulasi Unit A | C11: 500000 | E11: Contoh Soal: | F11: Hitung jumlah dimensi blok tabel B11:C14 menggunakan fungsi COLUMNS!
B12: Simulasi Unit B | C12: 750000 | E12: Contoh Rumus Benar: | F12: '=COLUMNS(B11:C14)
B13: Simulasi Unit C | C13: 600000 | E13: Contoh Hasil Benar: | F13: =COLUMNS(B11:C14)
B14: Simulasi Unit D | C14: 950000
B16: 3️⃣ 5 SOAL TES DUNIA NYATA — KERJAKAN DI KOTAK KUNING (TANPA KUNCI RUMUS / HASIL DI SINI!)
B17: 📌 Catatan Tes: Soal Tes #1 s/d #5 di bawah ini tidak menampilkan kunci rumus maupun hasil. Kunci jawaban lengkap tersedia di sheet paling terakhir (99_KUNCI_JAWABAN).
B19: 📝 SOAL TES #1: Kasus Keuangan & Akuntansi Kantor
B20: Label | C20: Data | E20: Persoalan Tes #1: Hitung jumlah dimensi blok tabel B21:C24 menggunakan fungsi COLUMNS!
B21: Cabang Jakarta | C21: 1250000 | E21: ✏️ KETIK RUMUS JAWABAN TES DI BAWAH: | F21: 📌 STATUS KOREKSI JAWABAN TES:
B22: Cabang Bandung | C22: 1850000 | F22: =IF(ISBLANK(E22), "⏳ Belum Diisi (Ketik Rumus di Sel Kuning E22)", IF(E22='99_KUNCI_JAWABAN'!F45, "✅ BENAR! JAWABAN TES TEPAT!", "❌ Belum Tepat (Cek Sheet Akhir: 99_KUNCI_JAWABAN)"))
B23: Cabang Surabaya | C23: 2100000
B24: Cabang Medan | C24: 1600000
B27: 📝 SOAL TES #2: Kasus HRD, Gaji & Lembur Karyawan
B28: Label | C28: Data | E28: Persoalan Tes #2: Hitung jumlah dimensi blok tabel B29:C32 menggunakan fungsi COLUMNS!
B29: Budi Santoso | C29: 4500000 | E29: ✏️ KETIK RUMUS JAWABAN TES DI BAWAH: | F29: 📌 STATUS KOREKSI JAWABAN TES:
B30: Siti Aminah | C30: 5200000 | F30: =IF(ISBLANK(E30), "⏳ Belum Diisi (Ketik Rumus di Sel Kuning E30)", IF(E30='99_KUNCI_JAWABAN'!F46, "✅ BENAR! JAWABAN TES TEPAT!", "❌ Belum Tepat (Cek Sheet Akhir: 99_KUNCI_JAWABAN)"))
B31: Andi Pratama | C31: 4800000
B32: Rina Wijaya | C32: 6100000
B35: 📝 SOAL TES #3: Kasus Logistik & Stok Gudang Utama
B36: Label | C36: Data | E36: Persoalan Tes #3: Hitung jumlah dimensi blok tabel B37:C40 menggunakan fungsi COLUMNS!
B37: Gudang Blok A | C37: 240 | E37: ✏️ KETIK RUMUS JAWABAN TES DI BAWAH: | F37: 📌 STATUS KOREKSI JAWABAN TES:
B38: Gudang Blok B | C38: 380 | F38: =IF(ISBLANK(E38), "⏳ Belum Diisi (Ketik Rumus di Sel Kuning E38)", IF(E38='99_KUNCI_JAWABAN'!F47, "✅ BENAR! JAWABAN TES TEPAT!", "❌ Belum Tepat (Cek Sheet Akhir: 99_KUNCI_JAWABAN)"))
B39: Gudang Blok C | C39: 195
B40: Gudang Blok D | C40: 425
B43: 📝 SOAL TES #4: Kasus Penjualan Retail & Target Toko
B44: Label | C44: Data | E44: Persoalan Tes #4: Hitung jumlah dimensi blok tabel B45:C48 menggunakan fungsi COLUMNS!
B45: Toko Elektronik | C45: 85 | E45: ✏️ KETIK RUMUS JAWABAN TES DI BAWAH: | F45: 📌 STATUS KOREKSI JAWABAN TES:
B46: Toko Komputer | C46: 92 | F46: =IF(ISBLANK(E46), "⏳ Belum Diisi (Ketik Rumus di Sel Kuning E46)", IF(E46='99_KUNCI_JAWABAN'!F48, "✅ BENAR! JAWABAN TES TEPAT!", "❌ Belum Tepat (Cek Sheet Akhir: 99_KUNCI_JAWABAN)"))
B47: Toko Aksesoris | C47: 78
B48: Toko Servis | C48: 95
B51: 📝 SOAL TES #5: Kasus Akademik Sekolah & Layanan Publik
B52: Label | C52: Data | E52: Persoalan Tes #5: Hitung jumlah dimensi blok tabel B53:C56 menggunakan fungsi COLUMNS!
B53: Kelas 10 IPA | C53: 82 | E53: ✏️ KETIK RUMUS JAWABAN TES DI BAWAH: | F53: 📌 STATUS KOREKSI JAWABAN TES:
B54: Kelas 11 IPA | C54: 88 | F54: =IF(ISBLANK(E54), "⏳ Belum Diisi (Ketik Rumus di Sel Kuning E54)", IF(E54='99_KUNCI_JAWABAN'!F49, "✅ BENAR! JAWABAN TES TEPAT!", "❌ Belum Tepat (Cek Sheet Akhir: 99_KUNCI_JAWABAN)"))
B55: Kelas 12 IPA | C55: 91
B56: Kelas Unggulan | C56: 79

Sheet ADDRESS
B1: 📊 #010 — RUMUS EXCEL: ADDRESS | Kategori: 3. Lookup & Referensi
B2: 1 Rumus = 1 Contoh Soal + Jawaban Benar & 5 Soal Tes Mandiri (Kunci Jawaban Ada di Sheet Paling Terakhir) | F2: ⬅️ Ke Daftar Isi (00_DAFTAR_ISI) | G2: 🔑 Ke Kunci Jawaban (Sheet Akhir)
B4: 1️⃣ IDENTITAS RUMUS & FUNGSINYA BUAT APA? (ADDRESS)
B5: Nama Rumus Excel | C5: =ADDRESS(...)
B6: Sintaks / Pola Umum | C6: =ADDRESS(nomor_baris, nomor_kolom)
B7: 👶 Fungsinya Buat Apa? | C7: Merakit teks alamat koordinat sel (seperti $C$19) dari angka nomor baris dan nomor kolom.
B9: 2️⃣ 1 CONTOH SOAL & CONTOH JAWABAN BENAR (PELAJARI POLA RUMUS ADDRESS DI SINI)
B10: Label | C10: Data | E10: ✅ 1 CONTOH SOAL BESERTA CONTOH RUMUS & HASIL JAWABAN BENAR:
B11: Simulasi Unit A | C11: 500000 | E11: Contoh Soal: | F11: Bentuk teks alamat koordinat sel untuk nomor baris 11 dan nomor kolom 3 menggunakan fungsi ADDRESS!
B12: Simulasi Unit B | C12: 750000 | E12: Contoh Rumus Benar: | F12: '=ADDRESS(11, 3)
B13: Simulasi Unit C | C13: 600000 | E13: Contoh Hasil Benar: | F13: =ADDRESS(11, 3)
B14: Simulasi Unit D | C14: 950000
B16: 3️⃣ 5 SOAL TES DUNIA NYATA — KERJAKAN DI KOTAK KUNING (TANPA KUNCI RUMUS / HASIL DI SINI!)
B17: 📌 Catatan Tes: Soal Tes #1 s/d #5 di bawah ini tidak menampilkan kunci rumus maupun hasil. Kunci jawaban lengkap tersedia di sheet paling terakhir (99_KUNCI_JAWABAN).
B19: 📝 SOAL TES #1: Kasus Keuangan & Akuntansi Kantor
B20: Label | C20: Data | E20: Persoalan Tes #1: Bentuk teks alamat koordinat sel untuk nomor baris 21 dan nomor kolom 3 menggunakan fungsi ADDRESS!
B21: Cabang Jakarta | C21: 1250000 | E21: ✏️ KETIK RUMUS JAWABAN TES DI BAWAH: | F21: 📌 STATUS KOREKSI JAWABAN TES:
B22: Cabang Bandung | C22: 1850000 | F22: =IF(ISBLANK(E22), "⏳ Belum Diisi (Ketik Rumus di Sel Kuning E22)", IF(E22='99_KUNCI_JAWABAN'!F50, "✅ BENAR! JAWABAN TES TEPAT!", "❌ Belum Tepat (Cek Sheet Akhir: 99_KUNCI_JAWABAN)"))
B23: Cabang Surabaya | C23: 2100000
B24: Cabang Medan | C24: 1600000
B27: 📝 SOAL TES #2: Kasus HRD, Gaji & Lembur Karyawan
B28: Label | C28: Data | E28: Persoalan Tes #2: Bentuk teks alamat koordinat sel untuk nomor baris 29 dan nomor kolom 3 menggunakan fungsi ADDRESS!
B29: Budi Santoso | C29: 4500000 | E29: ✏️ KETIK RUMUS JAWABAN TES DI BAWAH: | F29: 📌 STATUS KOREKSI JAWABAN TES:
B30: Siti Aminah | C30: 5200000 | F30: =IF(ISBLANK(E30), "⏳ Belum Diisi (Ketik Rumus di Sel Kuning E30)", IF(E30='99_KUNCI_JAWABAN'!F51, "✅ BENAR! JAWABAN TES TEPAT!", "❌ Belum Tepat (Cek Sheet Akhir: 99_KUNCI_JAWABAN)"))
B31: Andi Pratama | C31: 4800000
B32: Rina Wijaya | C32: 6100000
B35: 📝 SOAL TES #3: Kasus Logistik & Stok Gudang Utama
B36: Label | C36: Data | E36: Persoalan Tes #3: Bentuk teks alamat koordinat sel untuk nomor baris 37 dan nomor kolom 3 menggunakan fungsi ADDRESS!
B37: Gudang Blok A | C37: 240 | E37: ✏️ KETIK RUMUS JAWABAN TES DI BAWAH: | F37: 📌 STATUS KOREKSI JAWABAN TES:
B38: Gudang Blok B | C38: 380 | F38: =IF(ISBLANK(E38), "⏳ Belum Diisi (Ketik Rumus di Sel Kuning E38)", IF(E38='99_KUNCI_JAWABAN'!F52, "✅ BENAR! JAWABAN TES TEPAT!", "❌ Belum Tepat (Cek Sheet Akhir: 99_KUNCI_JAWABAN)"))
B39: Gudang Blok C | C39: 195
B40: Gudang Blok D | C40: 425
B43: 📝 SOAL TES #4: Kasus Penjualan Retail & Target Toko
B44: Label | C44: Data | E44: Persoalan Tes #4: Bentuk teks alamat koordinat sel untuk nomor baris 45 dan nomor kolom 3 menggunakan fungsi ADDRESS!
B45: Toko Elektronik | C45: 85 | E45: ✏️ KETIK RUMUS JAWABAN TES DI BAWAH: | F45: 📌 STATUS KOREKSI JAWABAN TES:
B46: Toko Komputer | C46: 92 | F46: =IF(ISBLANK(E46), "⏳ Belum Diisi (Ketik Rumus di Sel Kuning E46)", IF(E46='99_KUNCI_JAWABAN'!F53, "✅ BENAR! JAWABAN TES TEPAT!", "❌ Belum Tepat (Cek Sheet Akhir: 99_KUNCI_JAWABAN)"))
B47: Toko Aksesoris | C47: 78
B48: Toko Servis | C48: 95
B51: 📝 SOAL TES #5: Kasus Akademik Sekolah & Layanan Publik
B52: Label | C52: Data | E52: Persoalan Tes #5: Bentuk teks alamat koordinat sel untuk nomor baris 53 dan nomor kolom 3 menggunakan fungsi ADDRESS!
B53: Kelas 10 IPA | C53: 82 | E53: ✏️ KETIK RUMUS JAWABAN TES DI BAWAH: | F53: 📌 STATUS KOREKSI JAWABAN TES:
B54: Kelas 11 IPA | C54: 88 | F54: =IF(ISBLANK(E54), "⏳ Belum Diisi (Ketik Rumus di Sel Kuning E54)", IF(E54='99_KUNCI_JAWABAN'!F54, "✅ BENAR! JAWABAN TES TEPAT!", "❌ Belum Tepat (Cek Sheet Akhir: 99_KUNCI_JAWABAN)"))
B55: Kelas 12 IPA | C55: 91
B56: Kelas Unggulan | C56: 79

Sheet OFFSET
B1: 📊 #011 — RUMUS EXCEL: OFFSET | Kategori: 3. Lookup & Referensi
B2: 1 Rumus = 1 Contoh Soal + Jawaban Benar & 5 Soal Tes Mandiri (Kunci Jawaban Ada di Sheet Paling Terakhir) | F2: ⬅️ Ke Daftar Isi (00_DAFTAR_ISI) | G2: 🔑 Ke Kunci Jawaban (Sheet Akhir)
B4: 1️⃣ IDENTITAS RUMUS & FUNGSINYA BUAT APA? (OFFSET)
B5: Nama Rumus Excel | C5: =OFFSET(...)
B6: Sintaks / Pola Umum | C6: =OFFSET(sel_awal, geser_baris, geser_kolom)
B7: 👶 Fungsinya Buat Apa? | C7: Mengambil data dari sel lain dengan cara melangkah/bergeser sejumlah baris ke bawah dan kolom ke samping dari titik awal.
B9: 2️⃣ 1 CONTOH SOAL & CONTOH JAWABAN BENAR (PELAJARI POLA RUMUS OFFSET DI SINI)
B10: Label | C10: Data | E10: ✅ 1 CONTOH SOAL BESERTA CONTOH RUMUS & HASIL JAWABAN BENAR:
B11: Simulasi Unit A | C11: 500000 | E11: Contoh Soal: | F11: Ambil nilai sel yang bergeser 1 baris ke bawah dan 0 kolom ke samping dari titik awal C11 menggunakan fungsi OFFSET!
B12: Simulasi Unit B | C12: 750000 | E12: Contoh Rumus Benar: | F12: '=OFFSET(C11, 1, 0)
B13: Simulasi Unit C | C13: 600000 | E13: Contoh Hasil Benar: | F13: =OFFSET(C11, 1, 0)
B14: Simulasi Unit D | C14: 950000
B16: 3️⃣ 5 SOAL TES DUNIA NYATA — KERJAKAN DI KOTAK KUNING (TANPA KUNCI RUMUS / HASIL DI SINI!)
B17: 📌 Catatan Tes: Soal Tes #1 s/d #5 di bawah ini tidak menampilkan kunci rumus maupun hasil. Kunci jawaban lengkap tersedia di sheet paling terakhir (99_KUNCI_JAWABAN).
B19: 📝 SOAL TES #1: Kasus Keuangan & Akuntansi Kantor
B20: Label | C20: Data | E20: Persoalan Tes #1: Ambil nilai sel yang bergeser 1 baris ke bawah dan 0 kolom ke samping dari titik awal C21 menggunakan fungsi OFFSET!
B21: Cabang Jakarta | C21: 1250000 | E21: ✏️ KETIK RUMUS JAWABAN TES DI BAWAH: | F21: 📌 STATUS KOREKSI JAWABAN TES:
B22: Cabang Bandung | C22: 1850000 | F22: =IF(ISBLANK(E22), "⏳ Belum Diisi (Ketik Rumus di Sel Kuning E22)", IF(E22='99_KUNCI_JAWABAN'!F55, "✅ BENAR! JAWABAN TES TEPAT!", "❌ Belum Tepat (Cek Sheet Akhir: 99_KUNCI_JAWABAN)"))
B23: Cabang Surabaya | C23: 2100000
B24: Cabang Medan | C24: 1600000
B27: 📝 SOAL TES #2: Kasus HRD, Gaji & Lembur Karyawan
B28: Label | C28: Data | E28: Persoalan Tes #2: Ambil nilai sel yang bergeser 1 baris ke bawah dan 0 kolom ke samping dari titik awal C29 menggunakan fungsi OFFSET!
B29: Budi Santoso | C29: 4500000 | E29: ✏️ KETIK RUMUS JAWABAN TES DI BAWAH: | F29: 📌 STATUS KOREKSI JAWABAN TES:
B30: Siti Aminah | C30: 5200000 | F30: =IF(ISBLANK(E30), "⏳ Belum Diisi (Ketik Rumus di Sel Kuning E30)", IF(E30='99_KUNCI_JAWABAN'!F56, "✅ BENAR! JAWABAN TES TEPAT!", "❌ Belum Tepat (Cek Sheet Akhir: 99_KUNCI_JAWABAN)"))
B31: Andi Pratama | C31: 4800000
B32: Rina Wijaya | C32: 6100000
B35: 📝 SOAL TES #3: Kasus Logistik & Stok Gudang Utama
B36: Label | C36: Data | E36: Persoalan Tes #3: Ambil nilai sel yang bergeser 1 baris ke bawah dan 0 kolom ke samping dari titik awal C37 menggunakan fungsi OFFSET!
B37: Gudang Blok A | C37: 240 | E37: ✏️ KETIK RUMUS JAWABAN TES DI BAWAH: | F37: 📌 STATUS KOREKSI JAWABAN TES:
B38: Gudang Blok B | C38: 380 | F38: =IF(ISBLANK(E38), "⏳ Belum Diisi (Ketik Rumus di Sel Kuning E38)", IF(E38='99_KUNCI_JAWABAN'!F57, "✅ BENAR! JAWABAN TES TEPAT!", "❌ Belum Tepat (Cek Sheet Akhir: 99_KUNCI_JAWABAN)"))
B39: Gudang Blok C | C39: 195
B40: Gudang Blok D | C40: 425
B43: 📝 SOAL TES #4: Kasus Penjualan Retail & Target Toko
B44: Label | C44: Data | E44: Persoalan Tes #4: Ambil nilai sel yang bergeser 1 baris ke bawah dan 0 kolom ke samping dari titik awal C45 menggunakan fungsi OFFSET!
B45: Toko Elektronik | C45: 85 | E45: ✏️ KETIK RUMUS JAWABAN TES DI BAWAH: | F45: 📌 STATUS KOREKSI JAWABAN TES:
B46: Toko Komputer | C46: 92 | F46: =IF(ISBLANK(E46), "⏳ Belum Diisi (Ketik Rumus di Sel Kuning E46)", IF(E46='99_KUNCI_JAWABAN'!F58, "✅ BENAR! JAWABAN TES TEPAT!", "❌ Belum Tepat (Cek Sheet Akhir: 99_KUNCI_JAWABAN)"))
B47: Toko Aksesoris | C47: 78
B48: Toko Servis | C48: 95
B51: 📝 SOAL TES #5: Kasus Akademik Sekolah & Layanan Publik
B52: Label | C52: Data | E52: Persoalan Tes #5: Ambil nilai sel yang bergeser 1 baris ke bawah dan 0 kolom ke samping dari titik awal C53 menggunakan fungsi OFFSET!
B53: Kelas 10 IPA | C53: 82 | E53: ✏️ KETIK RUMUS JAWABAN TES DI BAWAH: | F53: 📌 STATUS KOREKSI JAWABAN TES:
B54: Kelas 11 IPA | C54: 88 | F54: =IF(ISBLANK(E54), "⏳ Belum Diisi (Ketik Rumus di Sel Kuning E54)", IF(E54='99_KUNCI_JAWABAN'!F59, "✅ BENAR! JAWABAN TES TEPAT!", "❌ Belum Tepat (Cek Sheet Akhir: 99_KUNCI_JAWABAN)"))
B55: Kelas 12 IPA | C55: 91
B56: Kelas Unggulan | C56: 79

Sheet INDIRECT
B1: 📊 #012 — RUMUS EXCEL: INDIRECT | Kategori: 3. Lookup & Referensi
B2: 1 Rumus = 1 Contoh Soal + Jawaban Benar & 5 Soal Tes Mandiri (Kunci Jawaban Ada di Sheet Paling Terakhir) | F2: ⬅️ Ke Daftar Isi (00_DAFTAR_ISI) | G2: 🔑 Ke Kunci Jawaban (Sheet Akhir)
B4: 1️⃣ IDENTITAS RUMUS & FUNGSINYA BUAT APA? (INDIRECT)
B5: Nama Rumus Excel | C5: =INDIRECT(...)
B6: Sintaks / Pola Umum | C6: =INDIRECT(teks_alamat_sel)
B7: 👶 Fungsinya Buat Apa? | C7: Mengubah tulisan teks biasa yang berisi alamat sel menjadi rujukan sel hidup yang diambil nilainya!
B9: 2️⃣ 1 CONTOH SOAL & CONTOH JAWABAN BENAR (PELAJARI POLA RUMUS INDIRECT DI SINI)
B10: Label | C10: Data | E10: ✅ 1 CONTOH SOAL BESERTA CONTOH RUMUS & HASIL JAWABAN BENAR:
B11: Simulasi Unit A | C11: 500000 | E11: Contoh Soal: | F11: Ambil isi sel berdasarkan teks alamat "C11" menggunakan fungsi INDIRECT!
B12: Simulasi Unit B | C12: 750000 | E12: Contoh Rumus Benar: | F12: '=INDIRECT("C11")
B13: Simulasi Unit C | C13: 600000 | E13: Contoh Hasil Benar: | F13: =INDIRECT("C11")
B14: Simulasi Unit D | C14: 950000
B16: 3️⃣ 5 SOAL TES DUNIA NYATA — KERJAKAN DI KOTAK KUNING (TANPA KUNCI RUMUS / HASIL DI SINI!)
B17: 📌 Catatan Tes: Soal Tes #1 s/d #5 di bawah ini tidak menampilkan kunci rumus maupun hasil. Kunci jawaban lengkap tersedia di sheet paling terakhir (99_KUNCI_JAWABAN).
B19: 📝 SOAL TES #1: Kasus Keuangan & Akuntansi Kantor
B20: Label | C20: Data | E20: Persoalan Tes #1: Ambil isi sel berdasarkan teks alamat "C21" menggunakan fungsi INDIRECT!
B21: Cabang Jakarta | C21: 1250000 | E21: ✏️ KETIK RUMUS JAWABAN TES DI BAWAH: | F21: 📌 STATUS KOREKSI JAWABAN TES:
B22: Cabang Bandung | C22: 1850000 | F22: =IF(ISBLANK(E22), "⏳ Belum Diisi (Ketik Rumus di Sel Kuning E22)", IF(E22='99_KUNCI_JAWABAN'!F60, "✅ BENAR! JAWABAN TES TEPAT!", "❌ Belum Tepat (Cek Sheet Akhir: 99_KUNCI_JAWABAN)"))
B23: Cabang Surabaya | C23: 2100000
B24: Cabang Medan | C24: 1600000
B27: 📝 SOAL TES #2: Kasus HRD, Gaji & Lembur Karyawan
B28: Label | C28: Data | E28: Persoalan Tes #2: Ambil isi sel berdasarkan teks alamat "C29" menggunakan fungsi INDIRECT!
B29: Budi Santoso | C29: 4500000 | E29: ✏️ KETIK RUMUS JAWABAN TES DI BAWAH: | F29: 📌 STATUS KOREKSI JAWABAN TES:
B30: Siti Aminah | C30: 5200000 | F30: =IF(ISBLANK(E30), "⏳ Belum Diisi (Ketik Rumus di Sel Kuning E30)", IF(E30='99_KUNCI_JAWABAN'!F61, "✅ BENAR! JAWABAN TES TEPAT!", "❌ Belum Tepat (Cek Sheet Akhir: 99_KUNCI_JAWABAN)"))
B31: Andi Pratama | C31: 4800000
B32: Rina Wijaya | C32: 6100000
B35: 📝 SOAL TES #3: Kasus Logistik & Stok Gudang Utama
B36: Label | C36: Data | E36: Persoalan Tes #3: Ambil isi sel berdasarkan teks alamat "C37" menggunakan fungsi INDIRECT!
B37: Gudang Blok A | C37: 240 | E37: ✏️ KETIK RUMUS JAWABAN TES DI BAWAH: | F37: 📌 STATUS KOREKSI JAWABAN TES:
B38: Gudang Blok B | C38: 380 | F38: =IF(ISBLANK(E38), "⏳ Belum Diisi (Ketik Rumus di Sel Kuning E38)", IF(E38='99_KUNCI_JAWABAN'!F62, "✅ BENAR! JAWABAN TES TEPAT!", "❌ Belum Tepat (Cek Sheet Akhir: 99_KUNCI_JAWABAN)"))
B39: Gudang Blok C | C39: 195
B40: Gudang Blok D | C40: 425
B43: 📝 SOAL TES #4: Kasus Penjualan Retail & Target Toko
B44: Label | C44: Data | E44: Persoalan Tes #4: Ambil isi sel berdasarkan teks alamat "C45" menggunakan fungsi INDIRECT!
B45: Toko Elektronik | C45: 85 | E45: ✏️ KETIK RUMUS JAWABAN TES DI BAWAH: | F45: 📌 STATUS KOREKSI JAWABAN TES:
B46: Toko Komputer | C46: 92 | F46: =IF(ISBLANK(E46), "⏳ Belum Diisi (Ketik Rumus di Sel Kuning E46)", IF(E46='99_KUNCI_JAWABAN'!F63, "✅ BENAR! JAWABAN TES TEPAT!", "❌ Belum Tepat (Cek Sheet Akhir: 99_KUNCI_JAWABAN)"))
B47: Toko Aksesoris | C47: 78
B48: Toko Servis | C48: 95
B51: 📝 SOAL TES #5: Kasus Akademik Sekolah & Layanan Publik
B52: Label | C52: Data | E52: Persoalan Tes #5: Ambil isi sel berdasarkan teks alamat "C53" menggunakan fungsi INDIRECT!
B53: Kelas 10 IPA | C53: 82 | E53: ✏️ KETIK RUMUS JAWABAN TES DI BAWAH: | F53: 📌 STATUS KOREKSI JAWABAN TES:
B54: Kelas 11 IPA | C54: 88 | F54: =IF(ISBLANK(E54), "⏳ Belum Diisi (Ketik Rumus di Sel Kuning E54)", IF(E54='99_KUNCI_JAWABAN'!F64, "✅ BENAR! JAWABAN TES TEPAT!", "❌ Belum Tepat (Cek Sheet Akhir: 99_KUNCI_JAWABAN)"))
B55: Kelas 12 IPA | C55: 91
B56: Kelas Unggulan | C56: 79

Sheet LEFT
B1: 📊 #013 — RUMUS EXCEL: LEFT | Kategori: 4. Pengolahan Teks
B2: 1 Rumus = 1 Contoh Soal + Jawaban Benar & 5 Soal Tes Mandiri (Kunci Jawaban Ada di Sheet Paling Terakhir) | F2: ⬅️ Ke Daftar Isi (00_DAFTAR_ISI) | G2: 🔑 Ke Kunci Jawaban (Sheet Akhir)
B4: 1️⃣ IDENTITAS RUMUS & FUNGSINYA BUAT APA? (LEFT)
B5: Nama Rumus Excel | C5: =LEFT(...)
B6: Sintaks / Pola Umum | C6: =LEFT(teks, jumlah_karakter)
B7: 👶 Fungsinya Buat Apa? | C7: Memotong dan mengambil sejumlah huruf dari sebelah KIRI (awal kata/kode barang).
B9: 2️⃣ 1 CONTOH SOAL & CONTOH JAWABAN BENAR (PELAJARI POLA RUMUS LEFT DI SINI)
B10: Nama Gudang | C10: Kode SKU Barang | E10: ✅ 1 CONTOH SOAL BESERTA CONTOH RUMUS & HASIL JAWABAN BENAR:
B11: Simulasi Unit A | C11: JKT-105-A | E11: Contoh Soal: | F11: Ekstrak 3 karakter dari kode SKU di sel C11 ("JKT-105-A") menggunakan fungsi teks LEFT!
B12: Simulasi Unit B | C12: BDG-205-B | E12: Contoh Rumus Benar: | F12: '=LEFT(C11, 3)
B13: Simulasi Unit C | C13: SBY-310-C | E13: Contoh Hasil Benar: | F13: =LEFT(C11, 3)
B14: Simulasi Unit D | C14: MDN-415-D
B16: 3️⃣ 5 SOAL TES DUNIA NYATA — KERJAKAN DI KOTAK KUNING (TANPA KUNCI RUMUS / HASIL DI SINI!)
B17: 📌 Catatan Tes: Soal Tes #1 s/d #5 di bawah ini tidak menampilkan kunci rumus maupun hasil. Kunci jawaban lengkap tersedia di sheet paling terakhir (99_KUNCI_JAWABAN).
B19: 📝 SOAL TES #1: Kasus Keuangan & Akuntansi Kantor
B20: Nama Gudang | C20: Kode SKU Barang | E20: Persoalan Tes #1: Ekstrak 3 karakter dari kode SKU di sel C21 ("JKT-100-A") menggunakan fungsi teks LEFT!
B21: Cabang Jakarta | C21: JKT-100-A | E21: ✏️ KETIK RUMUS JAWABAN TES DI BAWAH: | F21: 📌 STATUS KOREKSI JAWABAN TES:
B22: Cabang Bandung | C22: BDG-205-B | F22: =IF(ISBLANK(E22), "⏳ Belum Diisi (Ketik Rumus di Sel Kuning E22)", IF(E22='99_KUNCI_JAWABAN'!F65, "✅ BENAR! JAWABAN TES TEPAT!", "❌ Belum Tepat (Cek Sheet Akhir: 99_KUNCI_JAWABAN)"))
B23: Cabang Surabaya | C23: SBY-310-C
B24: Cabang Medan | C24: MDN-415-D
B27: 📝 SOAL TES #2: Kasus HRD, Gaji & Lembur Karyawan
B28: Nama Gudang | C28: Kode SKU Barang | E28: Persoalan Tes #2: Ekstrak 3 karakter dari kode SKU di sel C29 ("JKT-101-A") menggunakan fungsi teks LEFT!
B29: Budi Santoso | C29: JKT-101-A | E29: ✏️ KETIK RUMUS JAWABAN TES DI BAWAH: | F29: 📌 STATUS KOREKSI JAWABAN TES:
B30: Siti Aminah | C30: BDG-205-B | F30: =IF(ISBLANK(E30), "⏳ Belum Diisi (Ketik Rumus di Sel Kuning E30)", IF(E30='99_KUNCI_JAWABAN'!F66, "✅ BENAR! JAWABAN TES TEPAT!", "❌ Belum Tepat (Cek Sheet Akhir: 99_KUNCI_JAWABAN)"))
B31: Andi Pratama | C31: SBY-310-C
B32: Rina Wijaya | C32: MDN-415-D
B35: 📝 SOAL TES #3: Kasus Logistik & Stok Gudang Utama
B36: Nama Gudang | C36: Kode SKU Barang | E36: Persoalan Tes #3: Ekstrak 3 karakter dari kode SKU di sel C37 ("JKT-102-A") menggunakan fungsi teks LEFT!
B37: Gudang Blok A | C37: JKT-102-A | E37: ✏️ KETIK RUMUS JAWABAN TES DI BAWAH: | F37: 📌 STATUS KOREKSI JAWABAN TES:
B38: Gudang Blok B | C38: BDG-205-B | F38: =IF(ISBLANK(E38), "⏳ Belum Diisi (Ketik Rumus di Sel Kuning E38)", IF(E38='99_KUNCI_JAWABAN'!F67, "✅ BENAR! JAWABAN TES TEPAT!", "❌ Belum Tepat (Cek Sheet Akhir: 99_KUNCI_JAWABAN)"))
B39: Gudang Blok C | C39: SBY-310-C
B40: Gudang Blok D | C40: MDN-415-D
B43: 📝 SOAL TES #4: Kasus Penjualan Retail & Target Toko
B44: Nama Gudang | C44: Kode SKU Barang | E44: Persoalan Tes #4: Ekstrak 3 karakter dari kode SKU di sel C45 ("JKT-103-A") menggunakan fungsi teks LEFT!
B45: Toko Elektronik | C45: JKT-103-A | E45: ✏️ KETIK RUMUS JAWABAN TES DI BAWAH: | F45: 📌 STATUS KOREKSI JAWABAN TES:
B46: Toko Komputer | C46: BDG-205-B | F46: =IF(ISBLANK(E46), "⏳ Belum Diisi (Ketik Rumus di Sel Kuning E46)", IF(E46='99_KUNCI_JAWABAN'!F68, "✅ BENAR! JAWABAN TES TEPAT!", "❌ Belum Tepat (Cek Sheet Akhir: 99_KUNCI_JAWABAN)"))
B47: Toko Aksesoris | C47: SBY-310-C
B48: Toko Servis | C48: MDN-415-D
B51: 📝 SOAL TES #5: Kasus Akademik Sekolah & Layanan Publik
B52: Nama Gudang | C52: Kode SKU Barang | E52: Persoalan Tes #5: Ekstrak 3 karakter dari kode SKU di sel C53 ("JKT-104-A") menggunakan fungsi teks LEFT!
B53: Kelas 10 IPA | C53: JKT-104-A | E53: ✏️ KETIK RUMUS JAWABAN TES DI BAWAH: | F53: 📌 STATUS KOREKSI JAWABAN TES:
B54: Kelas 11 IPA | C54: BDG-205-B | F54: =IF(ISBLANK(E54), "⏳ Belum Diisi (Ketik Rumus di Sel Kuning E54)", IF(E54='99_KUNCI_JAWABAN'!F69, "✅ BENAR! JAWABAN TES TEPAT!", "❌ Belum Tepat (Cek Sheet Akhir: 99_KUNCI_JAWABAN)"))
B55: Kelas 12 IPA | C55: SBY-310-C
B56: Kelas Unggulan | C56: MDN-415-D

Sheet RIGHT
B1: 📊 #014 — RUMUS EXCEL: RIGHT | Kategori: 4. Pengolahan Teks
B2: 1 Rumus = 1 Contoh Soal + Jawaban Benar & 5 Soal Tes Mandiri (Kunci Jawaban Ada di Sheet Paling Terakhir) | F2: ⬅️ Ke Daftar Isi (00_DAFTAR_ISI) | G2: 🔑 Ke Kunci Jawaban (Sheet Akhir)
B4: 1️⃣ IDENTITAS RUMUS & FUNGSINYA BUAT APA? (RIGHT)
B5: Nama Rumus Excel | C5: =RIGHT(...)
B6: Sintaks / Pola Umum | C6: =RIGHT(teks, jumlah_karakter)
B7: 👶 Fungsinya Buat Apa? | C7: Memotong dan mengambil sejumlah huruf dari sebelah KANAN (ujung belakang kata/kode barang).
B9: 2️⃣ 1 CONTOH SOAL & CONTOH JAWABAN BENAR (PELAJARI POLA RUMUS RIGHT DI SINI)
B10: Nama Gudang | C10: Kode SKU Barang | E10: ✅ 1 CONTOH SOAL BESERTA CONTOH RUMUS & HASIL JAWABAN BENAR:
B11: Simulasi Unit A | C11: JKT-105-A | E11: Contoh Soal: | F11: Ekstrak 3 karakter dari kode SKU di sel C11 ("JKT-105-A") menggunakan fungsi teks RIGHT!
B12: Simulasi Unit B | C12: BDG-205-B | E12: Contoh Rumus Benar: | F12: '=RIGHT(C11, 3)
B13: Simulasi Unit C | C13: SBY-310-C | E13: Contoh Hasil Benar: | F13: =RIGHT(C11, 3)
B14: Simulasi Unit D | C14: MDN-415-D
B16: 3️⃣ 5 SOAL TES DUNIA NYATA — KERJAKAN DI KOTAK KUNING (TANPA KUNCI RUMUS / HASIL DI SINI!)
B17: 📌 Catatan Tes: Soal Tes #1 s/d #5 di bawah ini tidak menampilkan kunci rumus maupun hasil. Kunci jawaban lengkap tersedia di sheet paling terakhir (99_KUNCI_JAWABAN).
B19: 📝 SOAL TES #1: Kasus Keuangan & Akuntansi Kantor
B20: Nama Gudang | C20: Kode SKU Barang | E20: Persoalan Tes #1: Ekstrak 3 karakter dari kode SKU di sel C21 ("JKT-100-A") menggunakan fungsi teks RIGHT!
B21: Cabang Jakarta | C21: JKT-100-A | E21: ✏️ KETIK RUMUS JAWABAN TES DI BAWAH: | F21: 📌 STATUS KOREKSI JAWABAN TES:
B22: Cabang Bandung | C22: BDG-205-B | F22: =IF(ISBLANK(E22), "⏳ Belum Diisi (Ketik Rumus di Sel Kuning E22)", IF(E22='99_KUNCI_JAWABAN'!F70, "✅ BENAR! JAWABAN TES TEPAT!", "❌ Belum Tepat (Cek Sheet Akhir: 99_KUNCI_JAWABAN)"))
B23: Cabang Surabaya | C23: SBY-310-C
B24: Cabang Medan | C24: MDN-415-D
B27: 📝 SOAL TES #2: Kasus HRD, Gaji & Lembur Karyawan
B28: Nama Gudang | C28: Kode SKU Barang | E28: Persoalan Tes #2: Ekstrak 3 karakter dari kode SKU di sel C29 ("JKT-101-A") menggunakan fungsi teks RIGHT!
B29: Budi Santoso | C29: JKT-101-A | E29: ✏️ KETIK RUMUS JAWABAN TES DI BAWAH: | F29: 📌 STATUS KOREKSI JAWABAN TES:
B30: Siti Aminah | C30: BDG-205-B | F30: =IF(ISBLANK(E30), "⏳ Belum Diisi (Ketik Rumus di Sel Kuning E30)", IF(E30='99_KUNCI_JAWABAN'!F71, "✅ BENAR! JAWABAN TES TEPAT!", "❌ Belum Tepat (Cek Sheet Akhir: 99_KUNCI_JAWABAN)"))
B31: Andi Pratama | C31: SBY-310-C
B32: Rina Wijaya | C32: MDN-415-D
B35: 📝 SOAL TES #3: Kasus Logistik & Stok Gudang Utama
B36: Nama Gudang | C36: Kode SKU Barang | E36: Persoalan Tes #3: Ekstrak 3 karakter dari kode SKU di sel C37 ("JKT-102-A") menggunakan fungsi teks RIGHT!
B37: Gudang Blok A | C37: JKT-102-A | E37: ✏️ KETIK RUMUS JAWABAN TES DI BAWAH: | F37: 📌 STATUS KOREKSI JAWABAN TES:
B38: Gudang Blok B | C38: BDG-205-B | F38: =IF(ISBLANK(E38), "⏳ Belum Diisi (Ketik Rumus di Sel Kuning E38)", IF(E38='99_KUNCI_JAWABAN'!F72, "✅ BENAR! JAWABAN TES TEPAT!", "❌ Belum Tepat (Cek Sheet Akhir: 99_KUNCI_JAWABAN)"))
B39: Gudang Blok C | C39: SBY-310-C
B40: Gudang Blok D | C40: MDN-415-D
B43: 📝 SOAL TES #4: Kasus Penjualan Retail & Target Toko
B44: Nama Gudang | C44: Kode SKU Barang | E44: Persoalan Tes #4: Ekstrak 3 karakter dari kode SKU di sel C45 ("JKT-103-A") menggunakan fungsi teks RIGHT!
B45: Toko Elektronik | C45: JKT-103-A | E45: ✏️ KETIK RUMUS JAWABAN TES DI BAWAH: | F45: 📌 STATUS KOREKSI JAWABAN TES:
B46: Toko Komputer | C46: BDG-205-B | F46: =IF(ISBLANK(E46), "⏳ Belum Diisi (Ketik Rumus di Sel Kuning E46)", IF(E46='99_KUNCI_JAWABAN'!F73, "✅ BENAR! JAWABAN TES TEPAT!", "❌ Belum Tepat (Cek Sheet Akhir: 99_KUNCI_JAWABAN)"))
B47: Toko Aksesoris | C47: SBY-310-C
B48: Toko Servis | C48: MDN-415-D
B51: 📝 SOAL TES #5: Kasus Akademik Sekolah & Layanan Publik
B52: Nama Gudang | C52: Kode SKU Barang | E52: Persoalan Tes #5: Ekstrak 3 karakter dari kode SKU di sel C53 ("JKT-104-A") menggunakan fungsi teks RIGHT!
B53: Kelas 10 IPA | C53: JKT-104-A | E53: ✏️ KETIK RUMUS JAWABAN TES DI BAWAH: | F53: 📌 STATUS KOREKSI JAWABAN TES:
B54: Kelas 11 IPA | C54: BDG-205-B | F54: =IF(ISBLANK(E54), "⏳ Belum Diisi (Ketik Rumus di Sel Kuning E54)", IF(E54='99_KUNCI_JAWABAN'!F74, "✅ BENAR! JAWABAN TES TEPAT!", "❌ Belum Tepat (Cek Sheet Akhir: 99_KUNCI_JAWABAN)"))
B55: Kelas 12 IPA | C55: SBY-310-C
B56: Kelas Unggulan | C56: MDN-415-D

Sheet MID
B1: 📊 #015 — RUMUS EXCEL: MID | Kategori: 4. Pengolahan Teks
B2: 1 Rumus = 1 Contoh Soal + Jawaban Benar & 5 Soal Tes Mandiri (Kunci Jawaban Ada di Sheet Paling Terakhir) | F2: ⬅️ Ke Daftar Isi (00_DAFTAR_ISI) | G2: 🔑 Ke Kunci Jawaban (Sheet Akhir)
B4: 1️⃣ IDENTITAS RUMUS & FUNGSINYA BUAT APA? (MID)
B5: Nama Rumus Excel | C5: =MID(...)
B6: Sintaks / Pola Umum | C6: =MID(teks, posisi_mulai, jumlah_karakter)
B7: 👶 Fungsinya Buat Apa? | C7: Mengambil huruf dari bagian TENGAH teks, dimulai dari urutan huruf tertentu sebanyak beberapa karakter.
B9: 2️⃣ 1 CONTOH SOAL & CONTOH JAWABAN BENAR (PELAJARI POLA RUMUS MID DI SINI)
B10: Transaksi | C10: Nomor Invoice | E10: ✅ 1 CONTOH SOAL BESERTA CONTOH RUMUS & HASIL JAWABAN BENAR:
B11: Simulasi Unit A | C11: INV-2026-06 | E11: Contoh Soal: | F11: Ambil 4 karakter angka tahun dari nomor invoice di sel C11 ("INV-2026-06") mulai karakter ke-5 menggunakan fungsi MID!
B12: Simulasi Unit B | C12: INV-2025-09 | E12: Contoh Rumus Benar: | F12: '=MID(C11, 5, 4)
B13: Simulasi Unit C | C13: INV-2024-11 | E13: Contoh Hasil Benar: | F13: =MID(C11, 5, 4)
B14: Simulasi Unit D | C14: INV-2026-12
B16: 3️⃣ 5 SOAL TES DUNIA NYATA — KERJAKAN DI KOTAK KUNING (TANPA KUNCI RUMUS / HASIL DI SINI!)
B17: 📌 Catatan Tes: Soal Tes #1 s/d #5 di bawah ini tidak menampilkan kunci rumus maupun hasil. Kunci jawaban lengkap tersedia di sheet paling terakhir (99_KUNCI_JAWABAN).
B19: 📝 SOAL TES #1: Kasus Keuangan & Akuntansi Kantor
B20: Transaksi | C20: Nomor Invoice | E20: Persoalan Tes #1: Ambil 4 karakter angka tahun dari nomor invoice di sel C21 ("INV-2021-01") mulai karakter ke-5 menggunakan fungsi MID!
B21: Cabang Jakarta | C21: INV-2021-01 | E21: ✏️ KETIK RUMUS JAWABAN TES DI BAWAH: | F21: 📌 STATUS KOREKSI JAWABAN TES:
B22: Cabang Bandung | C22: INV-2025-09 | F22: =IF(ISBLANK(E22), "⏳ Belum Diisi (Ketik Rumus di Sel Kuning E22)", IF(E22='99_KUNCI_JAWABAN'!F75, "✅ BENAR! JAWABAN TES TEPAT!", "❌ Belum Tepat (Cek Sheet Akhir: 99_KUNCI_JAWABAN)"))
B23: Cabang Surabaya | C23: INV-2024-11
B24: Cabang Medan | C24: INV-2026-12
B27: 📝 SOAL TES #2: Kasus HRD, Gaji & Lembur Karyawan
B28: Transaksi | C28: Nomor Invoice | E28: Persoalan Tes #2: Ambil 4 karakter angka tahun dari nomor invoice di sel C29 ("INV-2022-02") mulai karakter ke-5 menggunakan fungsi MID!
B29: Budi Santoso | C29: INV-2022-02 | E29: ✏️ KETIK RUMUS JAWABAN TES DI BAWAH: | F29: 📌 STATUS KOREKSI JAWABAN TES:
B30: Siti Aminah | C30: INV-2025-09 | F30: =IF(ISBLANK(E30), "⏳ Belum Diisi (Ketik Rumus di Sel Kuning E30)", IF(E30='99_KUNCI_JAWABAN'!F76, "✅ BENAR! JAWABAN TES TEPAT!", "❌ Belum Tepat (Cek Sheet Akhir: 99_KUNCI_JAWABAN)"))
B31: Andi Pratama | C31: INV-2024-11
B32: Rina Wijaya | C32: INV-2026-12
B35: 📝 SOAL TES #3: Kasus Logistik & Stok Gudang Utama
B36: Transaksi | C36: Nomor Invoice | E36: Persoalan Tes #3: Ambil 4 karakter angka tahun dari nomor invoice di sel C37 ("INV-2023-03") mulai karakter ke-5 menggunakan fungsi MID!
B37: Gudang Blok A | C37: INV-2023-03 | E37: ✏️ KETIK RUMUS JAWABAN TES DI BAWAH: | F37: 📌 STATUS KOREKSI JAWABAN TES:
B38: Gudang Blok B | C38: INV-2025-09 | F38: =IF(ISBLANK(E38), "⏳ Belum Diisi (Ketik Rumus di Sel Kuning E38)", IF(E38='99_KUNCI_JAWABAN'!F77, "✅ BENAR! JAWABAN TES TEPAT!", "❌ Belum Tepat (Cek Sheet Akhir: 99_KUNCI_JAWABAN)"))
B39: Gudang Blok C | C39: INV-2024-11
B40: Gudang Blok D | C40: INV-2026-12
B43: 📝 SOAL TES #4: Kasus Penjualan Retail & Target Toko
B44: Transaksi | C44: Nomor Invoice | E44: Persoalan Tes #4: Ambil 4 karakter angka tahun dari nomor invoice di sel C45 ("INV-2024-04") mulai karakter ke-5 menggunakan fungsi MID!
B45: Toko Elektronik | C45: INV-2024-04 | E45: ✏️ KETIK RUMUS JAWABAN TES DI BAWAH: | F45: 📌 STATUS KOREKSI JAWABAN TES:
B46: Toko Komputer | C46: INV-2025-09 | F46: =IF(ISBLANK(E46), "⏳ Belum Diisi (Ketik Rumus di Sel Kuning E46)", IF(E46='99_KUNCI_JAWABAN'!F78, "✅ BENAR! JAWABAN TES TEPAT!", "❌ Belum Tepat (Cek Sheet Akhir: 99_KUNCI_JAWABAN)"))
B47: Toko Aksesoris | C47: INV-2024-11
B48: Toko Servis | C48: INV-2026-12
B51: 📝 SOAL TES #5: Kasus Akademik Sekolah & Layanan Publik
B52: Transaksi | C52: Nomor Invoice | E52: Persoalan Tes #5: Ambil 4 karakter angka tahun dari nomor invoice di sel C53 ("INV-2025-05") mulai karakter ke-5 menggunakan fungsi MID!
B53: Kelas 10 IPA | C53: INV-2025-05 | E53: ✏️ KETIK RUMUS JAWABAN TES DI BAWAH: | F53: 📌 STATUS KOREKSI JAWABAN TES:
B54: Kelas 11 IPA | C54: INV-2025-09 | F54: =IF(ISBLANK(E54), "⏳ Belum Diisi (Ketik Rumus di Sel Kuning E54)", IF(E54='99_KUNCI_JAWABAN'!F79, "✅ BENAR! JAWABAN TES TEPAT!", "❌ Belum Tepat (Cek Sheet Akhir: 99_KUNCI_JAWABAN)"))
B55: Kelas 12 IPA | C55: INV-2024-11
B56: Kelas Unggulan | C56: INV-2026-12

Sheet LEN
B1: 📊 #016 — RUMUS EXCEL: LEN | Kategori: 4. Pengolahan Teks
B2: 1 Rumus = 1 Contoh Soal + Jawaban Benar & 5 Soal Tes Mandiri (Kunci Jawaban Ada di Sheet Paling Terakhir) | F2: ⬅️ Ke Daftar Isi (00_DAFTAR_ISI) | G2: 🔑 Ke Kunci Jawaban (Sheet Akhir)
B4: 1️⃣ IDENTITAS RUMUS & FUNGSINYA BUAT APA? (LEN)
B5: Nama Rumus Excel | C5: =LEN(...)
B6: Sintaks / Pola Umum | C6: =LEN(teks)
B7: 👶 Fungsinya Buat Apa? | C7: Menghitung total panjang karakter (jumlah huruf, angka, dan spasi) di dalam sebuah sel. Wajib untuk validasi panjang NIK 16 digit!
B9: 2️⃣ 1 CONTOH SOAL & CONTOH JAWABAN BENAR (PELAJARI POLA RUMUS LEN DI SINI)
B10: Data Asal | C10: Teks Input | E10: ✅ 1 CONTOH SOAL BESERTA CONTOH RUMUS & HASIL JAWABAN BENAR:
B11: Simulasi Unit A | C11: hendra wijaya | E11: Contoh Soal: | F11: Olahlah teks pada sel C11 ("hendra wijaya") menggunakan fungsi teks LEN!
B12: Simulasi Unit B | C12: jakarta pusat | E12: Contoh Rumus Benar: | F12: '=LEN(C11)
B13: Simulasi Unit C | C13: surabaya timur | E13: Contoh Hasil Benar: | F13: =LEN(C11)
B14: Simulasi Unit D | C14: medan kota
B16: 3️⃣ 5 SOAL TES DUNIA NYATA — KERJAKAN DI KOTAK KUNING (TANPA KUNCI RUMUS / HASIL DI SINI!)
B17: 📌 Catatan Tes: Soal Tes #1 s/d #5 di bawah ini tidak menampilkan kunci rumus maupun hasil. Kunci jawaban lengkap tersedia di sheet paling terakhir (99_KUNCI_JAWABAN).
B19: 📝 SOAL TES #1: Kasus Keuangan & Akuntansi Kantor
B20: Data Asal | C20: Teks Input | E20: Persoalan Tes #1: Olahlah teks pada sel C21 ("budi santoso") menggunakan fungsi teks LEN!
B21: Cabang Jakarta | C21: budi santoso | E21: ✏️ KETIK RUMUS JAWABAN TES DI BAWAH: | F21: 📌 STATUS KOREKSI JAWABAN TES:
B22: Cabang Bandung | C22: jakarta pusat | F22: =IF(ISBLANK(E22), "⏳ Belum Diisi (Ketik Rumus di Sel Kuning E22)", IF(E22='99_KUNCI_JAWABAN'!F80, "✅ BENAR! JAWABAN TES TEPAT!", "❌ Belum Tepat (Cek Sheet Akhir: 99_KUNCI_JAWABAN)"))
B23: Cabang Surabaya | C23: surabaya timur
B24: Cabang Medan | C24: medan kota
B27: 📝 SOAL TES #2: Kasus HRD, Gaji & Lembur Karyawan
B28: Data Asal | C28: Teks Input | E28: Persoalan Tes #2: Olahlah teks pada sel C29 ("siti aminah") menggunakan fungsi teks LEN!
B29: Budi Santoso | C29: siti aminah | E29: ✏️ KETIK RUMUS JAWABAN TES DI BAWAH: | F29: 📌 STATUS KOREKSI JAWABAN TES:
B30: Siti Aminah | C30: jakarta pusat | F30: =IF(ISBLANK(E30), "⏳ Belum Diisi (Ketik Rumus di Sel Kuning E30)", IF(E30='99_KUNCI_JAWABAN'!F81, "✅ BENAR! JAWABAN TES TEPAT!", "❌ Belum Tepat (Cek Sheet Akhir: 99_KUNCI_JAWABAN)"))
B31: Andi Pratama | C31: surabaya timur
B32: Rina Wijaya | C32: medan kota
B35: 📝 SOAL TES #3: Kasus Logistik & Stok Gudang Utama
B36: Data Asal | C36: Teks Input | E36: Persoalan Tes #3: Olahlah teks pada sel C37 ("andi pratama") menggunakan fungsi teks LEN!
B37: Gudang Blok A | C37: andi pratama | E37: ✏️ KETIK RUMUS JAWABAN TES DI BAWAH: | F37: 📌 STATUS KOREKSI JAWABAN TES:
B38: Gudang Blok B | C38: jakarta pusat | F38: =IF(ISBLANK(E38), "⏳ Belum Diisi (Ketik Rumus di Sel Kuning E38)", IF(E38='99_KUNCI_JAWABAN'!F82, "✅ BENAR! JAWABAN TES TEPAT!", "❌ Belum Tepat (Cek Sheet Akhir: 99_KUNCI_JAWABAN)"))
B39: Gudang Blok C | C39: surabaya timur
B40: Gudang Blok D | C40: medan kota
B43: 📝 SOAL TES #4: Kasus Penjualan Retail & Target Toko
B44: Data Asal | C44: Teks Input | E44: Persoalan Tes #4: Olahlah teks pada sel C45 ("rina wijaya") menggunakan fungsi teks LEN!
B45: Toko Elektronik | C45: rina wijaya | E45: ✏️ KETIK RUMUS JAWABAN TES DI BAWAH: | F45: 📌 STATUS KOREKSI JAWABAN TES:
B46: Toko Komputer | C46: jakarta pusat | F46: =IF(ISBLANK(E46), "⏳ Belum Diisi (Ketik Rumus di Sel Kuning E46)", IF(E46='99_KUNCI_JAWABAN'!F83, "✅ BENAR! JAWABAN TES TEPAT!", "❌ Belum Tepat (Cek Sheet Akhir: 99_KUNCI_JAWABAN)"))
B47: Toko Aksesoris | C47: surabaya timur
B48: Toko Servis | C48: medan kota
B51: 📝 SOAL TES #5: Kasus Akademik Sekolah & Layanan Publik
B52: Data Asal | C52: Teks Input | E52: Persoalan Tes #5: Olahlah teks pada sel C53 ("dewi lestari") menggunakan fungsi teks LEN!
B53: Kelas 10 IPA | C53: dewi lestari | E53: ✏️ KETIK RUMUS JAWABAN TES DI BAWAH: | F53: 📌 STATUS KOREKSI JAWABAN TES:
B54: Kelas 11 IPA | C54: jakarta pusat | F54: =IF(ISBLANK(E54), "⏳ Belum Diisi (Ketik Rumus di Sel Kuning E54)", IF(E54='99_KUNCI_JAWABAN'!F84, "✅ BENAR! JAWABAN TES TEPAT!", "❌ Belum Tepat (Cek Sheet Akhir: 99_KUNCI_JAWABAN)"))
B55: Kelas 12 IPA | C55: surabaya timur
B56: Kelas Unggulan | C56: medan kota

Sheet TRIM
B1: 📊 #017 — RUMUS EXCEL: TRIM | Kategori: 4. Pengolahan Teks
B2: 1 Rumus = 1 Contoh Soal + Jawaban Benar & 5 Soal Tes Mandiri (Kunci Jawaban Ada di Sheet Paling Terakhir) | F2: ⬅️ Ke Daftar Isi (00_DAFTAR_ISI) | G2: 🔑 Ke Kunci Jawaban (Sheet Akhir)
B4: 1️⃣ IDENTITAS RUMUS & FUNGSINYA BUAT APA? (TRIM)
B5: Nama Rumus Excel | C5: =TRIM(...)
B6: Sintaks / Pola Umum | C6: =TRIM(teks)
B7: 👶 Fungsinya Buat Apa? | C7: Sapu pembersih spasi! Menghapus spasi ganda yang berantakan di awal, tengah, atau akhir kalimat sehingga rapi.
B9: 2️⃣ 1 CONTOH SOAL & CONTOH JAWABAN BENAR (PELAJARI POLA RUMUS TRIM DI SINI)
B10: Data Kotor | C10: Teks Berantakan | E10: ✅ 1 CONTOH SOAL BESERTA CONTOH RUMUS & HASIL JAWABAN BENAR:
B11: Simulasi Unit A | C11: Simulasi Unit A Data | E11: Contoh Soal: | F11: Bersihkan spasi berlebih pada teks di sel C11 menggunakan fungsi TRIM!
B12: Simulasi Unit B | C12: Siti Aminah | E12: Contoh Rumus Benar: | F12: '=TRIM(C11)
B13: Simulasi Unit C | C13: Andi Pratama | E13: Contoh Hasil Benar: | F13: =TRIM(C11)
B14: Simulasi Unit D | C14: Rina Wijaya
B16: 3️⃣ 5 SOAL TES DUNIA NYATA — KERJAKAN DI KOTAK KUNING (TANPA KUNCI RUMUS / HASIL DI SINI!)
B17: 📌 Catatan Tes: Soal Tes #1 s/d #5 di bawah ini tidak menampilkan kunci rumus maupun hasil. Kunci jawaban lengkap tersedia di sheet paling terakhir (99_KUNCI_JAWABAN).
B19: 📝 SOAL TES #1: Kasus Keuangan & Akuntansi Kantor
B20: Data Kotor | C20: Teks Berantakan | E20: Persoalan Tes #1: Bersihkan spasi berlebih pada teks di sel C21 menggunakan fungsi TRIM!
B21: Cabang Jakarta | C21: Cabang Jakarta Data | E21: ✏️ KETIK RUMUS JAWABAN TES DI BAWAH: | F21: 📌 STATUS KOREKSI JAWABAN TES:
B22: Cabang Bandung | C22: Siti Aminah | F22: =IF(ISBLANK(E22), "⏳ Belum Diisi (Ketik Rumus di Sel Kuning E22)", IF(E22='99_KUNCI_JAWABAN'!F85, "✅ BENAR! JAWABAN TES TEPAT!", "❌ Belum Tepat (Cek Sheet Akhir: 99_KUNCI_JAWABAN)"))
B23: Cabang Surabaya | C23: Andi Pratama
B24: Cabang Medan | C24: Rina Wijaya
B27: 📝 SOAL TES #2: Kasus HRD, Gaji & Lembur Karyawan
B28: Data Kotor | C28: Teks Berantakan | E28: Persoalan Tes #2: Bersihkan spasi berlebih pada teks di sel C29 menggunakan fungsi TRIM!
B29: Budi Santoso | C29: Budi Santoso Data | E29: ✏️ KETIK RUMUS JAWABAN TES DI BAWAH: | F29: 📌 STATUS KOREKSI JAWABAN TES:
B30: Siti Aminah | C30: Siti Aminah | F30: =IF(ISBLANK(E30), "⏳ Belum Diisi (Ketik Rumus di Sel Kuning E30)", IF(E30='99_KUNCI_JAWABAN'!F86, "✅ BENAR! JAWABAN TES TEPAT!", "❌ Belum Tepat (Cek Sheet Akhir: 99_KUNCI_JAWABAN)"))
B31: Andi Pratama | C31: Andi Pratama
B32: Rina Wijaya | C32: Rina Wijaya
B35: 📝 SOAL TES #3: Kasus Logistik & Stok Gudang Utama
B36: Data Kotor | C36: Teks Berantakan | E36: Persoalan Tes #3: Bersihkan spasi berlebih pada teks di sel C37 menggunakan fungsi TRIM!
B37: Gudang Blok A | C37: Gudang Blok A Data | E37: ✏️ KETIK RUMUS JAWABAN TES DI BAWAH: | F37: 📌 STATUS KOREKSI JAWABAN TES:
B38: Gudang Blok B | C38: Siti Aminah | F38: =IF(ISBLANK(E38), "⏳ Belum Diisi (Ketik Rumus di Sel Kuning E38)", IF(E38='99_KUNCI_JAWABAN'!F87, "✅ BENAR! JAWABAN TES TEPAT!", "❌ Belum Tepat (Cek Sheet Akhir: 99_KUNCI_JAWABAN)"))
B39: Gudang Blok C | C39: Andi Pratama
B40: Gudang Blok D | C40: Rina Wijaya
B43: 📝 SOAL TES #4: Kasus Penjualan Retail & Target Toko
B44: Data Kotor | C44: Teks Berantakan | E44: Persoalan Tes #4: Bersihkan spasi berlebih pada teks di sel C45 menggunakan fungsi TRIM!
B45: Toko Elektronik | C45: Toko Elektronik Data | E45: ✏️ KETIK RUMUS JAWABAN TES DI BAWAH: | F45: 📌 STATUS KOREKSI JAWABAN TES:
B46: Toko Komputer | C46: Siti Aminah | F46: =IF(ISBLANK(E46), "⏳ Belum Diisi (Ketik Rumus di Sel Kuning E46)", IF(E46='99_KUNCI_JAWABAN'!F88, "✅ BENAR! JAWABAN TES TEPAT!", "❌ Belum Tepat (Cek Sheet Akhir: 99_KUNCI_JAWABAN)"))
B47: Toko Aksesoris | C47: Andi Pratama
B48: Toko Servis | C48: Rina Wijaya
B51: 📝 SOAL TES #5: Kasus Akademik Sekolah & Layanan Publik
B52: Data Kotor | C52: Teks Berantakan | E52: Persoalan Tes #5: Bersihkan spasi berlebih pada teks di sel C53 menggunakan fungsi TRIM!
B53: Kelas 10 IPA | C53: Kelas 10 IPA Data | E53: ✏️ KETIK RUMUS JAWABAN TES DI BAWAH: | F53: 📌 STATUS KOREKSI JAWABAN TES:
B54: Kelas 11 IPA | C54: Siti Aminah | F54: =IF(ISBLANK(E54), "⏳ Belum Diisi (Ketik Rumus di Sel Kuning E54)", IF(E54='99_KUNCI_JAWABAN'!F89, "✅ BENAR! JAWABAN TES TEPAT!", "❌ Belum Tepat (Cek Sheet Akhir: 99_KUNCI_JAWABAN)"))
B55: Kelas 12 IPA | C55: Andi Pratama
B56: Kelas Unggulan | C56: Rina Wijaya

Sheet CLEAN
B1: 📊 #018 — RUMUS EXCEL: CLEAN | Kategori: 4. Pengolahan Teks
B2: 1 Rumus = 1 Contoh Soal + Jawaban Benar & 5 Soal Tes Mandiri (Kunci Jawaban Ada di Sheet Paling Terakhir) | F2: ⬅️ Ke Daftar Isi (00_DAFTAR_ISI) | G2: 🔑 Ke Kunci Jawaban (Sheet Akhir)
B4: 1️⃣ IDENTITAS RUMUS & FUNGSINYA BUAT APA? (CLEAN)
B5: Nama Rumus Excel | C5: =CLEAN(...)
B6: Sintaks / Pola Umum | C6: =CLEAN(teks)
B7: 👶 Fungsinya Buat Apa? | C7: Membersihkan karakter aneh tak terlihat (non-printable characters) hasil copy-paste dari web atau sistem database.
B9: 2️⃣ 1 CONTOH SOAL & CONTOH JAWABAN BENAR (PELAJARI POLA RUMUS CLEAN DI SINI)
B10: Data Asal | C10: Teks Input | E10: ✅ 1 CONTOH SOAL BESERTA CONTOH RUMUS & HASIL JAWABAN BENAR:
B11: Simulasi Unit A | C11: hendra wijaya | E11: Contoh Soal: | F11: Olahlah teks pada sel C11 ("hendra wijaya") menggunakan fungsi teks CLEAN!
B12: Simulasi Unit B | C12: jakarta pusat | E12: Contoh Rumus Benar: | F12: '=CLEAN(C11)
B13: Simulasi Unit C | C13: surabaya timur | E13: Contoh Hasil Benar: | F13: =CLEAN(C11)
B14: Simulasi Unit D | C14: medan kota
B16: 3️⃣ 5 SOAL TES DUNIA NYATA — KERJAKAN DI KOTAK KUNING (TANPA KUNCI RUMUS / HASIL DI SINI!)
B17: 📌 Catatan Tes: Soal Tes #1 s/d #5 di bawah ini tidak menampilkan kunci rumus maupun hasil. Kunci jawaban lengkap tersedia di sheet paling terakhir (99_KUNCI_JAWABAN).
B19: 📝 SOAL TES #1: Kasus Keuangan & Akuntansi Kantor
B20: Data Asal | C20: Teks Input | E20: Persoalan Tes #1: Olahlah teks pada sel C21 ("budi santoso") menggunakan fungsi teks CLEAN!
B21: Cabang Jakarta | C21: budi santoso | E21: ✏️ KETIK RUMUS JAWABAN TES DI BAWAH: | F21: 📌 STATUS KOREKSI JAWABAN TES:
B22: Cabang Bandung | C22: jakarta pusat | F22: =IF(ISBLANK(E22), "⏳ Belum Diisi (Ketik Rumus di Sel Kuning E22)", IF(E22='99_KUNCI_JAWABAN'!F90, "✅ BENAR! JAWABAN TES TEPAT!", "❌ Belum Tepat (Cek Sheet Akhir: 99_KUNCI_JAWABAN)"))
B23: Cabang Surabaya | C23: surabaya timur
B24: Cabang Medan | C24: medan kota
B27: 📝 SOAL TES #2: Kasus HRD, Gaji & Lembur Karyawan
B28: Data Asal | C28: Teks Input | E28: Persoalan Tes #2: Olahlah teks pada sel C29 ("siti aminah") menggunakan fungsi teks CLEAN!
B29: Budi Santoso | C29: siti aminah | E29: ✏️ KETIK RUMUS JAWABAN TES DI BAWAH: | F29: 📌 STATUS KOREKSI JAWABAN TES:
B30: Siti Aminah | C30: jakarta pusat | F30: =IF(ISBLANK(E30), "⏳ Belum Diisi (Ketik Rumus di Sel Kuning E30)", IF(E30='99_KUNCI_JAWABAN'!F91, "✅ BENAR! JAWABAN TES TEPAT!", "❌ Belum Tepat (Cek Sheet Akhir: 99_KUNCI_JAWABAN)"))
B31: Andi Pratama | C31: surabaya timur
B32: Rina Wijaya | C32: medan kota
B35: 📝 SOAL TES #3: Kasus Logistik & Stok Gudang Utama
B36: Data Asal | C36: Teks Input | E36: Persoalan Tes #3: Olahlah teks pada sel C37 ("andi pratama") menggunakan fungsi teks CLEAN!
B37: Gudang Blok A | C37: andi pratama | E37: ✏️ KETIK RUMUS JAWABAN TES DI BAWAH: | F37: 📌 STATUS KOREKSI JAWABAN TES:
B38: Gudang Blok B | C38: jakarta pusat | F38: =IF(ISBLANK(E38), "⏳ Belum Diisi (Ketik Rumus di Sel Kuning E38)", IF(E38='99_KUNCI_JAWABAN'!F92, "✅ BENAR! JAWABAN TES TEPAT!", "❌ Belum Tepat (Cek Sheet Akhir: 99_KUNCI_JAWABAN)"))
B39: Gudang Blok C | C39: surabaya timur
B40: Gudang Blok D | C40: medan kota
B43: 📝 SOAL TES #4: Kasus Penjualan Retail & Target Toko
B44: Data Asal | C44: Teks Input | E44: Persoalan Tes #4: Olahlah teks pada sel C45 ("rina wijaya") menggunakan fungsi teks CLEAN!
B45: Toko Elektronik | C45: rina wijaya | E45: ✏️ KETIK RUMUS JAWABAN TES DI BAWAH: | F45: 📌 STATUS KOREKSI JAWABAN TES:
B46: Toko Komputer | C46: jakarta pusat | F46: =IF(ISBLANK(E46), "⏳ Belum Diisi (Ketik Rumus di Sel Kuning E46)", IF(E46='99_KUNCI_JAWABAN'!F93, "✅ BENAR! JAWABAN TES TEPAT!", "❌ Belum Tepat (Cek Sheet Akhir: 99_KUNCI_JAWABAN)"))
B47: Toko Aksesoris | C47: surabaya timur
B48: Toko Servis | C48: medan kota
B51: 📝 SOAL TES #5: Kasus Akademik Sekolah & Layanan Publik
B52: Data Asal | C52: Teks Input | E52: Persoalan Tes #5: Olahlah teks pada sel C53 ("dewi lestari") menggunakan fungsi teks CLEAN!
B53: Kelas 10 IPA | C53: dewi lestari | E53: ✏️ KETIK RUMUS JAWABAN TES DI BAWAH: | F53: 📌 STATUS KOREKSI JAWABAN TES:
B54: Kelas 11 IPA | C54: jakarta pusat | F54: =IF(ISBLANK(E54), "⏳ Belum Diisi (Ketik Rumus di Sel Kuning E54)", IF(E54='99_KUNCI_JAWABAN'!F94, "✅ BENAR! JAWABAN TES TEPAT!", "❌ Belum Tepat (Cek Sheet Akhir: 99_KUNCI_JAWABAN)"))
B55: Kelas 12 IPA | C55: surabaya timur
B56: Kelas Unggulan | C56: medan kota

Sheet UPPER
B1: 📊 #019 — RUMUS EXCEL: UPPER | Kategori: 4. Pengolahan Teks
B2: 1 Rumus = 1 Contoh Soal + Jawaban Benar & 5 Soal Tes Mandiri (Kunci Jawaban Ada di Sheet Paling Terakhir) | F2: ⬅️ Ke Daftar Isi (00_DAFTAR_ISI) | G2: 🔑 Ke Kunci Jawaban (Sheet Akhir)
B4: 1️⃣ IDENTITAS RUMUS & FUNGSINYA BUAT APA? (UPPER)
B5: Nama Rumus Excel | C5: =UPPER(...)
B6: Sintaks / Pola Umum | C6: =UPPER(teks)
B7: 👶 Fungsinya Buat Apa? | C7: Mengubah seluruh huruf di dalam sel menjadi HURUF BESAR (KAPITAL) semua.
B9: 2️⃣ 1 CONTOH SOAL & CONTOH JAWABAN BENAR (PELAJARI POLA RUMUS UPPER DI SINI)
B10: Data Asal | C10: Teks Input | E10: ✅ 1 CONTOH SOAL BESERTA CONTOH RUMUS & HASIL JAWABAN BENAR:
B11: Simulasi Unit A | C11: hendra wijaya | E11: Contoh Soal: | F11: Olahlah teks pada sel C11 ("hendra wijaya") menggunakan fungsi teks UPPER!
B12: Simulasi Unit B | C12: jakarta pusat | E12: Contoh Rumus Benar: | F12: '=UPPER(C11)
B13: Simulasi Unit C | C13: surabaya timur | E13: Contoh Hasil Benar: | F13: =UPPER(C11)
B14: Simulasi Unit D | C14: medan kota
B16: 3️⃣ 5 SOAL TES DUNIA NYATA — KERJAKAN DI KOTAK KUNING (TANPA KUNCI RUMUS / HASIL DI SINI!)
B17: 📌 Catatan Tes: Soal Tes #1 s/d #5 di bawah ini tidak menampilkan kunci rumus maupun hasil. Kunci jawaban lengkap tersedia di sheet paling terakhir (99_KUNCI_JAWABAN).
B19: 📝 SOAL TES #1: Kasus Keuangan & Akuntansi Kantor
B20: Data Asal | C20: Teks Input | E20: Persoalan Tes #1: Olahlah teks pada sel C21 ("budi santoso") menggunakan fungsi teks UPPER!
B21: Cabang Jakarta | C21: budi santoso | E21: ✏️ KETIK RUMUS JAWABAN TES DI BAWAH: | F21: 📌 STATUS KOREKSI JAWABAN TES:
B22: Cabang Bandung | C22: jakarta pusat | F22: =IF(ISBLANK(E22), "⏳ Belum Diisi (Ketik Rumus di Sel Kuning E22)", IF(E22='99_KUNCI_JAWABAN'!F95, "✅ BENAR! JAWABAN TES TEPAT!", "❌ Belum Tepat (Cek Sheet Akhir: 99_KUNCI_JAWABAN)"))
B23: Cabang Surabaya | C23: surabaya timur
B24: Cabang Medan | C24: medan kota
B27: 📝 SOAL TES #2: Kasus HRD, Gaji & Lembur Karyawan
B28: Data Asal | C28: Teks Input | E28: Persoalan Tes #2: Olahlah teks pada sel C29 ("siti aminah") menggunakan fungsi teks UPPER!
B29: Budi Santoso | C29: siti aminah | E29: ✏️ KETIK RUMUS JAWABAN TES DI BAWAH: | F29: 📌 STATUS KOREKSI JAWABAN TES:
B30: Siti Aminah | C30: jakarta pusat | F30: =IF(ISBLANK(E30), "⏳ Belum Diisi (Ketik Rumus di Sel Kuning E30)", IF(E30='99_KUNCI_JAWABAN'!F96, "✅ BENAR! JAWABAN TES TEPAT!", "❌ Belum Tepat (Cek Sheet Akhir: 99_KUNCI_JAWABAN)"))
B31: Andi Pratama | C31: surabaya timur
B32: Rina Wijaya | C32: medan kota
B35: 📝 SOAL TES #3: Kasus Logistik & Stok Gudang Utama
B36: Data Asal | C36: Teks Input | E36: Persoalan Tes #3: Olahlah teks pada sel C37 ("andi pratama") menggunakan fungsi teks UPPER!
B37: Gudang Blok A | C37: andi pratama | E37: ✏️ KETIK RUMUS JAWABAN TES DI BAWAH: | F37: 📌 STATUS KOREKSI JAWABAN TES:
B38: Gudang Blok B | C38: jakarta pusat | F38: =IF(ISBLANK(E38), "⏳ Belum Diisi (Ketik Rumus di Sel Kuning E38)", IF(E38='99_KUNCI_JAWABAN'!F97, "✅ BENAR! JAWABAN TES TEPAT!", "❌ Belum Tepat (Cek Sheet Akhir: 99_KUNCI_JAWABAN)"))
B39: Gudang Blok C | C39: surabaya timur
B40: Gudang Blok D | C40: medan kota
B43: 📝 SOAL TES #4: Kasus Penjualan Retail & Target Toko
B44: Data Asal | C44: Teks Input | E44: Persoalan Tes #4: Olahlah teks pada sel C45 ("rina wijaya") menggunakan fungsi teks UPPER!
B45: Toko Elektronik | C45: rina wijaya | E45: ✏️ KETIK RUMUS JAWABAN TES DI BAWAH: | F45: 📌 STATUS KOREKSI JAWABAN TES:
B46: Toko Komputer | C46: jakarta pusat | F46: =IF(ISBLANK(E46), "⏳ Belum Diisi (Ketik Rumus di Sel Kuning E46)", IF(E46='99_KUNCI_JAWABAN'!F98, "✅ BENAR! JAWABAN TES TEPAT!", "❌ Belum Tepat (Cek Sheet Akhir: 99_KUNCI_JAWABAN)"))
B47: Toko Aksesoris | C47: surabaya timur
B48: Toko Servis | C48: medan kota
B51: 📝 SOAL TES #5: Kasus Akademik Sekolah & Layanan Publik
B52: Data Asal | C52: Teks Input | E52: Persoalan Tes #5: Olahlah teks pada sel C53 ("dewi lestari") menggunakan fungsi teks UPPER!
B53: Kelas 10 IPA | C53: dewi lestari | E53: ✏️ KETIK RUMUS JAWABAN TES DI BAWAH: | F53: 📌 STATUS KOREKSI JAWABAN TES:
B54: Kelas 11 IPA | C54: jakarta pusat | F54: =IF(ISBLANK(E54), "⏳ Belum Diisi (Ketik Rumus di Sel Kuning E54)", IF(E54='99_KUNCI_JAWABAN'!F99, "✅ BENAR! JAWABAN TES TEPAT!", "❌ Belum Tepat (Cek Sheet Akhir: 99_KUNCI_JAWABAN)"))
B55: Kelas 12 IPA | C55: surabaya timur
B56: Kelas Unggulan | C56: medan kota

Sheet LOWER
B1: 📊 #020 — RUMUS EXCEL: LOWER | Kategori: 4. Pengolahan Teks
B2: 1 Rumus = 1 Contoh Soal + Jawaban Benar & 5 Soal Tes Mandiri (Kunci Jawaban Ada di Sheet Paling Terakhir) | F2: ⬅️ Ke Daftar Isi (00_DAFTAR_ISI) | G2: 🔑 Ke Kunci Jawaban (Sheet Akhir)
B4: 1️⃣ IDENTITAS RUMUS & FUNGSINYA BUAT APA? (LOWER)
B5: Nama Rumus Excel | C5: =LOWER(...)
B6: Sintaks / Pola Umum | C6: =LOWER(teks)
B7: 👶 Fungsinya Buat Apa? | C7: Mengubah seluruh huruf di dalam sel menjadi huruf kecil semua (cocok untuk merapikan alamat email).
B9: 2️⃣ 1 CONTOH SOAL & CONTOH JAWABAN BENAR (PELAJARI POLA RUMUS LOWER DI SINI)
B10: Data Asal | C10: Teks Input | E10: ✅ 1 CONTOH SOAL BESERTA CONTOH RUMUS & HASIL JAWABAN BENAR:
B11: Simulasi Unit A | C11: hendra wijaya | E11: Contoh Soal: | F11: Olahlah teks pada sel C11 ("hendra wijaya") menggunakan fungsi teks LOWER!
B12: Simulasi Unit B | C12: jakarta pusat | E12: Contoh Rumus Benar: | F12: '=LOWER(C11)
B13: Simulasi Unit C | C13: surabaya timur | E13: Contoh Hasil Benar: | F13: =LOWER(C11)
B14: Simulasi Unit D | C14: medan kota
B16: 3️⃣ 5 SOAL TES DUNIA NYATA — KERJAKAN DI KOTAK KUNING (TANPA KUNCI RUMUS / HASIL DI SINI!)
B17: 📌 Catatan Tes: Soal Tes #1 s/d #5 di bawah ini tidak menampilkan kunci rumus maupun hasil. Kunci jawaban lengkap tersedia di sheet paling terakhir (99_KUNCI_JAWABAN).
B19: 📝 SOAL TES #1: Kasus Keuangan & Akuntansi Kantor
B20: Data Asal | C20: Teks Input | E20: Persoalan Tes #1: Olahlah teks pada sel C21 ("budi santoso") menggunakan fungsi teks LOWER!
B21: Cabang Jakarta | C21: budi santoso | E21: ✏️ KETIK RUMUS JAWABAN TES DI BAWAH: | F21: 📌 STATUS KOREKSI JAWABAN TES:
B22: Cabang Bandung | C22: jakarta pusat | F22: =IF(ISBLANK(E22), "⏳ Belum Diisi (Ketik Rumus di Sel Kuning E22)", IF(E22='99_KUNCI_JAWABAN'!F100, "✅ BENAR! JAWABAN TES TEPAT!", "❌ Belum Tepat (Cek Sheet Akhir: 99_KUNCI_JAWABAN)"))
B23: Cabang Surabaya | C23: surabaya timur
B24: Cabang Medan | C24: medan kota
B27: 📝 SOAL TES #2: Kasus HRD, Gaji & Lembur Karyawan
B28: Data Asal | C28: Teks Input | E28: Persoalan Tes #2: Olahlah teks pada sel C29 ("siti aminah") menggunakan fungsi teks LOWER!
B29: Budi Santoso | C29: siti aminah | E29: ✏️ KETIK RUMUS JAWABAN TES DI BAWAH: | F29: 📌 STATUS KOREKSI JAWABAN TES:
B30: Siti Aminah | C30: jakarta pusat | F30: =IF(ISBLANK(E30), "⏳ Belum Diisi (Ketik Rumus di Sel Kuning E30)", IF(E30='99_KUNCI_JAWABAN'!F101, "✅ BENAR! JAWABAN TES TEPAT!", "❌ Belum Tepat (Cek Sheet Akhir: 99_KUNCI_JAWABAN)"))
B31: Andi Pratama | C31: surabaya timur
B32: Rina Wijaya | C32: medan kota
B35: 📝 SOAL TES #3: Kasus Logistik & Stok Gudang Utama
B36: Data Asal | C36: Teks Input | E36: Persoalan Tes #3: Olahlah teks pada sel C37 ("andi pratama") menggunakan fungsi teks LOWER!
B37: Gudang Blok A | C37: andi pratama | E37: ✏️ KETIK RUMUS JAWABAN TES DI BAWAH: | F37: 📌 STATUS KOREKSI JAWABAN TES:
B38: Gudang Blok B | C38: jakarta pusat | F38: =IF(ISBLANK(E38), "⏳ Belum Diisi (Ketik Rumus di Sel Kuning E38)", IF(E38='99_KUNCI_JAWABAN'!F102, "✅ BENAR! JAWABAN TES TEPAT!", "❌ Belum Tepat (Cek Sheet Akhir: 99_KUNCI_JAWABAN)"))
B39: Gudang Blok C | C39: surabaya timur
B40: Gudang Blok D | C40: medan kota
B43: 📝 SOAL TES #4: Kasus Penjualan Retail & Target Toko
B44: Data Asal | C44: Teks Input | E44: Persoalan Tes #4: Olahlah teks pada sel C45 ("rina wijaya") menggunakan fungsi teks LOWER!
B45: Toko Elektronik | C45: rina wijaya | E45: ✏️ KETIK RUMUS JAWABAN TES DI BAWAH: | F45: 📌 STATUS KOREKSI JAWABAN TES:
B46: Toko Komputer | C46: jakarta pusat | F46: =IF(ISBLANK(E46), "⏳ Belum Diisi (Ketik Rumus di Sel Kuning E46)", IF(E46='99_KUNCI_JAWABAN'!F103, "✅ BENAR! JAWABAN TES TEPAT!", "❌ Belum Tepat (Cek Sheet Akhir: 99_KUNCI_JAWABAN)"))
B47: Toko Aksesoris | C47: surabaya timur
B48: Toko Servis | C48: medan kota
B51: 📝 SOAL TES #5: Kasus Akademik Sekolah & Layanan Publik
B52: Data Asal | C52: Teks Input | E52: Persoalan Tes #5: Olahlah teks pada sel C53 ("dewi lestari") menggunakan fungsi teks LOWER!
B53: Kelas 10 IPA | C53: dewi lestari | E53: ✏️ KETIK RUMUS JAWABAN TES DI BAWAH: | F53: 📌 STATUS KOREKSI JAWABAN TES:
B54: Kelas 11 IPA | C54: jakarta pusat | F54: =IF(ISBLANK(E54), "⏳ Belum Diisi (Ketik Rumus di Sel Kuning E54)", IF(E54='99_KUNCI_JAWABAN'!F104, "✅ BENAR! JAWABAN TES TEPAT!", "❌ Belum Tepat (Cek Sheet Akhir: 99_KUNCI_JAWABAN)"))
B55: Kelas 12 IPA | C55: surabaya timur
B56: Kelas Unggulan | C56: medan kota

Sheet PROPER
B1: 📊 #021 — RUMUS EXCEL: PROPER | Kategori: 4. Pengolahan Teks
B2: 1 Rumus = 1 Contoh Soal + Jawaban Benar & 5 Soal Tes Mandiri (Kunci Jawaban Ada di Sheet Paling Terakhir) | F2: ⬅️ Ke Daftar Isi (00_DAFTAR_ISI) | G2: 🔑 Ke Kunci Jawaban (Sheet Akhir)
B4: 1️⃣ IDENTITAS RUMUS & FUNGSINYA BUAT APA? (PROPER)
B5: Nama Rumus Excel | C5: =PROPER(...)
B6: Sintaks / Pola Umum | C6: =PROPER(teks)
B7: 👶 Fungsinya Buat Apa? | C7: Mengubah huruf pertama di setiap awal kata menjadi Huruf Besar (Title Case), sangat cocok untuk merapikan daftar Nama Lengkap!
B9: 2️⃣ 1 CONTOH SOAL & CONTOH JAWABAN BENAR (PELAJARI POLA RUMUS PROPER DI SINI)
B10: Data Asal | C10: Teks Input | E10: ✅ 1 CONTOH SOAL BESERTA CONTOH RUMUS & HASIL JAWABAN BENAR:
B11: Simulasi Unit A | C11: hendra wijaya | E11: Contoh Soal: | F11: Olahlah teks pada sel C11 ("hendra wijaya") menggunakan fungsi teks PROPER!
B12: Simulasi Unit B | C12: jakarta pusat | E12: Contoh Rumus Benar: | F12: '=PROPER(C11)
B13: Simulasi Unit C | C13: surabaya timur | E13: Contoh Hasil Benar: | F13: =PROPER(C11)
B14: Simulasi Unit D | C14: medan kota
B16: 3️⃣ 5 SOAL TES DUNIA NYATA — KERJAKAN DI KOTAK KUNING (TANPA KUNCI RUMUS / HASIL DI SINI!)
B17: 📌 Catatan Tes: Soal Tes #1 s/d #5 di bawah ini tidak menampilkan kunci rumus maupun hasil. Kunci jawaban lengkap tersedia di sheet paling terakhir (99_KUNCI_JAWABAN).
B19: 📝 SOAL TES #1: Kasus Keuangan & Akuntansi Kantor
B20: Data Asal | C20: Teks Input | E20: Persoalan Tes #1: Olahlah teks pada sel C21 ("budi santoso") menggunakan fungsi teks PROPER!
B21: Cabang Jakarta | C21: budi santoso | E21: ✏️ KETIK RUMUS JAWABAN TES DI BAWAH: | F21: 📌 STATUS KOREKSI JAWABAN TES:
B22: Cabang Bandung | C22: jakarta pusat | F22: =IF(ISBLANK(E22), "⏳ Belum Diisi (Ketik Rumus di Sel Kuning E22)", IF(E22='99_KUNCI_JAWABAN'!F105, "✅ BENAR! JAWABAN TES TEPAT!", "❌ Belum Tepat (Cek Sheet Akhir: 99_KUNCI_JAWABAN)"))
B23: Cabang Surabaya | C23: surabaya timur
B24: Cabang Medan | C24: medan kota
B27: 📝 SOAL TES #2: Kasus HRD, Gaji & Lembur Karyawan
B28: Data Asal | C28: Teks Input | E28: Persoalan Tes #2: Olahlah teks pada sel C29 ("siti aminah") menggunakan fungsi teks PROPER!
B29: Budi Santoso | C29: siti aminah | E29: ✏️ KETIK RUMUS JAWABAN TES DI BAWAH: | F29: 📌 STATUS KOREKSI JAWABAN TES:
B30: Siti Aminah | C30: jakarta pusat | F30: =IF(ISBLANK(E30), "⏳ Belum Diisi (Ketik Rumus di Sel Kuning E30)", IF(E30='99_KUNCI_JAWABAN'!F106, "✅ BENAR! JAWABAN TES TEPAT!", "❌ Belum Tepat (Cek Sheet Akhir: 99_KUNCI_JAWABAN)"))
B31: Andi Pratama | C31: surabaya timur
B32: Rina Wijaya | C32: medan kota
B35: 📝 SOAL TES #3: Kasus Logistik & Stok Gudang Utama
B36: Data Asal | C36: Teks Input | E36: Persoalan Tes #3: Olahlah teks pada sel C37 ("andi pratama") menggunakan fungsi teks PROPER!
B37: Gudang Blok A | C37: andi pratama | E37: ✏️ KETIK RUMUS JAWABAN TES DI BAWAH: | F37: 📌 STATUS KOREKSI JAWABAN TES:
B38: Gudang Blok B | C38: jakarta pusat | F38: =IF(ISBLANK(E38), "⏳ Belum Diisi (Ketik Rumus di Sel Kuning E38)", IF(E38='99_KUNCI_JAWABAN'!F107, "✅ BENAR! JAWABAN TES TEPAT!", "❌ Belum Tepat (Cek Sheet Akhir: 99_KUNCI_JAWABAN)"))
B39: Gudang Blok C | C39: surabaya timur
B40: Gudang Blok D | C40: medan kota
B43: 📝 SOAL TES #4: Kasus Penjualan Retail & Target Toko
B44: Data Asal | C44: Teks Input | E44: Persoalan Tes #4: Olahlah teks pada sel C45 ("rina wijaya") menggunakan fungsi teks PROPER!
B45: Toko Elektronik | C45: rina wijaya | E45: ✏️ KETIK RUMUS JAWABAN TES DI BAWAH: | F45: 📌 STATUS KOREKSI JAWABAN TES:
B46: Toko Komputer | C46: jakarta pusat | F46: =IF(ISBLANK(E46), "⏳ Belum Diisi (Ketik Rumus di Sel Kuning E46)", IF(E46='99_KUNCI_JAWABAN'!F108, "✅ BENAR! JAWABAN TES TEPAT!", "❌ Belum Tepat (Cek Sheet Akhir: 99_KUNCI_JAWABAN)"))
B47: Toko Aksesoris | C47: surabaya timur
B48: Toko Servis | C48: medan kota
B51: 📝 SOAL TES #5: Kasus Akademik Sekolah & Layanan Publik
B52: Data Asal | C52: Teks Input | E52: Persoalan Tes #5: Olahlah teks pada sel C53 ("dewi lestari") menggunakan fungsi teks PROPER!
B53: Kelas 10 IPA | C53: dewi lestari | E53: ✏️ KETIK RUMUS JAWABAN TES DI BAWAH: | F53: 📌 STATUS KOREKSI JAWABAN TES:
B54: Kelas 11 IPA | C54: jakarta pusat | F54: =IF(ISBLANK(E54), "⏳ Belum Diisi (Ketik Rumus di Sel Kuning E54)", IF(E54='99_KUNCI_JAWABAN'!F109, "✅ BENAR! JAWABAN TES TEPAT!", "❌ Belum Tepat (Cek Sheet Akhir: 99_KUNCI_JAWABAN)"))
B55: Kelas 12 IPA | C55: surabaya timur
B56: Kelas Unggulan | C56: medan kota

Sheet CONCATENATE
B1: 📊 #022 — RUMUS EXCEL: CONCATENATE | Kategori: 4. Pengolahan Teks
B2: 1 Rumus = 1 Contoh Soal + Jawaban Benar & 5 Soal Tes Mandiri (Kunci Jawaban Ada di Sheet Paling Terakhir) | F2: ⬅️ Ke Daftar Isi (00_DAFTAR_ISI) | G2: 🔑 Ke Kunci Jawaban (Sheet Akhir)
B4: 1️⃣ IDENTITAS RUMUS & FUNGSINYA BUAT APA? (CONCATENATE)
B5: Nama Rumus Excel | C5: =CONCATENATE(...)
B6: Sintaks / Pola Umum | C6: =CONCATENATE(teks1, teks2, ...)
B7: 👶 Fungsinya Buat Apa? | C7: Lem perekat teks! Menggabungkan isi dari beberapa sel terpisah (misal Nama Depan dan Nama Belakang) menjadi satu kalimat utuh.
B9: 2️⃣ 1 CONTOH SOAL & CONTOH JAWABAN BENAR (PELAJARI POLA RUMUS CONCATENATE DI SINI)
B10: Teks Pertama (B) | C10: Teks Kedua (C) | E10: ✅ 1 CONTOH SOAL BESERTA CONTOH RUMUS & HASIL JAWABAN BENAR:
B11: Simulasi | C11: Simulasi | E11: Contoh Soal: | F11: Gabungkan teks di sel B11, pemisah " - ", dan teks di sel C11 menggunakan fungsi CONCATENATE!
B12: Siti | C12: Aminah | E12: Contoh Rumus Benar: | F12: '=CONCATENATE(B11, " - ", C11)
B13: Andi | C13: Pratama | E13: Contoh Hasil Benar: | F13: =CONCATENATE(B11, " - ", C11)
B14: Rina | C14: Wijaya
B16: 3️⃣ 5 SOAL TES DUNIA NYATA — KERJAKAN DI KOTAK KUNING (TANPA KUNCI RUMUS / HASIL DI SINI!)
B17: 📌 Catatan Tes: Soal Tes #1 s/d #5 di bawah ini tidak menampilkan kunci rumus maupun hasil. Kunci jawaban lengkap tersedia di sheet paling terakhir (99_KUNCI_JAWABAN).
B19: 📝 SOAL TES #1: Kasus Keuangan & Akuntansi Kantor
B20: Teks Pertama (B) | C20: Teks Kedua (C) | E20: Persoalan Tes #1: Gabungkan teks di sel B21, pemisah " - ", dan teks di sel C21 menggunakan fungsi CONCATENATE!
B21: Cabang | C21: Cabang | E21: ✏️ KETIK RUMUS JAWABAN TES DI BAWAH: | F21: 📌 STATUS KOREKSI JAWABAN TES:
B22: Siti | C22: Aminah | F22: =IF(ISBLANK(E22), "⏳ Belum Diisi (Ketik Rumus di Sel Kuning E22)", IF(E22='99_KUNCI_JAWABAN'!F110, "✅ BENAR! JAWABAN TES TEPAT!", "❌ Belum Tepat (Cek Sheet Akhir: 99_KUNCI_JAWABAN)"))
B23: Andi | C23: Pratama
B24: Rina | C24: Wijaya
B27: 📝 SOAL TES #2: Kasus HRD, Gaji & Lembur Karyawan
B28: Teks Pertama (B) | C28: Teks Kedua (C) | E28: Persoalan Tes #2: Gabungkan teks di sel B29, pemisah " - ", dan teks di sel C29 menggunakan fungsi CONCATENATE!
B29: Budi | C29: Budi | E29: ✏️ KETIK RUMUS JAWABAN TES DI BAWAH: | F29: 📌 STATUS KOREKSI JAWABAN TES:
B30: Siti | C30: Aminah | F30: =IF(ISBLANK(E30), "⏳ Belum Diisi (Ketik Rumus di Sel Kuning E30)", IF(E30='99_KUNCI_JAWABAN'!F111, "✅ BENAR! JAWABAN TES TEPAT!", "❌ Belum Tepat (Cek Sheet Akhir: 99_KUNCI_JAWABAN)"))
B31: Andi | C31: Pratama
B32: Rina | C32: Wijaya
B35: 📝 SOAL TES #3: Kasus Logistik & Stok Gudang Utama
B36: Teks Pertama (B) | C36: Teks Kedua (C) | E36: Persoalan Tes #3: Gabungkan teks di sel B37, pemisah " - ", dan teks di sel C37 menggunakan fungsi CONCATENATE!
B37: Gudang | C37: Gudang | E37: ✏️ KETIK RUMUS JAWABAN TES DI BAWAH: | F37: 📌 STATUS KOREKSI JAWABAN TES:
B38: Siti | C38: Aminah | F38: =IF(ISBLANK(E38), "⏳ Belum Diisi (Ketik Rumus di Sel Kuning E38)", IF(E38='99_KUNCI_JAWABAN'!F112, "✅ BENAR! JAWABAN TES TEPAT!", "❌ Belum Tepat (Cek Sheet Akhir: 99_KUNCI_JAWABAN)"))
B39: Andi | C39: Pratama
B40: Rina | C40: Wijaya
B43: 📝 SOAL TES #4: Kasus Penjualan Retail & Target Toko
B44: Teks Pertama (B) | C44: Teks Kedua (C) | E44: Persoalan Tes #4: Gabungkan teks di sel B45, pemisah " - ", dan teks di sel C45 menggunakan fungsi CONCATENATE!
B45: Toko | C45: Toko | E45: ✏️ KETIK RUMUS JAWABAN TES DI BAWAH: | F45: 📌 STATUS KOREKSI JAWABAN TES:
B46: Siti | C46: Aminah | F46: =IF(ISBLANK(E46), "⏳ Belum Diisi (Ketik Rumus di Sel Kuning E46)", IF(E46='99_KUNCI_JAWABAN'!F113, "✅ BENAR! JAWABAN TES TEPAT!", "❌ Belum Tepat (Cek Sheet Akhir: 99_KUNCI_JAWABAN)"))
B47: Andi | C47: Pratama
B48: Rina | C48: Wijaya
B51: 📝 SOAL TES #5: Kasus Akademik Sekolah & Layanan Publik
B52: Teks Pertama (B) | C52: Teks Kedua (C) | E52: Persoalan Tes #5: Gabungkan teks di sel B53, pemisah " - ", dan teks di sel C53 menggunakan fungsi CONCATENATE!
B53: Kelas | C53: Kelas | E53: ✏️ KETIK RUMUS JAWABAN TES DI BAWAH: | F53: 📌 STATUS KOREKSI JAWABAN TES:
B54: Siti | C54: Aminah | F54: =IF(ISBLANK(E54), "⏳ Belum Diisi (Ketik Rumus di Sel Kuning E54)", IF(E54='99_KUNCI_JAWABAN'!F114, "✅ BENAR! JAWABAN TES TEPAT!", "❌ Belum Tepat (Cek Sheet Akhir: 99_KUNCI_JAWABAN)"))
B55: Andi | C55: Pratama
B56: Rina | C56: Wijaya

Sheet EXACT
B1: 📊 #023 — RUMUS EXCEL: EXACT | Kategori: 4. Pengolahan Teks
B2: 1 Rumus = 1 Contoh Soal + Jawaban Benar & 5 Soal Tes Mandiri (Kunci Jawaban Ada di Sheet Paling Terakhir) | F2: ⬅️ Ke Daftar Isi (00_DAFTAR_ISI) | G2: 🔑 Ke Kunci Jawaban (Sheet Akhir)
B4: 1️⃣ IDENTITAS RUMUS & FUNGSINYA BUAT APA? (EXACT)
B5: Nama Rumus Excel | C5: =EXACT(...)
B6: Sintaks / Pola Umum | C6: =EXACT(teks1, teks2)
B7: 👶 Fungsinya Buat Apa? | C7: Detektor kembar identik! Membandingkan apakah dua teks sama persis sampai ke huruf besar-kecilnya (Case-Sensitive).
B9: 2️⃣ 1 CONTOH SOAL & CONTOH JAWABAN BENAR (PELAJARI POLA RUMUS EXACT DI SINI)
B10: Teks Pertama (B) | C10: Teks Kedua (C) | E10: ✅ 1 CONTOH SOAL BESERTA CONTOH RUMUS & HASIL JAWABAN BENAR:
B11: Simulasi | C11: Simulasi | E11: Contoh Soal: | F11: Periksa apakah teks di sel B11 sama persis dengan teks di sel C11 menggunakan fungsi EXACT!
B12: Siti | C12: Aminah | E12: Contoh Rumus Benar: | F12: '=EXACT(B11, C11)
B13: Andi | C13: Pratama | E13: Contoh Hasil Benar: | F13: =EXACT(B11, C11)
B14: Rina | C14: Wijaya
B16: 3️⃣ 5 SOAL TES DUNIA NYATA — KERJAKAN DI KOTAK KUNING (TANPA KUNCI RUMUS / HASIL DI SINI!)
B17: 📌 Catatan Tes: Soal Tes #1 s/d #5 di bawah ini tidak menampilkan kunci rumus maupun hasil. Kunci jawaban lengkap tersedia di sheet paling terakhir (99_KUNCI_JAWABAN).
B19: 📝 SOAL TES #1: Kasus Keuangan & Akuntansi Kantor
B20: Teks Pertama (B) | C20: Teks Kedua (C) | E20: Persoalan Tes #1: Periksa apakah teks di sel B21 sama persis dengan teks di sel C21 menggunakan fungsi EXACT!
B21: Cabang | C21: Cabang | E21: ✏️ KETIK RUMUS JAWABAN TES DI BAWAH: | F21: 📌 STATUS KOREKSI JAWABAN TES:
B22: Siti | C22: Aminah | F22: =IF(ISBLANK(E22), "⏳ Belum Diisi (Ketik Rumus di Sel Kuning E22)", IF(E22='99_KUNCI_JAWABAN'!F115, "✅ BENAR! JAWABAN TES TEPAT!", "❌ Belum Tepat (Cek Sheet Akhir: 99_KUNCI_JAWABAN)"))
B23: Andi | C23: Pratama
B24: Rina | C24: Wijaya
B27: 📝 SOAL TES #2: Kasus HRD, Gaji & Lembur Karyawan
B28: Teks Pertama (B) | C28: Teks Kedua (C) | E28: Persoalan Tes #2: Periksa apakah teks di sel B29 sama persis dengan teks di sel C29 menggunakan fungsi EXACT!
B29: Budi | C29: Budi | E29: ✏️ KETIK RUMUS JAWABAN TES DI BAWAH: | F29: 📌 STATUS KOREKSI JAWABAN TES:
B30: Siti | C30: Aminah | F30: =IF(ISBLANK(E30), "⏳ Belum Diisi (Ketik Rumus di Sel Kuning E30)", IF(E30='99_KUNCI_JAWABAN'!F116, "✅ BENAR! JAWABAN TES TEPAT!", "❌ Belum Tepat (Cek Sheet Akhir: 99_KUNCI_JAWABAN)"))
B31: Andi | C31: Pratama
B32: Rina | C32: Wijaya
B35: 📝 SOAL TES #3: Kasus Logistik & Stok Gudang Utama
B36: Teks Pertama (B) | C36: Teks Kedua (C) | E36: Persoalan Tes #3: Periksa apakah teks di sel B37 sama persis dengan teks di sel C37 menggunakan fungsi EXACT!
B37: Gudang | C37: Gudang | E37: ✏️ KETIK RUMUS JAWABAN TES DI BAWAH: | F37: 📌 STATUS KOREKSI JAWABAN TES:
B38: Siti | C38: Aminah | F38: =IF(ISBLANK(E38), "⏳ Belum Diisi (Ketik Rumus di Sel Kuning E38)", IF(E38='99_KUNCI_JAWABAN'!F117, "✅ BENAR! JAWABAN TES TEPAT!", "❌ Belum Tepat (Cek Sheet Akhir: 99_KUNCI_JAWABAN)"))
B39: Andi | C39: Pratama
B40: Rina | C40: Wijaya
B43: 📝 SOAL TES #4: Kasus Penjualan Retail & Target Toko
B44: Teks Pertama (B) | C44: Teks Kedua (C) | E44: Persoalan Tes #4: Periksa apakah teks di sel B45 sama persis dengan teks di sel C45 menggunakan fungsi EXACT!
B45: Toko | C45: Toko | E45: ✏️ KETIK RUMUS JAWABAN TES DI BAWAH: | F45: 📌 STATUS KOREKSI JAWABAN TES:
B46: Siti | C46: Aminah | F46: =IF(ISBLANK(E46), "⏳ Belum Diisi (Ketik Rumus di Sel Kuning E46)", IF(E46='99_KUNCI_JAWABAN'!F118, "✅ BENAR! JAWABAN TES TEPAT!", "❌ Belum Tepat (Cek Sheet Akhir: 99_KUNCI_JAWABAN)"))
B47: Andi | C47: Pratama
B48: Rina | C48: Wijaya
B51: 📝 SOAL TES #5: Kasus Akademik Sekolah & Layanan Publik
B52: Teks Pertama (B) | C52: Teks Kedua (C) | E52: Persoalan Tes #5: Periksa apakah teks di sel B53 sama persis dengan teks di sel C53 menggunakan fungsi EXACT!
B53: Kelas | C53: Kelas | E53: ✏️ KETIK RUMUS JAWABAN TES DI BAWAH: | F53: 📌 STATUS KOREKSI JAWABAN TES:
B54: Siti | C54: Aminah | F54: =IF(ISBLANK(E54), "⏳ Belum Diisi (Ketik Rumus di Sel Kuning E54)", IF(E54='99_KUNCI_JAWABAN'!F119, "✅ BENAR! JAWABAN TES TEPAT!", "❌ Belum Tepat (Cek Sheet Akhir: 99_KUNCI_JAWABAN)"))
B55: Andi | C55: Pratama
B56: Rina | C56: Wijaya

Sheet FIND
B1: 📊 #024 — RUMUS EXCEL: FIND | Kategori: 4. Pengolahan Teks
B2: 1 Rumus = 1 Contoh Soal + Jawaban Benar & 5 Soal Tes Mandiri (Kunci Jawaban Ada di Sheet Paling Terakhir) | F2: ⬅️ Ke Daftar Isi (00_DAFTAR_ISI) | G2: 🔑 Ke Kunci Jawaban (Sheet Akhir)
B4: 1️⃣ IDENTITAS RUMUS & FUNGSINYA BUAT APA? (FIND)
B5: Nama Rumus Excel | C5: =FIND(...)
B6: Sintaks / Pola Umum | C6: =FIND(teks_dicari, di_dalam_teks)
B7: 👶 Fungsinya Buat Apa? | C7: Mencari tahu suatu huruf atau simbol berada pada urutan karakter ke berapa (membedakan huruf besar dan kecil).
B9: 2️⃣ 1 CONTOH SOAL & CONTOH JAWABAN BENAR (PELAJARI POLA RUMUS FIND DI SINI)
B10: Cabang | C10: Kode Nomor | E10: ✅ 1 CONTOH SOAL BESERTA CONTOH RUMUS & HASIL JAWABAN BENAR:
B11: Simulasi Unit A | C11: KODE6-001 | E11: Contoh Soal: | F11: Cari nomor urut posisi karakter strip "-" di dalam sel C11 menggunakan fungsi FIND!
B12: Simulasi Unit B | C12: BDG-002 | E12: Contoh Rumus Benar: | F12: '=FIND("-", C11)
B13: Simulasi Unit C | C13: SBY-003 | E13: Contoh Hasil Benar: | F13: =FIND("-", C11)
B14: Simulasi Unit D | C14: MDN-004
B16: 3️⃣ 5 SOAL TES DUNIA NYATA — KERJAKAN DI KOTAK KUNING (TANPA KUNCI RUMUS / HASIL DI SINI!)
B17: 📌 Catatan Tes: Soal Tes #1 s/d #5 di bawah ini tidak menampilkan kunci rumus maupun hasil. Kunci jawaban lengkap tersedia di sheet paling terakhir (99_KUNCI_JAWABAN).
B19: 📝 SOAL TES #1: Kasus Keuangan & Akuntansi Kantor
B20: Cabang | C20: Kode Nomor | E20: Persoalan Tes #1: Cari nomor urut posisi karakter strip "-" di dalam sel C21 menggunakan fungsi FIND!
B21: Cabang Jakarta | C21: KODE1-001 | E21: ✏️ KETIK RUMUS JAWABAN TES DI BAWAH: | F21: 📌 STATUS KOREKSI JAWABAN TES:
B22: Cabang Bandung | C22: BDG-002 | F22: =IF(ISBLANK(E22), "⏳ Belum Diisi (Ketik Rumus di Sel Kuning E22)", IF(E22='99_KUNCI_JAWABAN'!F120, "✅ BENAR! JAWABAN TES TEPAT!", "❌ Belum Tepat (Cek Sheet Akhir: 99_KUNCI_JAWABAN)"))
B23: Cabang Surabaya | C23: SBY-003
B24: Cabang Medan | C24: MDN-004
B27: 📝 SOAL TES #2: Kasus HRD, Gaji & Lembur Karyawan
B28: Cabang | C28: Kode Nomor | E28: Persoalan Tes #2: Cari nomor urut posisi karakter strip "-" di dalam sel C29 menggunakan fungsi FIND!
B29: Budi Santoso | C29: KODE2-001 | E29: ✏️ KETIK RUMUS JAWABAN TES DI BAWAH: | F29: 📌 STATUS KOREKSI JAWABAN TES:
B30: Siti Aminah | C30: BDG-002 | F30: =IF(ISBLANK(E30), "⏳ Belum Diisi (Ketik Rumus di Sel Kuning E30)", IF(E30='99_KUNCI_JAWABAN'!F121, "✅ BENAR! JAWABAN TES TEPAT!", "❌ Belum Tepat (Cek Sheet Akhir: 99_KUNCI_JAWABAN)"))
B31: Andi Pratama | C31: SBY-003
B32: Rina Wijaya | C32: MDN-004
B35: 📝 SOAL TES #3: Kasus Logistik & Stok Gudang Utama
B36: Cabang | C36: Kode Nomor | E36: Persoalan Tes #3: Cari nomor urut posisi karakter strip "-" di dalam sel C37 menggunakan fungsi FIND!
B37: Gudang Blok A | C37: KODE3-001 | E37: ✏️ KETIK RUMUS JAWABAN TES DI BAWAH: | F37: 📌 STATUS KOREKSI JAWABAN TES:
B38: Gudang Blok B | C38: BDG-002 | F38: =IF(ISBLANK(E38), "⏳ Belum Diisi (Ketik Rumus di Sel Kuning E38)", IF(E38='99_KUNCI_JAWABAN'!F122, "✅ BENAR! JAWABAN TES TEPAT!", "❌ Belum Tepat (Cek Sheet Akhir: 99_KUNCI_JAWABAN)"))
B39: Gudang Blok C | C39: SBY-003
B40: Gudang Blok D | C40: MDN-004
B43: 📝 SOAL TES #4: Kasus Penjualan Retail & Target Toko
B44: Cabang | C44: Kode Nomor | E44: Persoalan Tes #4: Cari nomor urut posisi karakter strip "-" di dalam sel C45 menggunakan fungsi FIND!
B45: Toko Elektronik | C45: KODE4-001 | E45: ✏️ KETIK RUMUS JAWABAN TES DI BAWAH: | F45: 📌 STATUS KOREKSI JAWABAN TES:
B46: Toko Komputer | C46: BDG-002 | F46: =IF(ISBLANK(E46), "⏳ Belum Diisi (Ketik Rumus di Sel Kuning E46)", IF(E46='99_KUNCI_JAWABAN'!F123, "✅ BENAR! JAWABAN TES TEPAT!", "❌ Belum Tepat (Cek Sheet Akhir: 99_KUNCI_JAWABAN)"))
B47: Toko Aksesoris | C47: SBY-003
B48: Toko Servis | C48: MDN-004
B51: 📝 SOAL TES #5: Kasus Akademik Sekolah & Layanan Publik
B52: Cabang | C52: Kode Nomor | E52: Persoalan Tes #5: Cari nomor urut posisi karakter strip "-" di dalam sel C53 menggunakan fungsi FIND!
B53: Kelas 10 IPA | C53: KODE5-001 | E53: ✏️ KETIK RUMUS JAWABAN TES DI BAWAH: | F53: 📌 STATUS KOREKSI JAWABAN TES:
B54: Kelas 11 IPA | C54: BDG-002 | F54: =IF(ISBLANK(E54), "⏳ Belum Diisi (Ketik Rumus di Sel Kuning E54)", IF(E54='99_KUNCI_JAWABAN'!F124, "✅ BENAR! JAWABAN TES TEPAT!", "❌ Belum Tepat (Cek Sheet Akhir: 99_KUNCI_JAWABAN)"))
B55: Kelas 12 IPA | C55: SBY-003
B56: Kelas Unggulan | C56: MDN-004

Sheet SEARCH
B1: 📊 #025 — RUMUS EXCEL: SEARCH | Kategori: 4. Pengolahan Teks
B2: 1 Rumus = 1 Contoh Soal + Jawaban Benar & 5 Soal Tes Mandiri (Kunci Jawaban Ada di Sheet Paling Terakhir) | F2: ⬅️ Ke Daftar Isi (00_DAFTAR_ISI) | G2: 🔑 Ke Kunci Jawaban (Sheet Akhir)
B4: 1️⃣ IDENTITAS RUMUS & FUNGSINYA BUAT APA? (SEARCH)
B5: Nama Rumus Excel | C5: =SEARCH(...)
B6: Sintaks / Pola Umum | C6: =SEARCH(teks_dicari, di_dalam_teks)
B7: 👶 Fungsinya Buat Apa? | C7: Sama seperti FIND (mencari posisi urutan huruf), tetapi TIDAK membedakan huruf besar maupun kecil!
B9: 2️⃣ 1 CONTOH SOAL & CONTOH JAWABAN BENAR (PELAJARI POLA RUMUS SEARCH DI SINI)
B10: Cabang | C10: Kode Nomor | E10: ✅ 1 CONTOH SOAL BESERTA CONTOH RUMUS & HASIL JAWABAN BENAR:
B11: Simulasi Unit A | C11: KODE6-001 | E11: Contoh Soal: | F11: Cari nomor urut posisi karakter strip "-" di dalam sel C11 menggunakan fungsi SEARCH!
B12: Simulasi Unit B | C12: BDG-002 | E12: Contoh Rumus Benar: | F12: '=SEARCH("-", C11)
B13: Simulasi Unit C | C13: SBY-003 | E13: Contoh Hasil Benar: | F13: =SEARCH("-", C11)
B14: Simulasi Unit D | C14: MDN-004
B16: 3️⃣ 5 SOAL TES DUNIA NYATA — KERJAKAN DI KOTAK KUNING (TANPA KUNCI RUMUS / HASIL DI SINI!)
B17: 📌 Catatan Tes: Soal Tes #1 s/d #5 di bawah ini tidak menampilkan kunci rumus maupun hasil. Kunci jawaban lengkap tersedia di sheet paling terakhir (99_KUNCI_JAWABAN).
B19: 📝 SOAL TES #1: Kasus Keuangan & Akuntansi Kantor
B20: Cabang | C20: Kode Nomor | E20: Persoalan Tes #1: Cari nomor urut posisi karakter strip "-" di dalam sel C21 menggunakan fungsi SEARCH!
B21: Cabang Jakarta | C21: KODE1-001 | E21: ✏️ KETIK RUMUS JAWABAN TES DI BAWAH: | F21: 📌 STATUS KOREKSI JAWABAN TES:
B22: Cabang Bandung | C22: BDG-002 | F22: =IF(ISBLANK(E22), "⏳ Belum Diisi (Ketik Rumus di Sel Kuning E22)", IF(E22='99_KUNCI_JAWABAN'!F125, "✅ BENAR! JAWABAN TES TEPAT!", "❌ Belum Tepat (Cek Sheet Akhir: 99_KUNCI_JAWABAN)"))
B23: Cabang Surabaya | C23: SBY-003
B24: Cabang Medan | C24: MDN-004
B27: 📝 SOAL TES #2: Kasus HRD, Gaji & Lembur Karyawan
B28: Cabang | C28: Kode Nomor | E28: Persoalan Tes #2: Cari nomor urut posisi karakter strip "-" di dalam sel C29 menggunakan fungsi SEARCH!
B29: Budi Santoso | C29: KODE2-001 | E29: ✏️ KETIK RUMUS JAWABAN TES DI BAWAH: | F29: 📌 STATUS KOREKSI JAWABAN TES:
B30: Siti Aminah | C30: BDG-002 | F30: =IF(ISBLANK(E30), "⏳ Belum Diisi (Ketik Rumus di Sel Kuning E30)", IF(E30='99_KUNCI_JAWABAN'!F126, "✅ BENAR! JAWABAN TES TEPAT!", "❌ Belum Tepat (Cek Sheet Akhir: 99_KUNCI_JAWABAN)"))
B31: Andi Pratama | C31: SBY-003
B32: Rina Wijaya | C32: MDN-004
B35: 📝 SOAL TES #3: Kasus Logistik & Stok Gudang Utama
B36: Cabang | C36: Kode Nomor | E36: Persoalan Tes #3: Cari nomor urut posisi karakter strip "-" di dalam sel C37 menggunakan fungsi SEARCH!
B37: Gudang Blok A | C37: KODE3-001 | E37: ✏️ KETIK RUMUS JAWABAN TES DI BAWAH: | F37: 📌 STATUS KOREKSI JAWABAN TES:
B38: Gudang Blok B | C38: BDG-002 | F38: =IF(ISBLANK(E38), "⏳ Belum Diisi (Ketik Rumus di Sel Kuning E38)", IF(E38='99_KUNCI_JAWABAN'!F127, "✅ BENAR! JAWABAN TES TEPAT!", "❌ Belum Tepat (Cek Sheet Akhir: 99_KUNCI_JAWABAN)"))
B39: Gudang Blok C | C39: SBY-003
B40: Gudang Blok D | C40: MDN-004
B43: 📝 SOAL TES #4: Kasus Penjualan Retail & Target Toko
B44: Cabang | C44: Kode Nomor | E44: Persoalan Tes #4: Cari nomor urut posisi karakter strip "-" di dalam sel C45 menggunakan fungsi SEARCH!
B45: Toko Elektronik | C45: KODE4-001 | E45: ✏️ KETIK RUMUS JAWABAN TES DI BAWAH: | F45: 📌 STATUS KOREKSI JAWABAN TES:
B46: Toko Komputer | C46: BDG-002 | F46: =IF(ISBLANK(E46), "⏳ Belum Diisi (Ketik Rumus di Sel Kuning E46)", IF(E46='99_KUNCI_JAWABAN'!F128, "✅ BENAR! JAWABAN TES TEPAT!", "❌ Belum Tepat (Cek Sheet Akhir: 99_KUNCI_JAWABAN)"))
B47: Toko Aksesoris | C47: SBY-003
B48: Toko Servis | C48: MDN-004
B51: 📝 SOAL TES #5: Kasus Akademik Sekolah & Layanan Publik
B52: Cabang | C52: Kode Nomor | E52: Persoalan Tes #5: Cari nomor urut posisi karakter strip "-" di dalam sel C53 menggunakan fungsi SEARCH!
B53: Kelas 10 IPA | C53: KODE5-001 | E53: ✏️ KETIK RUMUS JAWABAN TES DI BAWAH: | F53: 📌 STATUS KOREKSI JAWABAN TES:
B54: Kelas 11 IPA | C54: BDG-002 | F54: =IF(ISBLANK(E54), "⏳ Belum Diisi (Ketik Rumus di Sel Kuning E54)", IF(E54='99_KUNCI_JAWABAN'!F129, "✅ BENAR! JAWABAN TES TEPAT!", "❌ Belum Tepat (Cek Sheet Akhir: 99_KUNCI_JAWABAN)"))
B55: Kelas 12 IPA | C55: SBY-003
B56: Kelas Unggulan | C56: MDN-004

Sheet SUBSTITUTE
B1: 📊 #026 — RUMUS EXCEL: SUBSTITUTE | Kategori: 4. Pengolahan Teks
B2: 1 Rumus = 1 Contoh Soal + Jawaban Benar & 5 Soal Tes Mandiri (Kunci Jawaban Ada di Sheet Paling Terakhir) | F2: ⬅️ Ke Daftar Isi (00_DAFTAR_ISI) | G2: 🔑 Ke Kunci Jawaban (Sheet Akhir)
B4: 1️⃣ IDENTITAS RUMUS & FUNGSINYA BUAT APA? (SUBSTITUTE)
B5: Nama Rumus Excel | C5: =SUBSTITUTE(...)
B6: Sintaks / Pola Umum | C6: =SUBSTITUTE(teks, teks_lama, teks_baru)
B7: 👶 Fungsinya Buat Apa? | C7: Mengganti kata atau simbol tertentu di dalam sel dengan kata/simbol baru secara otomatis (misal ganti tanda '-' menjadi '/').
B9: 2️⃣ 1 CONTOH SOAL & CONTOH JAWABAN BENAR (PELAJARI POLA RUMUS SUBSTITUTE DI SINI)
B10: Dokumen | C10: Tanggal Teks | E10: ✅ 1 CONTOH SOAL BESERTA CONTOH RUMUS & HASIL JAWABAN BENAR:
B11: Simulasi Unit A | C11: 2026-06-12 | E11: Contoh Soal: | F11: Ubah seluruh tanda strip "-" menjadi garis miring "/" pada sel C11 menggunakan fungsi SUBSTITUTE!
B12: Simulasi Unit B | C12: 2026-11-01 | E12: Contoh Rumus Benar: | F12: '=SUBSTITUTE(C11, "-", "/")
B13: Simulasi Unit C | C13: 2026-12-15 | E13: Contoh Hasil Benar: | F13: =SUBSTITUTE(C11, "-", "/")
B14: Simulasi Unit D | C14: 2026-08-17
B16: 3️⃣ 5 SOAL TES DUNIA NYATA — KERJAKAN DI KOTAK KUNING (TANPA KUNCI RUMUS / HASIL DI SINI!)
B17: 📌 Catatan Tes: Soal Tes #1 s/d #5 di bawah ini tidak menampilkan kunci rumus maupun hasil. Kunci jawaban lengkap tersedia di sheet paling terakhir (99_KUNCI_JAWABAN).
B19: 📝 SOAL TES #1: Kasus Keuangan & Akuntansi Kantor
B20: Dokumen | C20: Tanggal Teks | E20: Persoalan Tes #1: Ubah seluruh tanda strip "-" menjadi garis miring "/" pada sel C21 menggunakan fungsi SUBSTITUTE!
B21: Cabang Jakarta | C21: 2026-01-12 | E21: ✏️ KETIK RUMUS JAWABAN TES DI BAWAH: | F21: 📌 STATUS KOREKSI JAWABAN TES:
B22: Cabang Bandung | C22: 2026-11-01 | F22: =IF(ISBLANK(E22), "⏳ Belum Diisi (Ketik Rumus di Sel Kuning E22)", IF(E22='99_KUNCI_JAWABAN'!F130, "✅ BENAR! JAWABAN TES TEPAT!", "❌ Belum Tepat (Cek Sheet Akhir: 99_KUNCI_JAWABAN)"))
B23: Cabang Surabaya | C23: 2026-12-15
B24: Cabang Medan | C24: 2026-08-17
B27: 📝 SOAL TES #2: Kasus HRD, Gaji & Lembur Karyawan
B28: Dokumen | C28: Tanggal Teks | E28: Persoalan Tes #2: Ubah seluruh tanda strip "-" menjadi garis miring "/" pada sel C29 menggunakan fungsi SUBSTITUTE!
B29: Budi Santoso | C29: 2026-02-12 | E29: ✏️ KETIK RUMUS JAWABAN TES DI BAWAH: | F29: 📌 STATUS KOREKSI JAWABAN TES:
B30: Siti Aminah | C30: 2026-11-01 | F30: =IF(ISBLANK(E30), "⏳ Belum Diisi (Ketik Rumus di Sel Kuning E30)", IF(E30='99_KUNCI_JAWABAN'!F131, "✅ BENAR! JAWABAN TES TEPAT!", "❌ Belum Tepat (Cek Sheet Akhir: 99_KUNCI_JAWABAN)"))
B31: Andi Pratama | C31: 2026-12-15
B32: Rina Wijaya | C32: 2026-08-17
B35: 📝 SOAL TES #3: Kasus Logistik & Stok Gudang Utama
B36: Dokumen | C36: Tanggal Teks | E36: Persoalan Tes #3: Ubah seluruh tanda strip "-" menjadi garis miring "/" pada sel C37 menggunakan fungsi SUBSTITUTE!
B37: Gudang Blok A | C37: 2026-03-12 | E37: ✏️ KETIK RUMUS JAWABAN TES DI BAWAH: | F37: 📌 STATUS KOREKSI JAWABAN TES:
B38: Gudang Blok B | C38: 2026-11-01 | F38: =IF(ISBLANK(E38), "⏳ Belum Diisi (Ketik Rumus di Sel Kuning E38)", IF(E38='99_KUNCI_JAWABAN'!F132, "✅ BENAR! JAWABAN TES TEPAT!", "❌ Belum Tepat (Cek Sheet Akhir: 99_KUNCI_JAWABAN)"))
B39: Gudang Blok C | C39: 2026-12-15
B40: Gudang Blok D | C40: 2026-08-17
B43: 📝 SOAL TES #4: Kasus Penjualan Retail & Target Toko
B44: Dokumen | C44: Tanggal Teks | E44: Persoalan Tes #4: Ubah seluruh tanda strip "-" menjadi garis miring "/" pada sel C45 menggunakan fungsi SUBSTITUTE!
B45: Toko Elektronik | C45: 2026-04-12 | E45: ✏️ KETIK RUMUS JAWABAN TES DI BAWAH: | F45: 📌 STATUS KOREKSI JAWABAN TES:
B46: Toko Komputer | C46: 2026-11-01 | F46: =IF(ISBLANK(E46), "⏳ Belum Diisi (Ketik Rumus di Sel Kuning E46)", IF(E46='99_KUNCI_JAWABAN'!F133, "✅ BENAR! JAWABAN TES TEPAT!", "❌ Belum Tepat (Cek Sheet Akhir: 99_KUNCI_JAWABAN)"))
B47: Toko Aksesoris | C47: 2026-12-15
B48: Toko Servis | C48: 2026-08-17
B51: 📝 SOAL TES #5: Kasus Akademik Sekolah & Layanan Publik
B52: Dokumen | C52: Tanggal Teks | E52: Persoalan Tes #5: Ubah seluruh tanda strip "-" menjadi garis miring "/" pada sel C53 menggunakan fungsi SUBSTITUTE!
B53: Kelas 10 IPA | C53: 2026-05-12 | E53: ✏️ KETIK RUMUS JAWABAN TES DI BAWAH: | F53: 📌 STATUS KOREKSI JAWABAN TES:
B54: Kelas 11 IPA | C54: 2026-11-01 | F54: =IF(ISBLANK(E54), "⏳ Belum Diisi (Ketik Rumus di Sel Kuning E54)", IF(E54='99_KUNCI_JAWABAN'!F134, "✅ BENAR! JAWABAN TES TEPAT!", "❌ Belum Tepat (Cek Sheet Akhir: 99_KUNCI_JAWABAN)"))
B55: Kelas 12 IPA | C55: 2026-12-15
B56: Kelas Unggulan | C56: 2026-08-17

Sheet REPLACE
B1: 📊 #027 — RUMUS EXCEL: REPLACE | Kategori: 4. Pengolahan Teks
B2: 1 Rumus = 1 Contoh Soal + Jawaban Benar & 5 Soal Tes Mandiri (Kunci Jawaban Ada di Sheet Paling Terakhir) | F2: ⬅️ Ke Daftar Isi (00_DAFTAR_ISI) | G2: 🔑 Ke Kunci Jawaban (Sheet Akhir)
B4: 1️⃣ IDENTITAS RUMUS & FUNGSINYA BUAT APA? (REPLACE)
B5: Nama Rumus Excel | C5: =REPLACE(...)
B6: Sintaks / Pola Umum | C6: =REPLACE(teks_lama, posisi_mulai, jumlah_diganti, teks_baru)
B7: 👶 Fungsinya Buat Apa? | C7: Mengganti sebagian isi teks berdasarkan posisi nomor urut karakter dan panjang huruf yang ingin ditimpa.
B9: 2️⃣ 1 CONTOH SOAL & CONTOH JAWABAN BENAR (PELAJARI POLA RUMUS REPLACE DI SINI)
B10: Wilayah | C10: Kode Lama | E10: ✅ 1 CONTOH SOAL BESERTA CONTOH RUMUS & HASIL JAWABAN BENAR:
B11: Simulasi Unit A | C11: ID-10555 | E11: Contoh Soal: | F11: Ganti 2 karakter pertama mulai posisi ke-1 pada sel C11 dengan teks "INA" menggunakan fungsi REPLACE!
B12: Simulasi Unit B | C12: ID-67890 | E12: Contoh Rumus Benar: | F12: '=REPLACE(C11, 1, 2, "INA")
B13: Simulasi Unit C | C13: ID-54321 | E13: Contoh Hasil Benar: | F13: =REPLACE(C11, 1, 2, "INA")
B14: Simulasi Unit D | C14: ID-98765
B16: 3️⃣ 5 SOAL TES DUNIA NYATA — KERJAKAN DI KOTAK KUNING (TANPA KUNCI RUMUS / HASIL DI SINI!)
B17: 📌 Catatan Tes: Soal Tes #1 s/d #5 di bawah ini tidak menampilkan kunci rumus maupun hasil. Kunci jawaban lengkap tersedia di sheet paling terakhir (99_KUNCI_JAWABAN).
B19: 📝 SOAL TES #1: Kasus Keuangan & Akuntansi Kantor
B20: Wilayah | C20: Kode Lama | E20: Persoalan Tes #1: Ganti 2 karakter pertama mulai posisi ke-1 pada sel C21 dengan teks "INA" menggunakan fungsi REPLACE!
B21: Cabang Jakarta | C21: ID-10000 | E21: ✏️ KETIK RUMUS JAWABAN TES DI BAWAH: | F21: 📌 STATUS KOREKSI JAWABAN TES:
B22: Cabang Bandung | C22: ID-67890 | F22: =IF(ISBLANK(E22), "⏳ Belum Diisi (Ketik Rumus di Sel Kuning E22)", IF(E22='99_KUNCI_JAWABAN'!F135, "✅ BENAR! JAWABAN TES TEPAT!", "❌ Belum Tepat (Cek Sheet Akhir: 99_KUNCI_JAWABAN)"))
B23: Cabang Surabaya | C23: ID-54321
B24: Cabang Medan | C24: ID-98765
B27: 📝 SOAL TES #2: Kasus HRD, Gaji & Lembur Karyawan
B28: Wilayah | C28: Kode Lama | E28: Persoalan Tes #2: Ganti 2 karakter pertama mulai posisi ke-1 pada sel C29 dengan teks "INA" menggunakan fungsi REPLACE!
B29: Budi Santoso | C29: ID-10111 | E29: ✏️ KETIK RUMUS JAWABAN TES DI BAWAH: | F29: 📌 STATUS KOREKSI JAWABAN TES:
B30: Siti Aminah | C30: ID-67890 | F30: =IF(ISBLANK(E30), "⏳ Belum Diisi (Ketik Rumus di Sel Kuning E30)", IF(E30='99_KUNCI_JAWABAN'!F136, "✅ BENAR! JAWABAN TES TEPAT!", "❌ Belum Tepat (Cek Sheet Akhir: 99_KUNCI_JAWABAN)"))
B31: Andi Pratama | C31: ID-54321
B32: Rina Wijaya | C32: ID-98765
B35: 📝 SOAL TES #3: Kasus Logistik & Stok Gudang Utama
B36: Wilayah | C36: Kode Lama | E36: Persoalan Tes #3: Ganti 2 karakter pertama mulai posisi ke-1 pada sel C37 dengan teks "INA" menggunakan fungsi REPLACE!
B37: Gudang Blok A | C37: ID-10222 | E37: ✏️ KETIK RUMUS JAWABAN TES DI BAWAH: | F37: 📌 STATUS KOREKSI JAWABAN TES:
B38: Gudang Blok B | C38: ID-67890 | F38: =IF(ISBLANK(E38), "⏳ Belum Diisi (Ketik Rumus di Sel Kuning E38)", IF(E38='99_KUNCI_JAWABAN'!F137, "✅ BENAR! JAWABAN TES TEPAT!", "❌ Belum Tepat (Cek Sheet Akhir: 99_KUNCI_JAWABAN)"))
B39: Gudang Blok C | C39: ID-54321
B40: Gudang Blok D | C40: ID-98765
B43: 📝 SOAL TES #4: Kasus Penjualan Retail & Target Toko
B44: Wilayah | C44: Kode Lama | E44: Persoalan Tes #4: Ganti 2 karakter pertama mulai posisi ke-1 pada sel C45 dengan teks "INA" menggunakan fungsi REPLACE!
B45: Toko Elektronik | C45: ID-10333 | E45: ✏️ KETIK RUMUS JAWABAN TES DI BAWAH: | F45: 📌 STATUS KOREKSI JAWABAN TES:
B46: Toko Komputer | C46: ID-67890 | F46: =IF(ISBLANK(E46), "⏳ Belum Diisi (Ketik Rumus di Sel Kuning E46)", IF(E46='99_KUNCI_JAWABAN'!F138, "✅ BENAR! JAWABAN TES TEPAT!", "❌ Belum Tepat (Cek Sheet Akhir: 99_KUNCI_JAWABAN)"))
B47: Toko Aksesoris | C47: ID-54321
B48: Toko Servis | C48: ID-98765
B51: 📝 SOAL TES #5: Kasus Akademik Sekolah & Layanan Publik
B52: Wilayah | C52: Kode Lama | E52: Persoalan Tes #5: Ganti 2 karakter pertama mulai posisi ke-1 pada sel C53 dengan teks "INA" menggunakan fungsi REPLACE!
B53: Kelas 10 IPA | C53: ID-10444 | E53: ✏️ KETIK RUMUS JAWABAN TES DI BAWAH: | F53: 📌 STATUS KOREKSI JAWABAN TES:
B54: Kelas 11 IPA | C54: ID-67890 | F54: =IF(ISBLANK(E54), "⏳ Belum Diisi (Ketik Rumus di Sel Kuning E54)", IF(E54='99_KUNCI_JAWABAN'!F139, "✅ BENAR! JAWABAN TES TEPAT!", "❌ Belum Tepat (Cek Sheet Akhir: 99_KUNCI_JAWABAN)"))
B55: Kelas 12 IPA | C55: ID-54321
B56: Kelas Unggulan | C56: ID-98765

Sheet REPT
B1: 📊 #028 — RUMUS EXCEL: REPT | Kategori: 4. Pengolahan Teks
B2: 1 Rumus = 1 Contoh Soal + Jawaban Benar & 5 Soal Tes Mandiri (Kunci Jawaban Ada di Sheet Paling Terakhir) | F2: ⬅️ Ke Daftar Isi (00_DAFTAR_ISI) | G2: 🔑 Ke Kunci Jawaban (Sheet Akhir)
B4: 1️⃣ IDENTITAS RUMUS & FUNGSINYA BUAT APA? (REPT)
B5: Nama Rumus Excel | C5: =REPT(...)
B6: Sintaks / Pola Umum | C6: =REPT(teks, jumlah_ulang)
B7: 👶 Fungsinya Buat Apa? | C7: Mengulang teks atau simbol berkali-kali (sering dipakai membuat grafik bintang ⭐⭐⭐⭐⭐ langsung di dalam sel Excel!).
B9: 2️⃣ 1 CONTOH SOAL & CONTOH JAWABAN BENAR (PELAJARI POLA RUMUS REPT DI SINI)
B10: Karyawan | C10: Rating Bintang | E10: ✅ 1 CONTOH SOAL BESERTA CONTOH RUMUS & HASIL JAWABAN BENAR:
B11: Simulasi Unit A | C11: 2 | E11: Contoh Soal: | F11: Ulang simbol bintang "*" sebanyak angka rating di sel C11 (2) menggunakan fungsi REPT!
B12: Simulasi Unit B | C12: 4 | E12: Contoh Rumus Benar: | F12: '=REPT("*", C11)
B13: Simulasi Unit C | C13: 5 | E13: Contoh Hasil Benar: | F13: =REPT("*", C11)
B14: Simulasi Unit D | C14: 2
B16: 3️⃣ 5 SOAL TES DUNIA NYATA — KERJAKAN DI KOTAK KUNING (TANPA KUNCI RUMUS / HASIL DI SINI!)
B17: 📌 Catatan Tes: Soal Tes #1 s/d #5 di bawah ini tidak menampilkan kunci rumus maupun hasil. Kunci jawaban lengkap tersedia di sheet paling terakhir (99_KUNCI_JAWABAN).
B19: 📝 SOAL TES #1: Kasus Keuangan & Akuntansi Kantor
B20: Karyawan | C20: Rating Bintang | E20: Persoalan Tes #1: Ulang simbol bintang "*" sebanyak angka rating di sel C21 (2) menggunakan fungsi REPT!
B21: Cabang Jakarta | C21: 2 | E21: ✏️ KETIK RUMUS JAWABAN TES DI BAWAH: | F21: 📌 STATUS KOREKSI JAWABAN TES:
B22: Cabang Bandung | C22: 4 | F22: =IF(ISBLANK(E22), "⏳ Belum Diisi (Ketik Rumus di Sel Kuning E22)", IF(E22='99_KUNCI_JAWABAN'!F140, "✅ BENAR! JAWABAN TES TEPAT!", "❌ Belum Tepat (Cek Sheet Akhir: 99_KUNCI_JAWABAN)"))
B23: Cabang Surabaya | C23: 5
B24: Cabang Medan | C24: 2
B27: 📝 SOAL TES #2: Kasus HRD, Gaji & Lembur Karyawan
B28: Karyawan | C28: Rating Bintang | E28: Persoalan Tes #2: Ulang simbol bintang "*" sebanyak angka rating di sel C29 (3) menggunakan fungsi REPT!
B29: Budi Santoso | C29: 3 | E29: ✏️ KETIK RUMUS JAWABAN TES DI BAWAH: | F29: 📌 STATUS KOREKSI JAWABAN TES:
B30: Siti Aminah | C30: 4 | F30: =IF(ISBLANK(E30), "⏳ Belum Diisi (Ketik Rumus di Sel Kuning E30)", IF(E30='99_KUNCI_JAWABAN'!F141, "✅ BENAR! JAWABAN TES TEPAT!", "❌ Belum Tepat (Cek Sheet Akhir: 99_KUNCI_JAWABAN)"))
B31: Andi Pratama | C31: 5
B32: Rina Wijaya | C32: 2
B35: 📝 SOAL TES #3: Kasus Logistik & Stok Gudang Utama
B36: Karyawan | C36: Rating Bintang | E36: Persoalan Tes #3: Ulang simbol bintang "*" sebanyak angka rating di sel C37 (4) menggunakan fungsi REPT!
B37: Gudang Blok A | C37: 4 | E37: ✏️ KETIK RUMUS JAWABAN TES DI BAWAH: | F37: 📌 STATUS KOREKSI JAWABAN TES:
B38: Gudang Blok B | C38: 4 | F38: =IF(ISBLANK(E38), "⏳ Belum Diisi (Ketik Rumus di Sel Kuning E38)", IF(E38='99_KUNCI_JAWABAN'!F142, "✅ BENAR! JAWABAN TES TEPAT!", "❌ Belum Tepat (Cek Sheet Akhir: 99_KUNCI_JAWABAN)"))
B39: Gudang Blok C | C39: 5
B40: Gudang Blok D | C40: 2
B43: 📝 SOAL TES #4: Kasus Penjualan Retail & Target Toko
B44: Karyawan | C44: Rating Bintang | E44: Persoalan Tes #4: Ulang simbol bintang "*" sebanyak angka rating di sel C45 (5) menggunakan fungsi REPT!
B45: Toko Elektronik | C45: 5 | E45: ✏️ KETIK RUMUS JAWABAN TES DI BAWAH: | F45: 📌 STATUS KOREKSI JAWABAN TES:
B46: Toko Komputer | C46: 4 | F46: =IF(ISBLANK(E46), "⏳ Belum Diisi (Ketik Rumus di Sel Kuning E46)", IF(E46='99_KUNCI_JAWABAN'!F143, "✅ BENAR! JAWABAN TES TEPAT!", "❌ Belum Tepat (Cek Sheet Akhir: 99_KUNCI_JAWABAN)"))
B47: Toko Aksesoris | C47: 5
B48: Toko Servis | C48: 2
B51: 📝 SOAL TES #5: Kasus Akademik Sekolah & Layanan Publik
B52: Karyawan | C52: Rating Bintang | E52: Persoalan Tes #5: Ulang simbol bintang "*" sebanyak angka rating di sel C53 (6) menggunakan fungsi REPT!
B53: Kelas 10 IPA | C53: 6 | E53: ✏️ KETIK RUMUS JAWABAN TES DI BAWAH: | F53: 📌 STATUS KOREKSI JAWABAN TES:
B54: Kelas 11 IPA | C54: 4 | F54: =IF(ISBLANK(E54), "⏳ Belum Diisi (Ketik Rumus di Sel Kuning E54)", IF(E54='99_KUNCI_JAWABAN'!F144, "✅ BENAR! JAWABAN TES TEPAT!", "❌ Belum Tepat (Cek Sheet Akhir: 99_KUNCI_JAWABAN)"))
B55: Kelas 12 IPA | C55: 5
B56: Kelas Unggulan | C56: 2

Sheet VALUE
B1: 📊 #029 — RUMUS EXCEL: VALUE | Kategori: 4. Pengolahan Teks
B2: 1 Rumus = 1 Contoh Soal + Jawaban Benar & 5 Soal Tes Mandiri (Kunci Jawaban Ada di Sheet Paling Terakhir) | F2: ⬅️ Ke Daftar Isi (00_DAFTAR_ISI) | G2: 🔑 Ke Kunci Jawaban (Sheet Akhir)
B4: 1️⃣ IDENTITAS RUMUS & FUNGSINYA BUAT APA? (VALUE)
B5: Nama Rumus Excel | C5: =VALUE(...)
B6: Sintaks / Pola Umum | C6: =VALUE(teks_angka)
B7: 👶 Fungsinya Buat Apa? | C7: Mengubah angka yang berstatus 'Teks' (biasanya rata kiri dan tidak bisa di-SUM) kembali menjadi Angka Murni yang bisa dihitung!
B9: 2️⃣ 1 CONTOH SOAL & CONTOH JAWABAN BENAR (PELAJARI POLA RUMUS VALUE DI SINI)
B10: Item | C10: Teks Angka | E10: ✅ 1 CONTOH SOAL BESERTA CONTOH RUMUS & HASIL JAWABAN BENAR:
B11: Simulasi Unit A | C11: 3250 | E11: Contoh Soal: | F11: Konversikan teks angka pada sel C11 menjadi tipe data angka murni menggunakan fungsi VALUE!
B12: Simulasi Unit B | C12: 2500 | E12: Contoh Rumus Benar: | F12: '=VALUE(C11)
B13: Simulasi Unit C | C13: 3500 | E13: Contoh Hasil Benar: | F13: =VALUE(C11)
B14: Simulasi Unit D | C14: 4500
B16: 3️⃣ 5 SOAL TES DUNIA NYATA — KERJAKAN DI KOTAK KUNING (TANPA KUNCI RUMUS / HASIL DI SINI!)
B17: 📌 Catatan Tes: Soal Tes #1 s/d #5 di bawah ini tidak menampilkan kunci rumus maupun hasil. Kunci jawaban lengkap tersedia di sheet paling terakhir (99_KUNCI_JAWABAN).
B19: 📝 SOAL TES #1: Kasus Keuangan & Akuntansi Kantor
B20: Item | C20: Teks Angka | E20: Persoalan Tes #1: Konversikan teks angka pada sel C21 menjadi tipe data angka murni menggunakan fungsi VALUE!
B21: Cabang Jakarta | C21: 1500 | E21: ✏️ KETIK RUMUS JAWABAN TES DI BAWAH: | F21: 📌 STATUS KOREKSI JAWABAN TES:
B22: Cabang Bandung | C22: 2500 | F22: =IF(ISBLANK(E22), "⏳ Belum Diisi (Ketik Rumus di Sel Kuning E22)", IF(E22='99_KUNCI_JAWABAN'!F145, "✅ BENAR! JAWABAN TES TEPAT!", "❌ Belum Tepat (Cek Sheet Akhir: 99_KUNCI_JAWABAN)"))
B23: Cabang Surabaya | C23: 3500
B24: Cabang Medan | C24: 4500
B27: 📝 SOAL TES #2: Kasus HRD, Gaji & Lembur Karyawan
B28: Item | C28: Teks Angka | E28: Persoalan Tes #2: Konversikan teks angka pada sel C29 menjadi tipe data angka murni menggunakan fungsi VALUE!
B29: Budi Santoso | C29: 1850 | E29: ✏️ KETIK RUMUS JAWABAN TES DI BAWAH: | F29: 📌 STATUS KOREKSI JAWABAN TES:
B30: Siti Aminah | C30: 2500 | F30: =IF(ISBLANK(E30), "⏳ Belum Diisi (Ketik Rumus di Sel Kuning E30)", IF(E30='99_KUNCI_JAWABAN'!F146, "✅ BENAR! JAWABAN TES TEPAT!", "❌ Belum Tepat (Cek Sheet Akhir: 99_KUNCI_JAWABAN)"))
B31: Andi Pratama | C31: 3500
B32: Rina Wijaya | C32: 4500
B35: 📝 SOAL TES #3: Kasus Logistik & Stok Gudang Utama
B36: Item | C36: Teks Angka | E36: Persoalan Tes #3: Konversikan teks angka pada sel C37 menjadi tipe data angka murni menggunakan fungsi VALUE!
B37: Gudang Blok A | C37: 2200 | E37: ✏️ KETIK RUMUS JAWABAN TES DI BAWAH: | F37: 📌 STATUS KOREKSI JAWABAN TES:
B38: Gudang Blok B | C38: 2500 | F38: =IF(ISBLANK(E38), "⏳ Belum Diisi (Ketik Rumus di Sel Kuning E38)", IF(E38='99_KUNCI_JAWABAN'!F147, "✅ BENAR! JAWABAN TES TEPAT!", "❌ Belum Tepat (Cek Sheet Akhir: 99_KUNCI_JAWABAN)"))
B39: Gudang Blok C | C39: 3500
B40: Gudang Blok D | C40: 4500
B43: 📝 SOAL TES #4: Kasus Penjualan Retail & Target Toko
B44: Item | C44: Teks Angka | E44: Persoalan Tes #4: Konversikan teks angka pada sel C45 menjadi tipe data angka murni menggunakan fungsi VALUE!
B45: Toko Elektronik | C45: 2550 | E45: ✏️ KETIK RUMUS JAWABAN TES DI BAWAH: | F45: 📌 STATUS KOREKSI JAWABAN TES:
B46: Toko Komputer | C46: 2500 | F46: =IF(ISBLANK(E46), "⏳ Belum Diisi (Ketik Rumus di Sel Kuning E46)", IF(E46='99_KUNCI_JAWABAN'!F148, "✅ BENAR! JAWABAN TES TEPAT!", "❌ Belum Tepat (Cek Sheet Akhir: 99_KUNCI_JAWABAN)"))
B47: Toko Aksesoris | C47: 3500
B48: Toko Servis | C48: 4500
B51: 📝 SOAL TES #5: Kasus Akademik Sekolah & Layanan Publik
B52: Item | C52: Teks Angka | E52: Persoalan Tes #5: Konversikan teks angka pada sel C53 menjadi tipe data angka murni menggunakan fungsi VALUE!
B53: Kelas 10 IPA | C53: 2900 | E53: ✏️ KETIK RUMUS JAWABAN TES DI BAWAH: | F53: 📌 STATUS KOREKSI JAWABAN TES:
B54: Kelas 11 IPA | C54: 2500 | F54: =IF(ISBLANK(E54), "⏳ Belum Diisi (Ketik Rumus di Sel Kuning E54)", IF(E54='99_KUNCI_JAWABAN'!F149, "✅ BENAR! JAWABAN TES TEPAT!", "❌ Belum Tepat (Cek Sheet Akhir: 99_KUNCI_JAWABAN)"))
B55: Kelas 12 IPA | C55: 3500
B56: Kelas Unggulan | C56: 4500

Sheet TEXT
B1: 📊 #030 — RUMUS EXCEL: TEXT | Kategori: 4. Pengolahan Teks
B2: 1 Rumus = 1 Contoh Soal + Jawaban Benar & 5 Soal Tes Mandiri (Kunci Jawaban Ada di Sheet Paling Terakhir) | F2: ⬅️ Ke Daftar Isi (00_DAFTAR_ISI) | G2: 🔑 Ke Kunci Jawaban (Sheet Akhir)
B4: 1️⃣ IDENTITAS RUMUS & FUNGSINYA BUAT APA? (TEXT)
B5: Nama Rumus Excel | C5: =TEXT(...)
B6: Sintaks / Pola Umum | C6: =TEXT(nilai, format_tampilan)
B7: 👶 Fungsinya Buat Apa? | C7: Mengubah angka atau tanggal menjadi teks dengan format tampilan cantik sesuai keinginan (misal "#,##0").
B9: 2️⃣ 1 CONTOH SOAL & CONTOH JAWABAN BENAR (PELAJARI POLA RUMUS TEXT DI SINI)
B10: Pegawai | C10: Gaji Pokok | E10: ✅ 1 CONTOH SOAL BESERTA CONTOH RUMUS & HASIL JAWABAN BENAR:
B11: Simulasi Unit A | C11: 2750000 | E11: Contoh Soal: | F11: Format nilai angka di sel C11 ke dalam pola ribuan "#,##0" menggunakan fungsi TEXT!
B12: Simulasi Unit B | C12: 2500000 | E12: Contoh Rumus Benar: | F12: '=TEXT(C11, "#,##0")
B13: Simulasi Unit C | C13: 3200000 | E13: Contoh Hasil Benar: | F13: =TEXT(C11, "#,##0")
B14: Simulasi Unit D | C14: 4100000
B16: 3️⃣ 5 SOAL TES DUNIA NYATA — KERJAKAN DI KOTAK KUNING (TANPA KUNCI RUMUS / HASIL DI SINI!)
B17: 📌 Catatan Tes: Soal Tes #1 s/d #5 di bawah ini tidak menampilkan kunci rumus maupun hasil. Kunci jawaban lengkap tersedia di sheet paling terakhir (99_KUNCI_JAWABAN).
B19: 📝 SOAL TES #1: Kasus Keuangan & Akuntansi Kantor
B20: Pegawai | C20: Gaji Pokok | E20: Persoalan Tes #1: Format nilai angka di sel C21 ke dalam pola ribuan "#,##0" menggunakan fungsi TEXT!
B21: Cabang Jakarta | C21: 1500000 | E21: ✏️ KETIK RUMUS JAWABAN TES DI BAWAH: | F21: 📌 STATUS KOREKSI JAWABAN TES:
B22: Cabang Bandung | C22: 2500000 | F22: =IF(ISBLANK(E22), "⏳ Belum Diisi (Ketik Rumus di Sel Kuning E22)", IF(E22='99_KUNCI_JAWABAN'!F150, "✅ BENAR! JAWABAN TES TEPAT!", "❌ Belum Tepat (Cek Sheet Akhir: 99_KUNCI_JAWABAN)"))
B23: Cabang Surabaya | C23: 3200000
B24: Cabang Medan | C24: 4100000
B27: 📝 SOAL TES #2: Kasus HRD, Gaji & Lembur Karyawan
B28: Pegawai | C28: Gaji Pokok | E28: Persoalan Tes #2: Format nilai angka di sel C29 ke dalam pola ribuan "#,##0" menggunakan fungsi TEXT!
B29: Budi Santoso | C29: 1750000 | E29: ✏️ KETIK RUMUS JAWABAN TES DI BAWAH: | F29: 📌 STATUS KOREKSI JAWABAN TES:
B30: Siti Aminah | C30: 2500000 | F30: =IF(ISBLANK(E30), "⏳ Belum Diisi (Ketik Rumus di Sel Kuning E30)", IF(E30='99_KUNCI_JAWABAN'!F151, "✅ BENAR! JAWABAN TES TEPAT!", "❌ Belum Tepat (Cek Sheet Akhir: 99_KUNCI_JAWABAN)"))
B31: Andi Pratama | C31: 3200000
B32: Rina Wijaya | C32: 4100000
B35: 📝 SOAL TES #3: Kasus Logistik & Stok Gudang Utama
B36: Pegawai | C36: Gaji Pokok | E36: Persoalan Tes #3: Format nilai angka di sel C37 ke dalam pola ribuan "#,##0" menggunakan fungsi TEXT!
B37: Gudang Blok A | C37: 2000000 | E37: ✏️ KETIK RUMUS JAWABAN TES DI BAWAH: | F37: 📌 STATUS KOREKSI JAWABAN TES:
B38: Gudang Blok B | C38: 2500000 | F38: =IF(ISBLANK(E38), "⏳ Belum Diisi (Ketik Rumus di Sel Kuning E38)", IF(E38='99_KUNCI_JAWABAN'!F152, "✅ BENAR! JAWABAN TES TEPAT!", "❌ Belum Tepat (Cek Sheet Akhir: 99_KUNCI_JAWABAN)"))
B39: Gudang Blok C | C39: 3200000
B40: Gudang Blok D | C40: 4100000
B43: 📝 SOAL TES #4: Kasus Penjualan Retail & Target Toko
B44: Pegawai | C44: Gaji Pokok | E44: Persoalan Tes #4: Format nilai angka di sel C45 ke dalam pola ribuan "#,##0" menggunakan fungsi TEXT!
B45: Toko Elektronik | C45: 2250000 | E45: ✏️ KETIK RUMUS JAWABAN TES DI BAWAH: | F45: 📌 STATUS KOREKSI JAWABAN TES:
B46: Toko Komputer | C46: 2500000 | F46: =IF(ISBLANK(E46), "⏳ Belum Diisi (Ketik Rumus di Sel Kuning E46)", IF(E46='99_KUNCI_JAWABAN'!F153, "✅ BENAR! JAWABAN TES TEPAT!", "❌ Belum Tepat (Cek Sheet Akhir: 99_KUNCI_JAWABAN)"))
B47: Toko Aksesoris | C47: 3200000
B48: Toko Servis | C48: 4100000
B51: 📝 SOAL TES #5: Kasus Akademik Sekolah & Layanan Publik
B52: Pegawai | C52: Gaji Pokok | E52: Persoalan Tes #5: Format nilai angka di sel C53 ke dalam pola ribuan "#,##0" menggunakan fungsi TEXT!
B53: Kelas 10 IPA | C53: 2500000 | E53: ✏️ KETIK RUMUS JAWABAN TES DI BAWAH: | F53: 📌 STATUS KOREKSI JAWABAN TES:
B54: Kelas 11 IPA | C54: 2500000 | F54: =IF(ISBLANK(E54), "⏳ Belum Diisi (Ketik Rumus di Sel Kuning E54)", IF(E54='99_KUNCI_JAWABAN'!F154, "✅ BENAR! JAWABAN TES TEPAT!", "❌ Belum Tepat (Cek Sheet Akhir: 99_KUNCI_JAWABAN)"))
B55: Kelas 12 IPA | C55: 3200000
B56: Kelas Unggulan | C56: 4100000

Sheet DATE
B1: 📊 #031 — RUMUS EXCEL: DATE | Kategori: 5. Tanggal & Waktu HRD
B2: 1 Rumus = 1 Contoh Soal + Jawaban Benar & 5 Soal Tes Mandiri (Kunci Jawaban Ada di Sheet Paling Terakhir) | F2: ⬅️ Ke Daftar Isi (00_DAFTAR_ISI) | G2: 🔑 Ke Kunci Jawaban (Sheet Akhir)
B4: 1️⃣ IDENTITAS RUMUS & FUNGSINYA BUAT APA? (DATE)
B5: Nama Rumus Excel | C5: =DATE(...)
B6: Sintaks / Pola Umum | C6: =DATE(tahun, bulan, tanggal)
B7: 👶 Fungsinya Buat Apa? | C7: Merakit 3 angka terpisah (Tahun, Bulan, Hari) menjadi satu Tanggal Resmi Excel yang valid!
B9: 2️⃣ 1 CONTOH SOAL & CONTOH JAWABAN BENAR (PELAJARI POLA RUMUS DATE DI SINI)
B10: Tahun (B) | C10: Bulan (C) | E10: ✅ 1 CONTOH SOAL BESERTA CONTOH RUMUS & HASIL JAWABAN BENAR:
B11: 2026 | C11: 6 | E11: Contoh Soal: | F11: Susun tanggal resmi dari angka Tahun di B11, angka Bulan di C11, dan hari ke-15 menggunakan fungsi DATE!
B12: 2025 | C12: 6 | E12: Contoh Rumus Benar: | F12: '=DATE(B11, C11, 15)
B13: 2024 | C13: 8 | E13: Contoh Hasil Benar: | F13: =DATE(B11, C11, 15)
B14: 2023 | C14: 12
B16: 3️⃣ 5 SOAL TES DUNIA NYATA — KERJAKAN DI KOTAK KUNING (TANPA KUNCI RUMUS / HASIL DI SINI!)
B17: 📌 Catatan Tes: Soal Tes #1 s/d #5 di bawah ini tidak menampilkan kunci rumus maupun hasil. Kunci jawaban lengkap tersedia di sheet paling terakhir (99_KUNCI_JAWABAN).
B19: 📝 SOAL TES #1: Kasus Keuangan & Akuntansi Kantor
B20: Tahun (B) | C20: Bulan (C) | E20: Persoalan Tes #1: Susun tanggal resmi dari angka Tahun di B21, angka Bulan di C21, dan hari ke-15 menggunakan fungsi DATE!
B21: 2021 | C21: 1 | E21: ✏️ KETIK RUMUS JAWABAN TES DI BAWAH: | F21: 📌 STATUS KOREKSI JAWABAN TES:
B22: 2025 | C22: 6 | F22: =IF(ISBLANK(E22), "⏳ Belum Diisi (Ketik Rumus di Sel Kuning E22)", IF(E22='99_KUNCI_JAWABAN'!F155, "✅ BENAR! JAWABAN TES TEPAT!", "❌ Belum Tepat (Cek Sheet Akhir: 99_KUNCI_JAWABAN)"))
B23: 2024 | C23: 8
B24: 2023 | C24: 12
B27: 📝 SOAL TES #2: Kasus HRD, Gaji & Lembur Karyawan
B28: Tahun (B) | C28: Bulan (C) | E28: Persoalan Tes #2: Susun tanggal resmi dari angka Tahun di B29, angka Bulan di C29, dan hari ke-15 menggunakan fungsi DATE!
B29: 2022 | C29: 2 | E29: ✏️ KETIK RUMUS JAWABAN TES DI BAWAH: | F29: 📌 STATUS KOREKSI JAWABAN TES:
B30: 2025 | C30: 6 | F30: =IF(ISBLANK(E30), "⏳ Belum Diisi (Ketik Rumus di Sel Kuning E30)", IF(E30='99_KUNCI_JAWABAN'!F156, "✅ BENAR! JAWABAN TES TEPAT!", "❌ Belum Tepat (Cek Sheet Akhir: 99_KUNCI_JAWABAN)"))
B31: 2024 | C31: 8
B32: 2023 | C32: 12
B35: 📝 SOAL TES #3: Kasus Logistik & Stok Gudang Utama
B36: Tahun (B) | C36: Bulan (C) | E36: Persoalan Tes #3: Susun tanggal resmi dari angka Tahun di B37, angka Bulan di C37, dan hari ke-15 menggunakan fungsi DATE!
B37: 2023 | C37: 3 | E37: ✏️ KETIK RUMUS JAWABAN TES DI BAWAH: | F37: 📌 STATUS KOREKSI JAWABAN TES:
B38: 2025 | C38: 6 | F38: =IF(ISBLANK(E38), "⏳ Belum Diisi (Ketik Rumus di Sel Kuning E38)", IF(E38='99_KUNCI_JAWABAN'!F157, "✅ BENAR! JAWABAN TES TEPAT!", "❌ Belum Tepat (Cek Sheet Akhir: 99_KUNCI_JAWABAN)"))
B39: 2024 | C39: 8
B40: 2023 | C40: 12
B43: 📝 SOAL TES #4: Kasus Penjualan Retail & Target Toko
B44: Tahun (B) | C44: Bulan (C) | E44: Persoalan Tes #4: Susun tanggal resmi dari angka Tahun di B45, angka Bulan di C45, dan hari ke-15 menggunakan fungsi DATE!
B45: 2024 | C45: 4 | E45: ✏️ KETIK RUMUS JAWABAN TES DI BAWAH: | F45: 📌 STATUS KOREKSI JAWABAN TES:
B46: 2025 | C46: 6 | F46: =IF(ISBLANK(E46), "⏳ Belum Diisi (Ketik Rumus di Sel Kuning E46)", IF(E46='99_KUNCI_JAWABAN'!F158, "✅ BENAR! JAWABAN TES TEPAT!", "❌ Belum Tepat (Cek Sheet Akhir: 99_KUNCI_JAWABAN)"))
B47: 2024 | C47: 8
B48: 2023 | C48: 12
B51: 📝 SOAL TES #5: Kasus Akademik Sekolah & Layanan Publik
B52: Tahun (B) | C52: Bulan (C) | E52: Persoalan Tes #5: Susun tanggal resmi dari angka Tahun di B53, angka Bulan di C53, dan hari ke-15 menggunakan fungsi DATE!
B53: 2025 | C53: 5 | E53: ✏️ KETIK RUMUS JAWABAN TES DI BAWAH: | F53: 📌 STATUS KOREKSI JAWABAN TES:
B54: 2025 | C54: 6 | F54: =IF(ISBLANK(E54), "⏳ Belum Diisi (Ketik Rumus di Sel Kuning E54)", IF(E54='99_KUNCI_JAWABAN'!F159, "✅ BENAR! JAWABAN TES TEPAT!", "❌ Belum Tepat (Cek Sheet Akhir: 99_KUNCI_JAWABAN)"))
B55: 2024 | C55: 8
B56: 2023 | C56: 12

Sheet YEAR
B1: 📊 #032 — RUMUS EXCEL: YEAR | Kategori: 5. Tanggal & Waktu HRD
B2: 1 Rumus = 1 Contoh Soal + Jawaban Benar & 5 Soal Tes Mandiri (Kunci Jawaban Ada di Sheet Paling Terakhir) | F2: ⬅️ Ke Daftar Isi (00_DAFTAR_ISI) | G2: 🔑 Ke Kunci Jawaban (Sheet Akhir)
B4: 1️⃣ IDENTITAS RUMUS & FUNGSINYA BUAT APA? (YEAR)
B5: Nama Rumus Excel | C5: =YEAR(...)
B6: Sintaks / Pola Umum | C6: =YEAR(tanggal)
B7: 👶 Fungsinya Buat Apa? | C7: Mengambil angka TAHUN (4 digit, misal 2026) dari sebuah sel tanggal.
B9: 2️⃣ 1 CONTOH SOAL & CONTOH JAWABAN BENAR (PELAJARI POLA RUMUS YEAR DI SINI)
B10: Agenda Kantor | C10: Tanggal Kegiatan | E10: ✅ 1 CONTOH SOAL BESERTA CONTOH RUMUS & HASIL JAWABAN BENAR:
B11: Simulasi Unit A | C11: 46188 | E11: Contoh Soal: | F11: Ambil nilai YEAR dari tanggal kegiatan di sel C11 menggunakan fungsi YEAR!
B12: Simulasi Unit B | C12: 46193 | E12: Contoh Rumus Benar: | F12: '=YEAR(C11)
B13: Simulasi Unit C | C13: 46251 | E13: Contoh Hasil Benar: | F13: =YEAR(C11)
B14: Simulasi Unit D | C14: 46381
B16: 3️⃣ 5 SOAL TES DUNIA NYATA — KERJAKAN DI KOTAK KUNING (TANPA KUNCI RUMUS / HASIL DI SINI!)
B17: 📌 Catatan Tes: Soal Tes #1 s/d #5 di bawah ini tidak menampilkan kunci rumus maupun hasil. Kunci jawaban lengkap tersedia di sheet paling terakhir (99_KUNCI_JAWABAN).
B19: 📝 SOAL TES #1: Kasus Keuangan & Akuntansi Kantor
B20: Agenda Kantor | C20: Tanggal Kegiatan | E20: Persoalan Tes #1: Ambil nilai YEAR dari tanggal kegiatan di sel C21 menggunakan fungsi YEAR!
B21: Cabang Jakarta | C21: 46032 | E21: ✏️ KETIK RUMUS JAWABAN TES DI BAWAH: | F21: 📌 STATUS KOREKSI JAWABAN TES:
B22: Cabang Bandung | C22: 46193 | F22: =IF(ISBLANK(E22), "⏳ Belum Diisi (Ketik Rumus di Sel Kuning E22)", IF(E22='99_KUNCI_JAWABAN'!F160, "✅ BENAR! JAWABAN TES TEPAT!", "❌ Belum Tepat (Cek Sheet Akhir: 99_KUNCI_JAWABAN)"))
B23: Cabang Surabaya | C23: 46251
B24: Cabang Medan | C24: 46381
B27: 📝 SOAL TES #2: Kasus HRD, Gaji & Lembur Karyawan
B28: Agenda Kantor | C28: Tanggal Kegiatan | E28: Persoalan Tes #2: Ambil nilai YEAR dari tanggal kegiatan di sel C29 menggunakan fungsi YEAR!
B29: Budi Santoso | C29: 46064 | E29: ✏️ KETIK RUMUS JAWABAN TES DI BAWAH: | F29: 📌 STATUS KOREKSI JAWABAN TES:
B30: Siti Aminah | C30: 46193 | F30: =IF(ISBLANK(E30), "⏳ Belum Diisi (Ketik Rumus di Sel Kuning E30)", IF(E30='99_KUNCI_JAWABAN'!F161, "✅ BENAR! JAWABAN TES TEPAT!", "❌ Belum Tepat (Cek Sheet Akhir: 99_KUNCI_JAWABAN)"))
B31: Andi Pratama | C31: 46251
B32: Rina Wijaya | C32: 46381
B35: 📝 SOAL TES #3: Kasus Logistik & Stok Gudang Utama
B36: Agenda Kantor | C36: Tanggal Kegiatan | E36: Persoalan Tes #3: Ambil nilai YEAR dari tanggal kegiatan di sel C37 menggunakan fungsi YEAR!
B37: Gudang Blok A | C37: 46093 | E37: ✏️ KETIK RUMUS JAWABAN TES DI BAWAH: | F37: 📌 STATUS KOREKSI JAWABAN TES:
B38: Gudang Blok B | C38: 46193 | F38: =IF(ISBLANK(E38), "⏳ Belum Diisi (Ketik Rumus di Sel Kuning E38)", IF(E38='99_KUNCI_JAWABAN'!F162, "✅ BENAR! JAWABAN TES TEPAT!", "❌ Belum Tepat (Cek Sheet Akhir: 99_KUNCI_JAWABAN)"))
B39: Gudang Blok C | C39: 46251
B40: Gudang Blok D | C40: 46381
B43: 📝 SOAL TES #4: Kasus Penjualan Retail & Target Toko
B44: Agenda Kantor | C44: Tanggal Kegiatan | E44: Persoalan Tes #4: Ambil nilai YEAR dari tanggal kegiatan di sel C45 menggunakan fungsi YEAR!
B45: Toko Elektronik | C45: 46125 | E45: ✏️ KETIK RUMUS JAWABAN TES DI BAWAH: | F45: 📌 STATUS KOREKSI JAWABAN TES:
B46: Toko Komputer | C46: 46193 | F46: =IF(ISBLANK(E46), "⏳ Belum Diisi (Ketik Rumus di Sel Kuning E46)", IF(E46='99_KUNCI_JAWABAN'!F163, "✅ BENAR! JAWABAN TES TEPAT!", "❌ Belum Tepat (Cek Sheet Akhir: 99_KUNCI_JAWABAN)"))
B47: Toko Aksesoris | C47: 46251
B48: Toko Servis | C48: 46381
B51: 📝 SOAL TES #5: Kasus Akademik Sekolah & Layanan Publik
B52: Agenda Kantor | C52: Tanggal Kegiatan | E52: Persoalan Tes #5: Ambil nilai YEAR dari tanggal kegiatan di sel C53 menggunakan fungsi YEAR!
B53: Kelas 10 IPA | C53: 46156 | E53: ✏️ KETIK RUMUS JAWABAN TES DI BAWAH: | F53: 📌 STATUS KOREKSI JAWABAN TES:
B54: Kelas 11 IPA | C54: 46193 | F54: =IF(ISBLANK(E54), "⏳ Belum Diisi (Ketik Rumus di Sel Kuning E54)", IF(E54='99_KUNCI_JAWABAN'!F164, "✅ BENAR! JAWABAN TES TEPAT!", "❌ Belum Tepat (Cek Sheet Akhir: 99_KUNCI_JAWABAN)"))
B55: Kelas 12 IPA | C55: 46251
B56: Kelas Unggulan | C56: 46381

Sheet MONTH
B1: 📊 #033 — RUMUS EXCEL: MONTH | Kategori: 5. Tanggal & Waktu HRD
B2: 1 Rumus = 1 Contoh Soal + Jawaban Benar & 5 Soal Tes Mandiri (Kunci Jawaban Ada di Sheet Paling Terakhir) | F2: ⬅️ Ke Daftar Isi (00_DAFTAR_ISI) | G2: 🔑 Ke Kunci Jawaban (Sheet Akhir)
B4: 1️⃣ IDENTITAS RUMUS & FUNGSINYA BUAT APA? (MONTH)
B5: Nama Rumus Excel | C5: =MONTH(...)
B6: Sintaks / Pola Umum | C6: =MONTH(tanggal)
B7: 👶 Fungsinya Buat Apa? | C7: Mengambil angka BULAN (1 sampai 12) dari sebuah sel tanggal.
B9: 2️⃣ 1 CONTOH SOAL & CONTOH JAWABAN BENAR (PELAJARI POLA RUMUS MONTH DI SINI)
B10: Agenda Kantor | C10: Tanggal Kegiatan | E10: ✅ 1 CONTOH SOAL BESERTA CONTOH RUMUS & HASIL JAWABAN BENAR:
B11: Simulasi Unit A | C11: 46188 | E11: Contoh Soal: | F11: Ambil nilai MONTH dari tanggal kegiatan di sel C11 menggunakan fungsi MONTH!
B12: Simulasi Unit B | C12: 46193 | E12: Contoh Rumus Benar: | F12: '=MONTH(C11)
B13: Simulasi Unit C | C13: 46251 | E13: Contoh Hasil Benar: | F13: =MONTH(C11)
B14: Simulasi Unit D | C14: 46381
B16: 3️⃣ 5 SOAL TES DUNIA NYATA — KERJAKAN DI KOTAK KUNING (TANPA KUNCI RUMUS / HASIL DI SINI!)
B17: 📌 Catatan Tes: Soal Tes #1 s/d #5 di bawah ini tidak menampilkan kunci rumus maupun hasil. Kunci jawaban lengkap tersedia di sheet paling terakhir (99_KUNCI_JAWABAN).
B19: 📝 SOAL TES #1: Kasus Keuangan & Akuntansi Kantor
B20: Agenda Kantor | C20: Tanggal Kegiatan | E20: Persoalan Tes #1: Ambil nilai MONTH dari tanggal kegiatan di sel C21 menggunakan fungsi MONTH!
B21: Cabang Jakarta | C21: 46032 | E21: ✏️ KETIK RUMUS JAWABAN TES DI BAWAH: | F21: 📌 STATUS KOREKSI JAWABAN TES:
B22: Cabang Bandung | C22: 46193 | F22: =IF(ISBLANK(E22), "⏳ Belum Diisi (Ketik Rumus di Sel Kuning E22)", IF(E22='99_KUNCI_JAWABAN'!F165, "✅ BENAR! JAWABAN TES TEPAT!", "❌ Belum Tepat (Cek Sheet Akhir: 99_KUNCI_JAWABAN)"))
B23: Cabang Surabaya | C23: 46251
B24: Cabang Medan | C24: 46381
B27: 📝 SOAL TES #2: Kasus HRD, Gaji & Lembur Karyawan
B28: Agenda Kantor | C28: Tanggal Kegiatan | E28: Persoalan Tes #2: Ambil nilai MONTH dari tanggal kegiatan di sel C29 menggunakan fungsi MONTH!
B29: Budi Santoso | C29: 46064 | E29: ✏️ KETIK RUMUS JAWABAN TES DI BAWAH: | F29: 📌 STATUS KOREKSI JAWABAN TES:
B30: Siti Aminah | C30: 46193 | F30: =IF(ISBLANK(E30), "⏳ Belum Diisi (Ketik Rumus di Sel Kuning E30)", IF(E30='99_KUNCI_JAWABAN'!F166, "✅ BENAR! JAWABAN TES TEPAT!", "❌ Belum Tepat (Cek Sheet Akhir: 99_KUNCI_JAWABAN)"))
B31: Andi Pratama | C31: 46251
B32: Rina Wijaya | C32: 46381
B35: 📝 SOAL TES #3: Kasus Logistik & Stok Gudang Utama
B36: Agenda Kantor | C36: Tanggal Kegiatan | E36: Persoalan Tes #3: Ambil nilai MONTH dari tanggal kegiatan di sel C37 menggunakan fungsi MONTH!
B37: Gudang Blok A | C37: 46093 | E37: ✏️ KETIK RUMUS JAWABAN TES DI BAWAH: | F37: 📌 STATUS KOREKSI JAWABAN TES:
B38: Gudang Blok B | C38: 46193 | F38: =IF(ISBLANK(E38), "⏳ Belum Diisi (Ketik Rumus di Sel Kuning E38)", IF(E38='99_KUNCI_JAWABAN'!F167, "✅ BENAR! JAWABAN TES TEPAT!", "❌ Belum Tepat (Cek Sheet Akhir: 99_KUNCI_JAWABAN)"))
B39: Gudang Blok C | C39: 46251
B40: Gudang Blok D | C40: 46381
B43: 📝 SOAL TES #4: Kasus Penjualan Retail & Target Toko
B44: Agenda Kantor | C44: Tanggal Kegiatan | E44: Persoalan Tes #4: Ambil nilai MONTH dari tanggal kegiatan di sel C45 menggunakan fungsi MONTH!
B45: Toko Elektronik | C45: 46125 | E45: ✏️ KETIK RUMUS JAWABAN TES DI BAWAH: | F45: 📌 STATUS KOREKSI JAWABAN TES:
B46: Toko Komputer | C46: 46193 | F46: =IF(ISBLANK(E46), "⏳ Belum Diisi (Ketik Rumus di Sel Kuning E46)", IF(E46='99_KUNCI_JAWABAN'!F168, "✅ BENAR! JAWABAN TES TEPAT!", "❌ Belum Tepat (Cek Sheet Akhir: 99_KUNCI_JAWABAN)"))
B47: Toko Aksesoris | C47: 46251
B48: Toko Servis | C48: 46381
B51: 📝 SOAL TES #5: Kasus Akademik Sekolah & Layanan Publik
B52: Agenda Kantor | C52: Tanggal Kegiatan | E52: Persoalan Tes #5: Ambil nilai MONTH dari tanggal kegiatan di sel C53 menggunakan fungsi MONTH!
B53: Kelas 10 IPA | C53: 46156 | E53: ✏️ KETIK RUMUS JAWABAN TES DI BAWAH: | F53: 📌 STATUS KOREKSI JAWABAN TES:
B54: Kelas 11 IPA | C54: 46193 | F54: =IF(ISBLANK(E54), "⏳ Belum Diisi (Ketik Rumus di Sel Kuning E54)", IF(E54='99_KUNCI_JAWABAN'!F169, "✅ BENAR! JAWABAN TES TEPAT!", "❌ Belum Tepat (Cek Sheet Akhir: 99_KUNCI_JAWABAN)"))
B55: Kelas 12 IPA | C55: 46251
B56: Kelas Unggulan | C56: 46381

Sheet DAY
B1: 📊 #034 — RUMUS EXCEL: DAY | Kategori: 5. Tanggal & Waktu HRD
B2: 1 Rumus = 1 Contoh Soal + Jawaban Benar & 5 Soal Tes Mandiri (Kunci Jawaban Ada di Sheet Paling Terakhir) | F2: ⬅️ Ke Daftar Isi (00_DAFTAR_ISI) | G2: 🔑 Ke Kunci Jawaban (Sheet Akhir)
B4: 1️⃣ IDENTITAS RUMUS & FUNGSINYA BUAT APA? (DAY)
B5: Nama Rumus Excel | C5: =DAY(...)
B6: Sintaks / Pola Umum | C6: =DAY(tanggal)
B7: 👶 Fungsinya Buat Apa? | C7: Mengambil angka HARI/TANGGAL (1 sampai 31) dari sebuah sel tanggal.
B9: 2️⃣ 1 CONTOH SOAL & CONTOH JAWABAN BENAR (PELAJARI POLA RUMUS DAY DI SINI)
B10: Agenda Kantor | C10: Tanggal Kegiatan | E10: ✅ 1 CONTOH SOAL BESERTA CONTOH RUMUS & HASIL JAWABAN BENAR:
B11: Simulasi Unit A | C11: 46188 | E11: Contoh Soal: | F11: Ambil nilai DAY dari tanggal kegiatan di sel C11 menggunakan fungsi DAY!
B12: Simulasi Unit B | C12: 46193 | E12: Contoh Rumus Benar: | F12: '=DAY(C11)
B13: Simulasi Unit C | C13: 46251 | E13: Contoh Hasil Benar: | F13: =DAY(C11)
B14: Simulasi Unit D | C14: 46381
B16: 3️⃣ 5 SOAL TES DUNIA NYATA — KERJAKAN DI KOTAK KUNING (TANPA KUNCI RUMUS / HASIL DI SINI!)
B17: 📌 Catatan Tes: Soal Tes #1 s/d #5 di bawah ini tidak menampilkan kunci rumus maupun hasil. Kunci jawaban lengkap tersedia di sheet paling terakhir (99_KUNCI_JAWABAN).
B19: 📝 SOAL TES #1: Kasus Keuangan & Akuntansi Kantor
B20: Agenda Kantor | C20: Tanggal Kegiatan | E20: Persoalan Tes #1: Ambil nilai DAY dari tanggal kegiatan di sel C21 menggunakan fungsi DAY!
B21: Cabang Jakarta | C21: 46032 | E21: ✏️ KETIK RUMUS JAWABAN TES DI BAWAH: | F21: 📌 STATUS KOREKSI JAWABAN TES:
B22: Cabang Bandung | C22: 46193 | F22: =IF(ISBLANK(E22), "⏳ Belum Diisi (Ketik Rumus di Sel Kuning E22)", IF(E22='99_KUNCI_JAWABAN'!F170, "✅ BENAR! JAWABAN TES TEPAT!", "❌ Belum Tepat (Cek Sheet Akhir: 99_KUNCI_JAWABAN)"))
B23: Cabang Surabaya | C23: 46251
B24: Cabang Medan | C24: 46381
B27: 📝 SOAL TES #2: Kasus HRD, Gaji & Lembur Karyawan
B28: Agenda Kantor | C28: Tanggal Kegiatan | E28: Persoalan Tes #2: Ambil nilai DAY dari tanggal kegiatan di sel C29 menggunakan fungsi DAY!
B29: Budi Santoso | C29: 46064 | E29: ✏️ KETIK RUMUS JAWABAN TES DI BAWAH: | F29: 📌 STATUS KOREKSI JAWABAN TES:
B30: Siti Aminah | C30: 46193 | F30: =IF(ISBLANK(E30), "⏳ Belum Diisi (Ketik Rumus di Sel Kuning E30)", IF(E30='99_KUNCI_JAWABAN'!F171, "✅ BENAR! JAWABAN TES TEPAT!", "❌ Belum Tepat (Cek Sheet Akhir: 99_KUNCI_JAWABAN)"))
B31: Andi Pratama | C31: 46251
B32: Rina Wijaya | C32: 46381
B35: 📝 SOAL TES #3: Kasus Logistik & Stok Gudang Utama
B36: Agenda Kantor | C36: Tanggal Kegiatan | E36: Persoalan Tes #3: Ambil nilai DAY dari tanggal kegiatan di sel C37 menggunakan fungsi DAY!
B37: Gudang Blok A | C37: 46093 | E37: ✏️ KETIK RUMUS JAWABAN TES DI BAWAH: | F37: 📌 STATUS KOREKSI JAWABAN TES:
B38: Gudang Blok B | C38: 46193 | F38: =IF(ISBLANK(E38), "⏳ Belum Diisi (Ketik Rumus di Sel Kuning E38)", IF(E38='99_KUNCI_JAWABAN'!F172, "✅ BENAR! JAWABAN TES TEPAT!", "❌ Belum Tepat (Cek Sheet Akhir: 99_KUNCI_JAWABAN)"))
B39: Gudang Blok C | C39: 46251
B40: Gudang Blok D | C40: 46381
B43: 📝 SOAL TES #4: Kasus Penjualan Retail & Target Toko
B44: Agenda Kantor | C44: Tanggal Kegiatan | E44: Persoalan Tes #4: Ambil nilai DAY dari tanggal kegiatan di sel C45 menggunakan fungsi DAY!
B45: Toko Elektronik | C45: 46125 | E45: ✏️ KETIK RUMUS JAWABAN TES DI BAWAH: | F45: 📌 STATUS KOREKSI JAWABAN TES:
B46: Toko Komputer | C46: 46193 | F46: =IF(ISBLANK(E46), "⏳ Belum Diisi (Ketik Rumus di Sel Kuning E46)", IF(E46='99_KUNCI_JAWABAN'!F173, "✅ BENAR! JAWABAN TES TEPAT!", "❌ Belum Tepat (Cek Sheet Akhir: 99_KUNCI_JAWABAN)"))
B47: Toko Aksesoris | C47: 46251
B48: Toko Servis | C48: 46381
B51: 📝 SOAL TES #5: Kasus Akademik Sekolah & Layanan Publik
B52: Agenda Kantor | C52: Tanggal Kegiatan | E52: Persoalan Tes #5: Ambil nilai DAY dari tanggal kegiatan di sel C53 menggunakan fungsi DAY!
B53: Kelas 10 IPA | C53: 46156 | E53: ✏️ KETIK RUMUS JAWABAN TES DI BAWAH: | F53: 📌 STATUS KOREKSI JAWABAN TES:
B54: Kelas 11 IPA | C54: 46193 | F54: =IF(ISBLANK(E54), "⏳ Belum Diisi (Ketik Rumus di Sel Kuning E54)", IF(E54='99_KUNCI_JAWABAN'!F174, "✅ BENAR! JAWABAN TES TEPAT!", "❌ Belum Tepat (Cek Sheet Akhir: 99_KUNCI_JAWABAN)"))
B55: Kelas 12 IPA | C55: 46251
B56: Kelas Unggulan | C56: 46381

Sheet DAYS
B1: 📊 #035 — RUMUS EXCEL: DAYS | Kategori: 5. Tanggal & Waktu HRD
B2: 1 Rumus = 1 Contoh Soal + Jawaban Benar & 5 Soal Tes Mandiri (Kunci Jawaban Ada di Sheet Paling Terakhir) | F2: ⬅️ Ke Daftar Isi (00_DAFTAR_ISI) | G2: 🔑 Ke Kunci Jawaban (Sheet Akhir)
B4: 1️⃣ IDENTITAS RUMUS & FUNGSINYA BUAT APA? (DAYS)
B5: Nama Rumus Excel | C5: =DAYS(...)
B6: Sintaks / Pola Umum | C6: =DAYS(tanggal_akhir, tanggal_awal)
B7: 👶 Fungsinya Buat Apa? | C7: Menghitung jumlah hari selisih antara Tanggal Akhir dan Tanggal Awal (misal lama keterlambatan proyek).
B9: 2️⃣ 1 CONTOH SOAL & CONTOH JAWABAN BENAR (PELAJARI POLA RUMUS DAYS DI SINI)
B10: Tanggal Awal (B) | C10: Tanggal Akhir (C) | E10: ✅ 1 CONTOH SOAL BESERTA CONTOH RUMUS & HASIL JAWABAN BENAR:
B11: 46032 | C11: 46223 | E11: Contoh Soal: | F11: Hitung selisih hari dengan menempatkan Tanggal Akhir (C11) lalu Tanggal Awal (B11) menggunakan fungsi DAYS!
B12: 46054 | C12: 46096 | E12: Contoh Rumus Benar: | F12: '=DAYS(C11, B11)
B13: 46113 | C13: 46162 | E13: Contoh Hasil Benar: | F13: =DAYS(C11, B11)
B14: 46174 | C14: 46244
B16: 3️⃣ 5 SOAL TES DUNIA NYATA — KERJAKAN DI KOTAK KUNING (TANPA KUNCI RUMUS / HASIL DI SINI!)
B17: 📌 Catatan Tes: Soal Tes #1 s/d #5 di bawah ini tidak menampilkan kunci rumus maupun hasil. Kunci jawaban lengkap tersedia di sheet paling terakhir (99_KUNCI_JAWABAN).
B19: 📝 SOAL TES #1: Kasus Keuangan & Akuntansi Kantor
B20: Tanggal Awal (B) | C20: Tanggal Akhir (C) | E20: Persoalan Tes #1: Hitung selisih hari dengan menempatkan Tanggal Akhir (C21) lalu Tanggal Awal (B21) menggunakan fungsi DAYS!
B21: 46032 | C21: 46073 | E21: ✏️ KETIK RUMUS JAWABAN TES DI BAWAH: | F21: 📌 STATUS KOREKSI JAWABAN TES:
B22: 46054 | C22: 46096 | F22: =IF(ISBLANK(E22), "⏳ Belum Diisi (Ketik Rumus di Sel Kuning E22)", IF(E22='99_KUNCI_JAWABAN'!F175, "✅ BENAR! JAWABAN TES TEPAT!", "❌ Belum Tepat (Cek Sheet Akhir: 99_KUNCI_JAWABAN)"))
B23: 46113 | C23: 46162
B24: 46174 | C24: 46244
B27: 📝 SOAL TES #2: Kasus HRD, Gaji & Lembur Karyawan
B28: Tanggal Awal (B) | C28: Tanggal Akhir (C) | E28: Persoalan Tes #2: Hitung selisih hari dengan menempatkan Tanggal Akhir (C29) lalu Tanggal Awal (B29) menggunakan fungsi DAYS!
B29: 46032 | C29: 46101 | E29: ✏️ KETIK RUMUS JAWABAN TES DI BAWAH: | F29: 📌 STATUS KOREKSI JAWABAN TES:
B30: 46054 | C30: 46096 | F30: =IF(ISBLANK(E30), "⏳ Belum Diisi (Ketik Rumus di Sel Kuning E30)", IF(E30='99_KUNCI_JAWABAN'!F176, "✅ BENAR! JAWABAN TES TEPAT!", "❌ Belum Tepat (Cek Sheet Akhir: 99_KUNCI_JAWABAN)"))
B31: 46113 | C31: 46162
B32: 46174 | C32: 46244
B35: 📝 SOAL TES #3: Kasus Logistik & Stok Gudang Utama
B36: Tanggal Awal (B) | C36: Tanggal Akhir (C) | E36: Persoalan Tes #3: Hitung selisih hari dengan menempatkan Tanggal Akhir (C37) lalu Tanggal Awal (B37) menggunakan fungsi DAYS!
B37: 46032 | C37: 46132 | E37: ✏️ KETIK RUMUS JAWABAN TES DI BAWAH: | F37: 📌 STATUS KOREKSI JAWABAN TES:
B38: 46054 | C38: 46096 | F38: =IF(ISBLANK(E38), "⏳ Belum Diisi (Ketik Rumus di Sel Kuning E38)", IF(E38='99_KUNCI_JAWABAN'!F177, "✅ BENAR! JAWABAN TES TEPAT!", "❌ Belum Tepat (Cek Sheet Akhir: 99_KUNCI_JAWABAN)"))
B39: 46113 | C39: 46162
B40: 46174 | C40: 46244
B43: 📝 SOAL TES #4: Kasus Penjualan Retail & Target Toko
B44: Tanggal Awal (B) | C44: Tanggal Akhir (C) | E44: Persoalan Tes #4: Hitung selisih hari dengan menempatkan Tanggal Akhir (C45) lalu Tanggal Awal (B45) menggunakan fungsi DAYS!
B45: 46032 | C45: 46162 | E45: ✏️ KETIK RUMUS JAWABAN TES DI BAWAH: | F45: 📌 STATUS KOREKSI JAWABAN TES:
B46: 46054 | C46: 46096 | F46: =IF(ISBLANK(E46), "⏳ Belum Diisi (Ketik Rumus di Sel Kuning E46)", IF(E46='99_KUNCI_JAWABAN'!F178, "✅ BENAR! JAWABAN TES TEPAT!", "❌ Belum Tepat (Cek Sheet Akhir: 99_KUNCI_JAWABAN)"))
B47: 46113 | C47: 46162
B48: 46174 | C48: 46244
B51: 📝 SOAL TES #5: Kasus Akademik Sekolah & Layanan Publik
B52: Tanggal Awal (B) | C52: Tanggal Akhir (C) | E52: Persoalan Tes #5: Hitung selisih hari dengan menempatkan Tanggal Akhir (C53) lalu Tanggal Awal (B53) menggunakan fungsi DAYS!
B53: 46032 | C53: 46193 | E53: ✏️ KETIK RUMUS JAWABAN TES DI BAWAH: | F53: 📌 STATUS KOREKSI JAWABAN TES:
B54: 46054 | C54: 46096 | F54: =IF(ISBLANK(E54), "⏳ Belum Diisi (Ketik Rumus di Sel Kuning E54)", IF(E54='99_KUNCI_JAWABAN'!F179, "✅ BENAR! JAWABAN TES TEPAT!", "❌ Belum Tepat (Cek Sheet Akhir: 99_KUNCI_JAWABAN)"))
B55: 46113 | C55: 46162
B56: 46174 | C56: 46244

Sheet DATEDIF
B1: 📊 #036 — RUMUS EXCEL: DATEDIF | Kategori: 5. Tanggal & Waktu HRD
B2: 1 Rumus = 1 Contoh Soal + Jawaban Benar & 5 Soal Tes Mandiri (Kunci Jawaban Ada di Sheet Paling Terakhir) | F2: ⬅️ Ke Daftar Isi (00_DAFTAR_ISI) | G2: 🔑 Ke Kunci Jawaban (Sheet Akhir)
B4: 1️⃣ IDENTITAS RUMUS & FUNGSINYA BUAT APA? (DATEDIF)
B5: Nama Rumus Excel | C5: =DATEDIF(...)
B6: Sintaks / Pola Umum | C6: =DATEDIF(tanggal_awal, tanggal_akhir, satuan)
B7: 👶 Fungsinya Buat Apa? | C7: Rumus legendaris HRD untuk menghitung Umur atau Masa Kerja karyawan dalam Tahun ("Y"), Bulan ("M"), atau Hari ("D").
B9: 2️⃣ 1 CONTOH SOAL & CONTOH JAWABAN BENAR (PELAJARI POLA RUMUS DATEDIF DI SINI)
B10: Tanggal Awal (B) | C10: Tanggal Akhir (C) | E10: ✅ 1 CONTOH SOAL BESERTA CONTOH RUMUS & HASIL JAWABAN BENAR:
B11: 46032 | C11: 46223 | E11: Contoh Soal: | F11: Hitung selisih hari (satuan "D") dari Tanggal Awal B11 hingga Tanggal Akhir C11 menggunakan fungsi DATEDIF!
B12: 46054 | C12: 46096 | E12: Contoh Rumus Benar: | F12: '=DATEDIF(B11, C11, "D")
B13: 46113 | C13: 46162 | E13: Contoh Hasil Benar: | F13: =DATEDIF(B11, C11, "D")
B14: 46174 | C14: 46244
B16: 3️⃣ 5 SOAL TES DUNIA NYATA — KERJAKAN DI KOTAK KUNING (TANPA KUNCI RUMUS / HASIL DI SINI!)
B17: 📌 Catatan Tes: Soal Tes #1 s/d #5 di bawah ini tidak menampilkan kunci rumus maupun hasil. Kunci jawaban lengkap tersedia di sheet paling terakhir (99_KUNCI_JAWABAN).
B19: 📝 SOAL TES #1: Kasus Keuangan & Akuntansi Kantor
B20: Tanggal Awal (B) | C20: Tanggal Akhir (C) | E20: Persoalan Tes #1: Hitung selisih hari (satuan "D") dari Tanggal Awal B21 hingga Tanggal Akhir C21 menggunakan fungsi DATEDIF!
B21: 46032 | C21: 46073 | E21: ✏️ KETIK RUMUS JAWABAN TES DI BAWAH: | F21: 📌 STATUS KOREKSI JAWABAN TES:
B22: 46054 | C22: 46096 | F22: =IF(ISBLANK(E22), "⏳ Belum Diisi (Ketik Rumus di Sel Kuning E22)", IF(E22='99_KUNCI_JAWABAN'!F180, "✅ BENAR! JAWABAN TES TEPAT!", "❌ Belum Tepat (Cek Sheet Akhir: 99_KUNCI_JAWABAN)"))
B23: 46113 | C23: 46162
B24: 46174 | C24: 46244
B27: 📝 SOAL TES #2: Kasus HRD, Gaji & Lembur Karyawan
B28: Tanggal Awal (B) | C28: Tanggal Akhir (C) | E28: Persoalan Tes #2: Hitung selisih hari (satuan "D") dari Tanggal Awal B29 hingga Tanggal Akhir C29 menggunakan fungsi DATEDIF!
B29: 46032 | C29: 46101 | E29: ✏️ KETIK RUMUS JAWABAN TES DI BAWAH: | F29: 📌 STATUS KOREKSI JAWABAN TES:
B30: 46054 | C30: 46096 | F30: =IF(ISBLANK(E30), "⏳ Belum Diisi (Ketik Rumus di Sel Kuning E30)", IF(E30='99_KUNCI_JAWABAN'!F181, "✅ BENAR! JAWABAN TES TEPAT!", "❌ Belum Tepat (Cek Sheet Akhir: 99_KUNCI_JAWABAN)"))
B31: 46113 | C31: 46162
B32: 46174 | C32: 46244
B35: 📝 SOAL TES #3: Kasus Logistik & Stok Gudang Utama
B36: Tanggal Awal (B) | C36: Tanggal Akhir (C) | E36: Persoalan Tes #3: Hitung selisih hari (satuan "D") dari Tanggal Awal B37 hingga Tanggal Akhir C37 menggunakan fungsi DATEDIF!
B37: 46032 | C37: 46132 | E37: ✏️ KETIK RUMUS JAWABAN TES DI BAWAH: | F37: 📌 STATUS KOREKSI JAWABAN TES:
B38: 46054 | C38: 46096 | F38: =IF(ISBLANK(E38), "⏳ Belum Diisi (Ketik Rumus di Sel Kuning E38)", IF(E38='99_KUNCI_JAWABAN'!F182, "✅ BENAR! JAWABAN TES TEPAT!", "❌ Belum Tepat (Cek Sheet Akhir: 99_KUNCI_JAWABAN)"))
B39: 46113 | C39: 46162
B40: 46174 | C40: 46244
B43: 📝 SOAL TES #4: Kasus Penjualan Retail & Target Toko
B44: Tanggal Awal (B) | C44: Tanggal Akhir (C) | E44: Persoalan Tes #4: Hitung selisih hari (satuan "D") dari Tanggal Awal B45 hingga Tanggal Akhir C45 menggunakan fungsi DATEDIF!
B45: 46032 | C45: 46162 | E45: ✏️ KETIK RUMUS JAWABAN TES DI BAWAH: | F45: 📌 STATUS KOREKSI JAWABAN TES:
B46: 46054 | C46: 46096 | F46: =IF(ISBLANK(E46), "⏳ Belum Diisi (Ketik Rumus di Sel Kuning E46)", IF(E46='99_KUNCI_JAWABAN'!F183, "✅ BENAR! JAWABAN TES TEPAT!", "❌ Belum Tepat (Cek Sheet Akhir: 99_KUNCI_JAWABAN)"))
B47: 46113 | C47: 46162
B48: 46174 | C48: 46244
B51: 📝 SOAL TES #5: Kasus Akademik Sekolah & Layanan Publik
B52: Tanggal Awal (B) | C52: Tanggal Akhir (C) | E52: Persoalan Tes #5: Hitung selisih hari (satuan "D") dari Tanggal Awal B53 hingga Tanggal Akhir C53 menggunakan fungsi DATEDIF!
B53: 46032 | C53: 46193 | E53: ✏️ KETIK RUMUS JAWABAN TES DI BAWAH: | F53: 📌 STATUS KOREKSI JAWABAN TES:
B54: 46054 | C54: 46096 | F54: =IF(ISBLANK(E54), "⏳ Belum Diisi (Ketik Rumus di Sel Kuning E54)", IF(E54='99_KUNCI_JAWABAN'!F184, "✅ BENAR! JAWABAN TES TEPAT!", "❌ Belum Tepat (Cek Sheet Akhir: 99_KUNCI_JAWABAN)"))
B55: 46113 | C55: 46162
B56: 46174 | C56: 46244

Sheet EDATE
B1: 📊 #037 — RUMUS EXCEL: EDATE | Kategori: 5. Tanggal & Waktu HRD
B2: 1 Rumus = 1 Contoh Soal + Jawaban Benar & 5 Soal Tes Mandiri (Kunci Jawaban Ada di Sheet Paling Terakhir) | F2: ⬅️ Ke Daftar Isi (00_DAFTAR_ISI) | G2: 🔑 Ke Kunci Jawaban (Sheet Akhir)
B4: 1️⃣ IDENTITAS RUMUS & FUNGSINYA BUAT APA? (EDATE)
B5: Nama Rumus Excel | C5: =EDATE(...)
B6: Sintaks / Pola Umum | C6: =EDATE(tanggal_awal, jumlah_bulan)
B7: 👶 Fungsinya Buat Apa? | C7: Mencari tanggal jatuh tempo yang berjarak sekian bulan persis dari tanggal awal (misal masa kontrak 3 bulan ke depan).
B9: 2️⃣ 1 CONTOH SOAL & CONTOH JAWABAN BENAR (PELAJARI POLA RUMUS EDATE DI SINI)
B10: Kontrak Proyek | C10: Tanggal Mulai | E10: ✅ 1 CONTOH SOAL BESERTA CONTOH RUMUS & HASIL JAWABAN BENAR:
B11: Simulasi Unit A | C11: 46037 | E11: Contoh Soal: | F11: Tentukan tanggal hasil pergeseran dari tanggal awal di C11 sejauh 7 periode ke depan menggunakan fungsi EDATE!
B12: Simulasi Unit B | C12: 46091 | E12: Contoh Rumus Benar: | F12: '=EDATE(C11, 7)
B13: Simulasi Unit C | C13: 46162 | E13: Contoh Hasil Benar: | F13: =EDATE(C11, 7)
B14: Simulasi Unit D | C14: 46208
B16: 3️⃣ 5 SOAL TES DUNIA NYATA — KERJAKAN DI KOTAK KUNING (TANPA KUNCI RUMUS / HASIL DI SINI!)
B17: 📌 Catatan Tes: Soal Tes #1 s/d #5 di bawah ini tidak menampilkan kunci rumus maupun hasil. Kunci jawaban lengkap tersedia di sheet paling terakhir (99_KUNCI_JAWABAN).
B19: 📝 SOAL TES #1: Kasus Keuangan & Akuntansi Kantor
B20: Kontrak Proyek | C20: Tanggal Mulai | E20: Persoalan Tes #1: Tentukan tanggal hasil pergeseran dari tanggal awal di C21 sejauh 2 periode ke depan menggunakan fungsi EDATE!
B21: Cabang Jakarta | C21: 46037 | E21: ✏️ KETIK RUMUS JAWABAN TES DI BAWAH: | F21: 📌 STATUS KOREKSI JAWABAN TES:
B22: Cabang Bandung | C22: 46091 | F22: =IF(ISBLANK(E22), "⏳ Belum Diisi (Ketik Rumus di Sel Kuning E22)", IF(E22='99_KUNCI_JAWABAN'!F185, "✅ BENAR! JAWABAN TES TEPAT!", "❌ Belum Tepat (Cek Sheet Akhir: 99_KUNCI_JAWABAN)"))
B23: Cabang Surabaya | C23: 46162
B24: Cabang Medan | C24: 46208
B27: 📝 SOAL TES #2: Kasus HRD, Gaji & Lembur Karyawan
B28: Kontrak Proyek | C28: Tanggal Mulai | E28: Persoalan Tes #2: Tentukan tanggal hasil pergeseran dari tanggal awal di C29 sejauh 3 periode ke depan menggunakan fungsi EDATE!
B29: Budi Santoso | C29: 46037 | E29: ✏️ KETIK RUMUS JAWABAN TES DI BAWAH: | F29: 📌 STATUS KOREKSI JAWABAN TES:
B30: Siti Aminah | C30: 46091 | F30: =IF(ISBLANK(E30), "⏳ Belum Diisi (Ketik Rumus di Sel Kuning E30)", IF(E30='99_KUNCI_JAWABAN'!F186, "✅ BENAR! JAWABAN TES TEPAT!", "❌ Belum Tepat (Cek Sheet Akhir: 99_KUNCI_JAWABAN)"))
B31: Andi Pratama | C31: 46162
B32: Rina Wijaya | C32: 46208
B35: 📝 SOAL TES #3: Kasus Logistik & Stok Gudang Utama
B36: Kontrak Proyek | C36: Tanggal Mulai | E36: Persoalan Tes #3: Tentukan tanggal hasil pergeseran dari tanggal awal di C37 sejauh 4 periode ke depan menggunakan fungsi EDATE!
B37: Gudang Blok A | C37: 46037 | E37: ✏️ KETIK RUMUS JAWABAN TES DI BAWAH: | F37: 📌 STATUS KOREKSI JAWABAN TES:
B38: Gudang Blok B | C38: 46091 | F38: =IF(ISBLANK(E38), "⏳ Belum Diisi (Ketik Rumus di Sel Kuning E38)", IF(E38='99_KUNCI_JAWABAN'!F187, "✅ BENAR! JAWABAN TES TEPAT!", "❌ Belum Tepat (Cek Sheet Akhir: 99_KUNCI_JAWABAN)"))
B39: Gudang Blok C | C39: 46162
B40: Gudang Blok D | C40: 46208
B43: 📝 SOAL TES #4: Kasus Penjualan Retail & Target Toko
B44: Kontrak Proyek | C44: Tanggal Mulai | E44: Persoalan Tes #4: Tentukan tanggal hasil pergeseran dari tanggal awal di C45 sejauh 5 periode ke depan menggunakan fungsi EDATE!
B45: Toko Elektronik | C45: 46037 | E45: ✏️ KETIK RUMUS JAWABAN TES DI BAWAH: | F45: 📌 STATUS KOREKSI JAWABAN TES:
B46: Toko Komputer | C46: 46091 | F46: =IF(ISBLANK(E46), "⏳ Belum Diisi (Ketik Rumus di Sel Kuning E46)", IF(E46='99_KUNCI_JAWABAN'!F188, "✅ BENAR! JAWABAN TES TEPAT!", "❌ Belum Tepat (Cek Sheet Akhir: 99_KUNCI_JAWABAN)"))
B47: Toko Aksesoris | C47: 46162
B48: Toko Servis | C48: 46208
B51: 📝 SOAL TES #5: Kasus Akademik Sekolah & Layanan Publik
B52: Kontrak Proyek | C52: Tanggal Mulai | E52: Persoalan Tes #5: Tentukan tanggal hasil pergeseran dari tanggal awal di C53 sejauh 6 periode ke depan menggunakan fungsi EDATE!
B53: Kelas 10 IPA | C53: 46037 | E53: ✏️ KETIK RUMUS JAWABAN TES DI BAWAH: | F53: 📌 STATUS KOREKSI JAWABAN TES:
B54: Kelas 11 IPA | C54: 46091 | F54: =IF(ISBLANK(E54), "⏳ Belum Diisi (Ketik Rumus di Sel Kuning E54)", IF(E54='99_KUNCI_JAWABAN'!F189, "✅ BENAR! JAWABAN TES TEPAT!", "❌ Belum Tepat (Cek Sheet Akhir: 99_KUNCI_JAWABAN)"))
B55: Kelas 12 IPA | C55: 46162
B56: Kelas Unggulan | C56: 46208

Sheet EOMONTH
B1: 📊 #038 — RUMUS EXCEL: EOMONTH | Kategori: 5. Tanggal & Waktu HRD
B2: 1 Rumus = 1 Contoh Soal + Jawaban Benar & 5 Soal Tes Mandiri (Kunci Jawaban Ada di Sheet Paling Terakhir) | F2: ⬅️ Ke Daftar Isi (00_DAFTAR_ISI) | G2: 🔑 Ke Kunci Jawaban (Sheet Akhir)
B4: 1️⃣ IDENTITAS RUMUS & FUNGSINYA BUAT APA? (EOMONTH)
B5: Nama Rumus Excel | C5: =EOMONTH(...)
B6: Sintaks / Pola Umum | C6: =EOMONTH(tanggal_awal, jumlah_bulan)
B7: 👶 Fungsinya Buat Apa? | C7: Mencari tanggal TERAKHIR di suatu bulan (End of Month) — wajib untuk jadwal gajian akhir bulan atau tutup buku akuntansi!
B9: 2️⃣ 1 CONTOH SOAL & CONTOH JAWABAN BENAR (PELAJARI POLA RUMUS EOMONTH DI SINI)
B10: Kontrak Proyek | C10: Tanggal Mulai | E10: ✅ 1 CONTOH SOAL BESERTA CONTOH RUMUS & HASIL JAWABAN BENAR:
B11: Simulasi Unit A | C11: 46037 | E11: Contoh Soal: | F11: Tentukan tanggal hasil pergeseran dari tanggal awal di C11 sejauh 7 periode ke depan menggunakan fungsi EOMONTH!
B12: Simulasi Unit B | C12: 46091 | E12: Contoh Rumus Benar: | F12: '=EOMONTH(C11, 7)
B13: Simulasi Unit C | C13: 46162 | E13: Contoh Hasil Benar: | F13: =EOMONTH(C11, 7)
B14: Simulasi Unit D | C14: 46208
B16: 3️⃣ 5 SOAL TES DUNIA NYATA — KERJAKAN DI KOTAK KUNING (TANPA KUNCI RUMUS / HASIL DI SINI!)
B17: 📌 Catatan Tes: Soal Tes #1 s/d #5 di bawah ini tidak menampilkan kunci rumus maupun hasil. Kunci jawaban lengkap tersedia di sheet paling terakhir (99_KUNCI_JAWABAN).
B19: 📝 SOAL TES #1: Kasus Keuangan & Akuntansi Kantor
B20: Kontrak Proyek | C20: Tanggal Mulai | E20: Persoalan Tes #1: Tentukan tanggal hasil pergeseran dari tanggal awal di C21 sejauh 2 periode ke depan menggunakan fungsi EOMONTH!
B21: Cabang Jakarta | C21: 46037 | E21: ✏️ KETIK RUMUS JAWABAN TES DI BAWAH: | F21: 📌 STATUS KOREKSI JAWABAN TES:
B22: Cabang Bandung | C22: 46091 | F22: =IF(ISBLANK(E22), "⏳ Belum Diisi (Ketik Rumus di Sel Kuning E22)", IF(E22='99_KUNCI_JAWABAN'!F190, "✅ BENAR! JAWABAN TES TEPAT!", "❌ Belum Tepat (Cek Sheet Akhir: 99_KUNCI_JAWABAN)"))
B23: Cabang Surabaya | C23: 46162
B24: Cabang Medan | C24: 46208
B27: 📝 SOAL TES #2: Kasus HRD, Gaji & Lembur Karyawan
B28: Kontrak Proyek | C28: Tanggal Mulai | E28: Persoalan Tes #2: Tentukan tanggal hasil pergeseran dari tanggal awal di C29 sejauh 3 periode ke depan menggunakan fungsi EOMONTH!
B29: Budi Santoso | C29: 46037 | E29: ✏️ KETIK RUMUS JAWABAN TES DI BAWAH: | F29: 📌 STATUS KOREKSI JAWABAN TES:
B30: Siti Aminah | C30: 46091 | F30: =IF(ISBLANK(E30), "⏳ Belum Diisi (Ketik Rumus di Sel Kuning E30)", IF(E30='99_KUNCI_JAWABAN'!F191, "✅ BENAR! JAWABAN TES TEPAT!", "❌ Belum Tepat (Cek Sheet Akhir: 99_KUNCI_JAWABAN)"))
B31: Andi Pratama | C31: 46162
B32: Rina Wijaya | C32: 46208
B35: 📝 SOAL TES #3: Kasus Logistik & Stok Gudang Utama
B36: Kontrak Proyek | C36: Tanggal Mulai | E36: Persoalan Tes #3: Tentukan tanggal hasil pergeseran dari tanggal awal di C37 sejauh 4 periode ke depan menggunakan fungsi EOMONTH!
B37: Gudang Blok A | C37: 46037 | E37: ✏️ KETIK RUMUS JAWABAN TES DI BAWAH: | F37: 📌 STATUS KOREKSI JAWABAN TES:
B38: Gudang Blok B | C38: 46091 | F38: =IF(ISBLANK(E38), "⏳ Belum Diisi (Ketik Rumus di Sel Kuning E38)", IF(E38='99_KUNCI_JAWABAN'!F192, "✅ BENAR! JAWABAN TES TEPAT!", "❌ Belum Tepat (Cek Sheet Akhir: 99_KUNCI_JAWABAN)"))
B39: Gudang Blok C | C39: 46162
B40: Gudang Blok D | C40: 46208
B43: 📝 SOAL TES #4: Kasus Penjualan Retail & Target Toko
B44: Kontrak Proyek | C44: Tanggal Mulai | E44: Persoalan Tes #4: Tentukan tanggal hasil pergeseran dari tanggal awal di C45 sejauh 5 periode ke depan menggunakan fungsi EOMONTH!
B45: Toko Elektronik | C45: 46037 | E45: ✏️ KETIK RUMUS JAWABAN TES DI BAWAH: | F45: 📌 STATUS KOREKSI JAWABAN TES:
B46: Toko Komputer | C46: 46091 | F46: =IF(ISBLANK(E46), "⏳ Belum Diisi (Ketik Rumus di Sel Kuning E46)", IF(E46='99_KUNCI_JAWABAN'!F193, "✅ BENAR! JAWABAN TES TEPAT!", "❌ Belum Tepat (Cek Sheet Akhir: 99_KUNCI_JAWABAN)"))
B47: Toko Aksesoris | C47: 46162
B48: Toko Servis | C48: 46208
B51: 📝 SOAL TES #5: Kasus Akademik Sekolah & Layanan Publik
B52: Kontrak Proyek | C52: Tanggal Mulai | E52: Persoalan Tes #5: Tentukan tanggal hasil pergeseran dari tanggal awal di C53 sejauh 6 periode ke depan menggunakan fungsi EOMONTH!
B53: Kelas 10 IPA | C53: 46037 | E53: ✏️ KETIK RUMUS JAWABAN TES DI BAWAH: | F53: 📌 STATUS KOREKSI JAWABAN TES:
B54: Kelas 11 IPA | C54: 46091 | F54: =IF(ISBLANK(E54), "⏳ Belum Diisi (Ketik Rumus di Sel Kuning E54)", IF(E54='99_KUNCI_JAWABAN'!F194, "✅ BENAR! JAWABAN TES TEPAT!", "❌ Belum Tepat (Cek Sheet Akhir: 99_KUNCI_JAWABAN)"))
B55: Kelas 12 IPA | C55: 46162
B56: Kelas Unggulan | C56: 46208

Sheet NETWORKDAYS
B1: 📊 #039 — RUMUS EXCEL: NETWORKDAYS | Kategori: 5. Tanggal & Waktu HRD
B2: 1 Rumus = 1 Contoh Soal + Jawaban Benar & 5 Soal Tes Mandiri (Kunci Jawaban Ada di Sheet Paling Terakhir) | F2: ⬅️ Ke Daftar Isi (00_DAFTAR_ISI) | G2: 🔑 Ke Kunci Jawaban (Sheet Akhir)
B4: 1️⃣ IDENTITAS RUMUS & FUNGSINYA BUAT APA? (NETWORKDAYS)
B5: Nama Rumus Excel | C5: =NETWORKDAYS(...)
B6: Sintaks / Pola Umum | C6: =NETWORKDAYS(tanggal_awal, tanggal_akhir)
B7: 👶 Fungsinya Buat Apa? | C7: Menghitung jumlah HARI KERJA EFEKTIF (Senin–Jumat) dan otomatis memotong hari libur Sabtu & Minggu!
B9: 2️⃣ 1 CONTOH SOAL & CONTOH JAWABAN BENAR (PELAJARI POLA RUMUS NETWORKDAYS DI SINI)
B10: Tanggal Awal (B) | C10: Tanggal Akhir (C) | E10: ✅ 1 CONTOH SOAL BESERTA CONTOH RUMUS & HASIL JAWABAN BENAR:
B11: 46032 | C11: 46223 | E11: Contoh Soal: | F11: Hitung jumlah hari kerja efektif dari Tanggal Awal B11 sampai Tanggal Akhir C11 menggunakan fungsi NETWORKDAYS!
B12: 46054 | C12: 46096 | E12: Contoh Rumus Benar: | F12: '=NETWORKDAYS(B11, C11)
B13: 46113 | C13: 46162 | E13: Contoh Hasil Benar: | F13: =NETWORKDAYS(B11, C11)
B14: 46174 | C14: 46244
B16: 3️⃣ 5 SOAL TES DUNIA NYATA — KERJAKAN DI KOTAK KUNING (TANPA KUNCI RUMUS / HASIL DI SINI!)
B17: 📌 Catatan Tes: Soal Tes #1 s/d #5 di bawah ini tidak menampilkan kunci rumus maupun hasil. Kunci jawaban lengkap tersedia di sheet paling terakhir (99_KUNCI_JAWABAN).
B19: 📝 SOAL TES #1: Kasus Keuangan & Akuntansi Kantor
B20: Tanggal Awal (B) | C20: Tanggal Akhir (C) | E20: Persoalan Tes #1: Hitung jumlah hari kerja efektif dari Tanggal Awal B21 sampai Tanggal Akhir C21 menggunakan fungsi NETWORKDAYS!
B21: 46032 | C21: 46073 | E21: ✏️ KETIK RUMUS JAWABAN TES DI BAWAH: | F21: 📌 STATUS KOREKSI JAWABAN TES:
B22: 46054 | C22: 46096 | F22: =IF(ISBLANK(E22), "⏳ Belum Diisi (Ketik Rumus di Sel Kuning E22)", IF(E22='99_KUNCI_JAWABAN'!F195, "✅ BENAR! JAWABAN TES TEPAT!", "❌ Belum Tepat (Cek Sheet Akhir: 99_KUNCI_JAWABAN)"))
B23: 46113 | C23: 46162
B24: 46174 | C24: 46244
B27: 📝 SOAL TES #2: Kasus HRD, Gaji & Lembur Karyawan
B28: Tanggal Awal (B) | C28: Tanggal Akhir (C) | E28: Persoalan Tes #2: Hitung jumlah hari kerja efektif dari Tanggal Awal B29 sampai Tanggal Akhir C29 menggunakan fungsi NETWORKDAYS!
B29: 46032 | C29: 46101 | E29: ✏️ KETIK RUMUS JAWABAN TES DI BAWAH: | F29: 📌 STATUS KOREKSI JAWABAN TES:
B30: 46054 | C30: 46096 | F30: =IF(ISBLANK(E30), "⏳ Belum Diisi (Ketik Rumus di Sel Kuning E30)", IF(E30='99_KUNCI_JAWABAN'!F196, "✅ BENAR! JAWABAN TES TEPAT!", "❌ Belum Tepat (Cek Sheet Akhir: 99_KUNCI_JAWABAN)"))
B31: 46113 | C31: 46162
B32: 46174 | C32: 46244
B35: 📝 SOAL TES #3: Kasus Logistik & Stok Gudang Utama
B36: Tanggal Awal (B) | C36: Tanggal Akhir (C) | E36: Persoalan Tes #3: Hitung jumlah hari kerja efektif dari Tanggal Awal B37 sampai Tanggal Akhir C37 menggunakan fungsi NETWORKDAYS!
B37: 46032 | C37: 46132 | E37: ✏️ KETIK RUMUS JAWABAN TES DI BAWAH: | F37: 📌 STATUS KOREKSI JAWABAN TES:
B38: 46054 | C38: 46096 | F38: =IF(ISBLANK(E38), "⏳ Belum Diisi (Ketik Rumus di Sel Kuning E38)", IF(E38='99_KUNCI_JAWABAN'!F197, "✅ BENAR! JAWABAN TES TEPAT!", "❌ Belum Tepat (Cek Sheet Akhir: 99_KUNCI_JAWABAN)"))
B39: 46113 | C39: 46162
B40: 46174 | C40: 46244
B43: 📝 SOAL TES #4: Kasus Penjualan Retail & Target Toko
B44: Tanggal Awal (B) | C44: Tanggal Akhir (C) | E44: Persoalan Tes #4: Hitung jumlah hari kerja efektif dari Tanggal Awal B45 sampai Tanggal Akhir C45 menggunakan fungsi NETWORKDAYS!
B45: 46032 | C45: 46162 | E45: ✏️ KETIK RUMUS JAWABAN TES DI BAWAH: | F45: 📌 STATUS KOREKSI JAWABAN TES:
B46: 46054 | C46: 46096 | F46: =IF(ISBLANK(E46), "⏳ Belum Diisi (Ketik Rumus di Sel Kuning E46)", IF(E46='99_KUNCI_JAWABAN'!F198, "✅ BENAR! JAWABAN TES TEPAT!", "❌ Belum Tepat (Cek Sheet Akhir: 99_KUNCI_JAWABAN)"))
B47: 46113 | C47: 46162
B48: 46174 | C48: 46244
B51: 📝 SOAL TES #5: Kasus Akademik Sekolah & Layanan Publik
B52: Tanggal Awal (B) | C52: Tanggal Akhir (C) | E52: Persoalan Tes #5: Hitung jumlah hari kerja efektif dari Tanggal Awal B53 sampai Tanggal Akhir C53 menggunakan fungsi NETWORKDAYS!
B53: 46032 | C53: 46193 | E53: ✏️ KETIK RUMUS JAWABAN TES DI BAWAH: | F53: 📌 STATUS KOREKSI JAWABAN TES:
B54: 46054 | C54: 46096 | F54: =IF(ISBLANK(E54), "⏳ Belum Diisi (Ketik Rumus di Sel Kuning E54)", IF(E54='99_KUNCI_JAWABAN'!F199, "✅ BENAR! JAWABAN TES TEPAT!", "❌ Belum Tepat (Cek Sheet Akhir: 99_KUNCI_JAWABAN)"))
B55: 46113 | C55: 46162
B56: 46174 | C56: 46244

Sheet WORKDAY
B1: 📊 #040 — RUMUS EXCEL: WORKDAY | Kategori: 5. Tanggal & Waktu HRD
B2: 1 Rumus = 1 Contoh Soal + Jawaban Benar & 5 Soal Tes Mandiri (Kunci Jawaban Ada di Sheet Paling Terakhir) | F2: ⬅️ Ke Daftar Isi (00_DAFTAR_ISI) | G2: 🔑 Ke Kunci Jawaban (Sheet Akhir)
B4: 1️⃣ IDENTITAS RUMUS & FUNGSINYA BUAT APA? (WORKDAY)
B5: Nama Rumus Excel | C5: =WORKDAY(...)
B6: Sintaks / Pola Umum | C6: =WORKDAY(tanggal_awal, jumlah_hari_kerja)
B7: 👶 Fungsinya Buat Apa? | C7: Mencari tahu tanggal berapa proyek selesai jika dikerjakan selama N hari kerja efektif (tidak termasuk Sabtu & Minggu).
B9: 2️⃣ 1 CONTOH SOAL & CONTOH JAWABAN BENAR (PELAJARI POLA RUMUS WORKDAY DI SINI)
B10: Kontrak Proyek | C10: Tanggal Mulai | E10: ✅ 1 CONTOH SOAL BESERTA CONTOH RUMUS & HASIL JAWABAN BENAR:
B11: Simulasi Unit A | C11: 46037 | E11: Contoh Soal: | F11: Tentukan tanggal hasil pergeseran dari tanggal awal di C11 sejauh 7 periode ke depan menggunakan fungsi WORKDAY!
B12: Simulasi Unit B | C12: 46091 | E12: Contoh Rumus Benar: | F12: '=WORKDAY(C11, 7)
B13: Simulasi Unit C | C13: 46162 | E13: Contoh Hasil Benar: | F13: =WORKDAY(C11, 7)
B14: Simulasi Unit D | C14: 46208
B16: 3️⃣ 5 SOAL TES DUNIA NYATA — KERJAKAN DI KOTAK KUNING (TANPA KUNCI RUMUS / HASIL DI SINI!)
B17: 📌 Catatan Tes: Soal Tes #1 s/d #5 di bawah ini tidak menampilkan kunci rumus maupun hasil. Kunci jawaban lengkap tersedia di sheet paling terakhir (99_KUNCI_JAWABAN).
B19: 📝 SOAL TES #1: Kasus Keuangan & Akuntansi Kantor
B20: Kontrak Proyek | C20: Tanggal Mulai | E20: Persoalan Tes #1: Tentukan tanggal hasil pergeseran dari tanggal awal di C21 sejauh 2 periode ke depan menggunakan fungsi WORKDAY!
B21: Cabang Jakarta | C21: 46037 | E21: ✏️ KETIK RUMUS JAWABAN TES DI BAWAH: | F21: 📌 STATUS KOREKSI JAWABAN TES:
B22: Cabang Bandung | C22: 46091 | F22: =IF(ISBLANK(E22), "⏳ Belum Diisi (Ketik Rumus di Sel Kuning E22)", IF(E22='99_KUNCI_JAWABAN'!F200, "✅ BENAR! JAWABAN TES TEPAT!", "❌ Belum Tepat (Cek Sheet Akhir: 99_KUNCI_JAWABAN)"))
B23: Cabang Surabaya | C23: 46162
B24: Cabang Medan | C24: 46208
B27: 📝 SOAL TES #2: Kasus HRD, Gaji & Lembur Karyawan
B28: Kontrak Proyek | C28: Tanggal Mulai | E28: Persoalan Tes #2: Tentukan tanggal hasil pergeseran dari tanggal awal di C29 sejauh 3 periode ke depan menggunakan fungsi WORKDAY!
B29: Budi Santoso | C29: 46037 | E29: ✏️ KETIK RUMUS JAWABAN TES DI BAWAH: | F29: 📌 STATUS KOREKSI JAWABAN TES:
B30: Siti Aminah | C30: 46091 | F30: =IF(ISBLANK(E30), "⏳ Belum Diisi (Ketik Rumus di Sel Kuning E30)", IF(E30='99_KUNCI_JAWABAN'!F201, "✅ BENAR! JAWABAN TES TEPAT!", "❌ Belum Tepat (Cek Sheet Akhir: 99_KUNCI_JAWABAN)"))
B31: Andi Pratama | C31: 46162
B32: Rina Wijaya | C32: 46208
B35: 📝 SOAL TES #3: Kasus Logistik & Stok Gudang Utama
B36: Kontrak Proyek | C36: Tanggal Mulai | E36: Persoalan Tes #3: Tentukan tanggal hasil pergeseran dari tanggal awal di C37 sejauh 4 periode ke depan menggunakan fungsi WORKDAY!
B37: Gudang Blok A | C37: 46037 | E37: ✏️ KETIK RUMUS JAWABAN TES DI BAWAH: | F37: 📌 STATUS KOREKSI JAWABAN TES:
B38: Gudang Blok B | C38: 46091 | F38: =IF(ISBLANK(E38), "⏳ Belum Diisi (Ketik Rumus di Sel Kuning E38)", IF(E38='99_KUNCI_JAWABAN'!F202, "✅ BENAR! JAWABAN TES TEPAT!", "❌ Belum Tepat (Cek Sheet Akhir: 99_KUNCI_JAWABAN)"))
B39: Gudang Blok C | C39: 46162
B40: Gudang Blok D | C40: 46208
B43: 📝 SOAL TES #4: Kasus Penjualan Retail & Target Toko
B44: Kontrak Proyek | C44: Tanggal Mulai | E44: Persoalan Tes #4: Tentukan tanggal hasil pergeseran dari tanggal awal di C45 sejauh 5 periode ke depan menggunakan fungsi WORKDAY!
B45: Toko Elektronik | C45: 46037 | E45: ✏️ KETIK RUMUS JAWABAN TES DI BAWAH: | F45: 📌 STATUS KOREKSI JAWABAN TES:
B46: Toko Komputer | C46: 46091 | F46: =IF(ISBLANK(E46), "⏳ Belum Diisi (Ketik Rumus di Sel Kuning E46)", IF(E46='99_KUNCI_JAWABAN'!F203, "✅ BENAR! JAWABAN TES TEPAT!", "❌ Belum Tepat (Cek Sheet Akhir: 99_KUNCI_JAWABAN)"))
B47: Toko Aksesoris | C47: 46162
B48: Toko Servis | C48: 46208
B51: 📝 SOAL TES #5: Kasus Akademik Sekolah & Layanan Publik
B52: Kontrak Proyek | C52: Tanggal Mulai | E52: Persoalan Tes #5: Tentukan tanggal hasil pergeseran dari tanggal awal di C53 sejauh 6 periode ke depan menggunakan fungsi WORKDAY!
B53: Kelas 10 IPA | C53: 46037 | E53: ✏️ KETIK RUMUS JAWABAN TES DI BAWAH: | F53: 📌 STATUS KOREKSI JAWABAN TES:
B54: Kelas 11 IPA | C54: 46091 | F54: =IF(ISBLANK(E54), "⏳ Belum Diisi (Ketik Rumus di Sel Kuning E54)", IF(E54='99_KUNCI_JAWABAN'!F204, "✅ BENAR! JAWABAN TES TEPAT!", "❌ Belum Tepat (Cek Sheet Akhir: 99_KUNCI_JAWABAN)"))
B55: Kelas 12 IPA | C55: 46162
B56: Kelas Unggulan | C56: 46208

Sheet WEEKDAY
B1: 📊 #041 — RUMUS EXCEL: WEEKDAY | Kategori: 5. Tanggal & Waktu HRD
B2: 1 Rumus = 1 Contoh Soal + Jawaban Benar & 5 Soal Tes Mandiri (Kunci Jawaban Ada di Sheet Paling Terakhir) | F2: ⬅️ Ke Daftar Isi (00_DAFTAR_ISI) | G2: 🔑 Ke Kunci Jawaban (Sheet Akhir)
B4: 1️⃣ IDENTITAS RUMUS & FUNGSINYA BUAT APA? (WEEKDAY)
B5: Nama Rumus Excel | C5: =WEEKDAY(...)
B6: Sintaks / Pola Umum | C6: =WEEKDAY(tanggal)
B7: 👶 Fungsinya Buat Apa? | C7: Menghasilkan angka hari dalam seminggu (1 = Minggu, 2 = Senin, ..., 7 = Sabtu) untuk mengecek apakah transaksi jatuh di akhir pekan.
B9: 2️⃣ 1 CONTOH SOAL & CONTOH JAWABAN BENAR (PELAJARI POLA RUMUS WEEKDAY DI SINI)
B10: Agenda Kantor | C10: Tanggal Kegiatan | E10: ✅ 1 CONTOH SOAL BESERTA CONTOH RUMUS & HASIL JAWABAN BENAR:
B11: Simulasi Unit A | C11: 46188 | E11: Contoh Soal: | F11: Ambil nilai WEEKDAY dari tanggal kegiatan di sel C11 menggunakan fungsi WEEKDAY!
B12: Simulasi Unit B | C12: 46193 | E12: Contoh Rumus Benar: | F12: '=WEEKDAY(C11)
B13: Simulasi Unit C | C13: 46251 | E13: Contoh Hasil Benar: | F13: =WEEKDAY(C11)
B14: Simulasi Unit D | C14: 46381
B16: 3️⃣ 5 SOAL TES DUNIA NYATA — KERJAKAN DI KOTAK KUNING (TANPA KUNCI RUMUS / HASIL DI SINI!)
B17: 📌 Catatan Tes: Soal Tes #1 s/d #5 di bawah ini tidak menampilkan kunci rumus maupun hasil. Kunci jawaban lengkap tersedia di sheet paling terakhir (99_KUNCI_JAWABAN).
B19: 📝 SOAL TES #1: Kasus Keuangan & Akuntansi Kantor
B20: Agenda Kantor | C20: Tanggal Kegiatan | E20: Persoalan Tes #1: Ambil nilai WEEKDAY dari tanggal kegiatan di sel C21 menggunakan fungsi WEEKDAY!
B21: Cabang Jakarta | C21: 46032 | E21: ✏️ KETIK RUMUS JAWABAN TES DI BAWAH: | F21: 📌 STATUS KOREKSI JAWABAN TES:
B22: Cabang Bandung | C22: 46193 | F22: =IF(ISBLANK(E22), "⏳ Belum Diisi (Ketik Rumus di Sel Kuning E22)", IF(E22='99_KUNCI_JAWABAN'!F205, "✅ BENAR! JAWABAN TES TEPAT!", "❌ Belum Tepat (Cek Sheet Akhir: 99_KUNCI_JAWABAN)"))
B23: Cabang Surabaya | C23: 46251
B24: Cabang Medan | C24: 46381
B27: 📝 SOAL TES #2: Kasus HRD, Gaji & Lembur Karyawan
B28: Agenda Kantor | C28: Tanggal Kegiatan | E28: Persoalan Tes #2: Ambil nilai WEEKDAY dari tanggal kegiatan di sel C29 menggunakan fungsi WEEKDAY!
B29: Budi Santoso | C29: 46064 | E29: ✏️ KETIK RUMUS JAWABAN TES DI BAWAH: | F29: 📌 STATUS KOREKSI JAWABAN TES:
B30: Siti Aminah | C30: 46193 | F30: =IF(ISBLANK(E30), "⏳ Belum Diisi (Ketik Rumus di Sel Kuning E30)", IF(E30='99_KUNCI_JAWABAN'!F206, "✅ BENAR! JAWABAN TES TEPAT!", "❌ Belum Tepat (Cek Sheet Akhir: 99_KUNCI_JAWABAN)"))
B31: Andi Pratama | C31: 46251
B32: Rina Wijaya | C32: 46381
B35: 📝 SOAL TES #3: Kasus Logistik & Stok Gudang Utama
B36: Agenda Kantor | C36: Tanggal Kegiatan | E36: Persoalan Tes #3: Ambil nilai WEEKDAY dari tanggal kegiatan di sel C37 menggunakan fungsi WEEKDAY!
B37: Gudang Blok A | C37: 46093 | E37: ✏️ KETIK RUMUS JAWABAN TES DI BAWAH: | F37: 📌 STATUS KOREKSI JAWABAN TES:
B38: Gudang Blok B | C38: 46193 | F38: =IF(ISBLANK(E38), "⏳ Belum Diisi (Ketik Rumus di Sel Kuning E38)", IF(E38='99_KUNCI_JAWABAN'!F207, "✅ BENAR! JAWABAN TES TEPAT!", "❌ Belum Tepat (Cek Sheet Akhir: 99_KUNCI_JAWABAN)"))
B39: Gudang Blok C | C39: 46251
B40: Gudang Blok D | C40: 46381
B43: 📝 SOAL TES #4: Kasus Penjualan Retail & Target Toko
B44: Agenda Kantor | C44: Tanggal Kegiatan | E44: Persoalan Tes #4: Ambil nilai WEEKDAY dari tanggal kegiatan di sel C45 menggunakan fungsi WEEKDAY!
B45: Toko Elektronik | C45: 46125 | E45: ✏️ KETIK RUMUS JAWABAN TES DI BAWAH: | F45: 📌 STATUS KOREKSI JAWABAN TES:
B46: Toko Komputer | C46: 46193 | F46: =IF(ISBLANK(E46), "⏳ Belum Diisi (Ketik Rumus di Sel Kuning E46)", IF(E46='99_KUNCI_JAWABAN'!F208, "✅ BENAR! JAWABAN TES TEPAT!", "❌ Belum Tepat (Cek Sheet Akhir: 99_KUNCI_JAWABAN)"))
B47: Toko Aksesoris | C47: 46251
B48: Toko Servis | C48: 46381
B51: 📝 SOAL TES #5: Kasus Akademik Sekolah & Layanan Publik
B52: Agenda Kantor | C52: Tanggal Kegiatan | E52: Persoalan Tes #5: Ambil nilai WEEKDAY dari tanggal kegiatan di sel C53 menggunakan fungsi WEEKDAY!
B53: Kelas 10 IPA | C53: 46156 | E53: ✏️ KETIK RUMUS JAWABAN TES DI BAWAH: | F53: 📌 STATUS KOREKSI JAWABAN TES:
B54: Kelas 11 IPA | C54: 46193 | F54: =IF(ISBLANK(E54), "⏳ Belum Diisi (Ketik Rumus di Sel Kuning E54)", IF(E54='99_KUNCI_JAWABAN'!F209, "✅ BENAR! JAWABAN TES TEPAT!", "❌ Belum Tepat (Cek Sheet Akhir: 99_KUNCI_JAWABAN)"))
B55: Kelas 12 IPA | C55: 46251
B56: Kelas Unggulan | C56: 46381

Sheet WEEKNUM
B1: 📊 #042 — RUMUS EXCEL: WEEKNUM | Kategori: 5. Tanggal & Waktu HRD
B2: 1 Rumus = 1 Contoh Soal + Jawaban Benar & 5 Soal Tes Mandiri (Kunci Jawaban Ada di Sheet Paling Terakhir) | F2: ⬅️ Ke Daftar Isi (00_DAFTAR_ISI) | G2: 🔑 Ke Kunci Jawaban (Sheet Akhir)
B4: 1️⃣ IDENTITAS RUMUS & FUNGSINYA BUAT APA? (WEEKNUM)
B5: Nama Rumus Excel | C5: =WEEKNUM(...)
B6: Sintaks / Pola Umum | C6: =WEEKNUM(tanggal)
B7: 👶 Fungsinya Buat Apa? | C7: Memberitahu tanggal tersebut berada pada Minggu ke-berapa di dalam kalender tahun berjalan (Minggu 1 s/d 52).
B9: 2️⃣ 1 CONTOH SOAL & CONTOH JAWABAN BENAR (PELAJARI POLA RUMUS WEEKNUM DI SINI)
B10: Agenda Kantor | C10: Tanggal Kegiatan | E10: ✅ 1 CONTOH SOAL BESERTA CONTOH RUMUS & HASIL JAWABAN BENAR:
B11: Simulasi Unit A | C11: 46188 | E11: Contoh Soal: | F11: Ambil nilai WEEKNUM dari tanggal kegiatan di sel C11 menggunakan fungsi WEEKNUM!
B12: Simulasi Unit B | C12: 46193 | E12: Contoh Rumus Benar: | F12: '=WEEKNUM(C11)
B13: Simulasi Unit C | C13: 46251 | E13: Contoh Hasil Benar: | F13: =WEEKNUM(C11)
B14: Simulasi Unit D | C14: 46381
B16: 3️⃣ 5 SOAL TES DUNIA NYATA — KERJAKAN DI KOTAK KUNING (TANPA KUNCI RUMUS / HASIL DI SINI!)
B17: 📌 Catatan Tes: Soal Tes #1 s/d #5 di bawah ini tidak menampilkan kunci rumus maupun hasil. Kunci jawaban lengkap tersedia di sheet paling terakhir (99_KUNCI_JAWABAN).
B19: 📝 SOAL TES #1: Kasus Keuangan & Akuntansi Kantor
B20: Agenda Kantor | C20: Tanggal Kegiatan | E20: Persoalan Tes #1: Ambil nilai WEEKNUM dari tanggal kegiatan di sel C21 menggunakan fungsi WEEKNUM!
B21: Cabang Jakarta | C21: 46032 | E21: ✏️ KETIK RUMUS JAWABAN TES DI BAWAH: | F21: 📌 STATUS KOREKSI JAWABAN TES:
B22: Cabang Bandung | C22: 46193 | F22: =IF(ISBLANK(E22), "⏳ Belum Diisi (Ketik Rumus di Sel Kuning E22)", IF(E22='99_KUNCI_JAWABAN'!F210, "✅ BENAR! JAWABAN TES TEPAT!", "❌ Belum Tepat (Cek Sheet Akhir: 99_KUNCI_JAWABAN)"))
B23: Cabang Surabaya | C23: 46251
B24: Cabang Medan | C24: 46381
B27: 📝 SOAL TES #2: Kasus HRD, Gaji & Lembur Karyawan
B28: Agenda Kantor | C28: Tanggal Kegiatan | E28: Persoalan Tes #2: Ambil nilai WEEKNUM dari tanggal kegiatan di sel C29 menggunakan fungsi WEEKNUM!
B29: Budi Santoso | C29: 46064 | E29: ✏️ KETIK RUMUS JAWABAN TES DI BAWAH: | F29: 📌 STATUS KOREKSI JAWABAN TES:
B30: Siti Aminah | C30: 46193 | F30: =IF(ISBLANK(E30), "⏳ Belum Diisi (Ketik Rumus di Sel Kuning E30)", IF(E30='99_KUNCI_JAWABAN'!F211, "✅ BENAR! JAWABAN TES TEPAT!", "❌ Belum Tepat (Cek Sheet Akhir: 99_KUNCI_JAWABAN)"))
B31: Andi Pratama | C31: 46251
B32: Rina Wijaya | C32: 46381
B35: 📝 SOAL TES #3: Kasus Logistik & Stok Gudang Utama
B36: Agenda Kantor | C36: Tanggal Kegiatan | E36: Persoalan Tes #3: Ambil nilai WEEKNUM dari tanggal kegiatan di sel C37 menggunakan fungsi WEEKNUM!
B37: Gudang Blok A | C37: 46093 | E37: ✏️ KETIK RUMUS JAWABAN TES DI BAWAH: | F37: 📌 STATUS KOREKSI JAWABAN TES:
B38: Gudang Blok B | C38: 46193 | F38: =IF(ISBLANK(E38), "⏳ Belum Diisi (Ketik Rumus di Sel Kuning E38)", IF(E38='99_KUNCI_JAWABAN'!F212, "✅ BENAR! JAWABAN TES TEPAT!", "❌ Belum Tepat (Cek Sheet Akhir: 99_KUNCI_JAWABAN)"))
B39: Gudang Blok C | C39: 46251
B40: Gudang Blok D | C40: 46381
B43: 📝 SOAL TES #4: Kasus Penjualan Retail & Target Toko
B44: Agenda Kantor | C44: Tanggal Kegiatan | E44: Persoalan Tes #4: Ambil nilai WEEKNUM dari tanggal kegiatan di sel C45 menggunakan fungsi WEEKNUM!
B45: Toko Elektronik | C45: 46125 | E45: ✏️ KETIK RUMUS JAWABAN TES DI BAWAH: | F45: 📌 STATUS KOREKSI JAWABAN TES:
B46: Toko Komputer | C46: 46193 | F46: =IF(ISBLANK(E46), "⏳ Belum Diisi (Ketik Rumus di Sel Kuning E46)", IF(E46='99_KUNCI_JAWABAN'!F213, "✅ BENAR! JAWABAN TES TEPAT!", "❌ Belum Tepat (Cek Sheet Akhir: 99_KUNCI_JAWABAN)"))
B47: Toko Aksesoris | C47: 46251
B48: Toko Servis | C48: 46381
B51: 📝 SOAL TES #5: Kasus Akademik Sekolah & Layanan Publik
B52: Agenda Kantor | C52: Tanggal Kegiatan | E52: Persoalan Tes #5: Ambil nilai WEEKNUM dari tanggal kegiatan di sel C53 menggunakan fungsi WEEKNUM!
B53: Kelas 10 IPA | C53: 46156 | E53: ✏️ KETIK RUMUS JAWABAN TES DI BAWAH: | F53: 📌 STATUS KOREKSI JAWABAN TES:
B54: Kelas 11 IPA | C54: 46193 | F54: =IF(ISBLANK(E54), "⏳ Belum Diisi (Ketik Rumus di Sel Kuning E54)", IF(E54='99_KUNCI_JAWABAN'!F214, "✅ BENAR! JAWABAN TES TEPAT!", "❌ Belum Tepat (Cek Sheet Akhir: 99_KUNCI_JAWABAN)"))
B55: Kelas 12 IPA | C55: 46251
B56: Kelas Unggulan | C56: 46381

Sheet HOUR
B1: 📊 #043 — RUMUS EXCEL: HOUR | Kategori: 5. Tanggal & Waktu HRD
B2: 1 Rumus = 1 Contoh Soal + Jawaban Benar & 5 Soal Tes Mandiri (Kunci Jawaban Ada di Sheet Paling Terakhir) | F2: ⬅️ Ke Daftar Isi (00_DAFTAR_ISI) | G2: 🔑 Ke Kunci Jawaban (Sheet Akhir)
B4: 1️⃣ IDENTITAS RUMUS & FUNGSINYA BUAT APA? (HOUR)
B5: Nama Rumus Excel | C5: =HOUR(...)
B6: Sintaks / Pola Umum | C6: =HOUR(waktu)
B7: 👶 Fungsinya Buat Apa? | C7: Mengambil angka JAM (0 sampai 23) dari data waktu absensi masuk/pulang.
B9: 2️⃣ 1 CONTOH SOAL & CONTOH JAWABAN BENAR (PELAJARI POLA RUMUS HOUR DI SINI)
B10: Nama Pegawai | C10: Waktu Absensi | E10: ✅ 1 CONTOH SOAL BESERTA CONTOH RUMUS & HASIL JAWABAN BENAR:
B11: Simulasi Unit A | C11: 0.52824074 | E11: Contoh Soal: | F11: Ekstrak komponen HOUR dari waktu absensi di sel C11 menggunakan fungsi HOUR!
B12: Simulasi Unit B | C12: 0.40636574 | E12: Contoh Rumus Benar: | F12: '=HOUR(C11)
B13: Simulasi Unit C | C13: 0.55607639 | E13: Contoh Hasil Benar: | F13: =HOUR(C11)
B14: Simulasi Unit D | C14: 0.71180556
B16: 3️⃣ 5 SOAL TES DUNIA NYATA — KERJAKAN DI KOTAK KUNING (TANPA KUNCI RUMUS / HASIL DI SINI!)
B17: 📌 Catatan Tes: Soal Tes #1 s/d #5 di bawah ini tidak menampilkan kunci rumus maupun hasil. Kunci jawaban lengkap tersedia di sheet paling terakhir (99_KUNCI_JAWABAN).
B19: 📝 SOAL TES #1: Kasus Keuangan & Akuntansi Kantor
B20: Nama Pegawai | C20: Waktu Absensi | E20: Persoalan Tes #1: Ekstrak komponen HOUR dari waktu absensi di sel C21 menggunakan fungsi HOUR!
B21: Cabang Jakarta | C21: 0.29878472 | E21: ✏️ KETIK RUMUS JAWABAN TES DI BAWAH: | F21: 📌 STATUS KOREKSI JAWABAN TES:
B22: Cabang Bandung | C22: 0.40636574 | F22: =IF(ISBLANK(E22), "⏳ Belum Diisi (Ketik Rumus di Sel Kuning E22)", IF(E22='99_KUNCI_JAWABAN'!F215, "✅ BENAR! JAWABAN TES TEPAT!", "❌ Belum Tepat (Cek Sheet Akhir: 99_KUNCI_JAWABAN)"))
B23: Cabang Surabaya | C23: 0.55607639
B24: Cabang Medan | C24: 0.71180556
B27: 📝 SOAL TES #2: Kasus HRD, Gaji & Lembur Karyawan
B28: Nama Pegawai | C28: Waktu Absensi | E28: Persoalan Tes #2: Ekstrak komponen HOUR dari waktu absensi di sel C29 menggunakan fungsi HOUR!
B29: Budi Santoso | C29: 0.34467593 | E29: ✏️ KETIK RUMUS JAWABAN TES DI BAWAH: | F29: 📌 STATUS KOREKSI JAWABAN TES:
B30: Siti Aminah | C30: 0.40636574 | F30: =IF(ISBLANK(E30), "⏳ Belum Diisi (Ketik Rumus di Sel Kuning E30)", IF(E30='99_KUNCI_JAWABAN'!F216, "✅ BENAR! JAWABAN TES TEPAT!", "❌ Belum Tepat (Cek Sheet Akhir: 99_KUNCI_JAWABAN)"))
B31: Andi Pratama | C31: 0.55607639
B32: Rina Wijaya | C32: 0.71180556
B35: 📝 SOAL TES #3: Kasus Logistik & Stok Gudang Utama
B36: Nama Pegawai | C36: Waktu Absensi | E36: Persoalan Tes #3: Ekstrak komponen HOUR dari waktu absensi di sel C37 menggunakan fungsi HOUR!
B37: Gudang Blok A | C37: 0.39056713 | E37: ✏️ KETIK RUMUS JAWABAN TES DI BAWAH: | F37: 📌 STATUS KOREKSI JAWABAN TES:
B38: Gudang Blok B | C38: 0.40636574 | F38: =IF(ISBLANK(E38), "⏳ Belum Diisi (Ketik Rumus di Sel Kuning E38)", IF(E38='99_KUNCI_JAWABAN'!F217, "✅ BENAR! JAWABAN TES TEPAT!", "❌ Belum Tepat (Cek Sheet Akhir: 99_KUNCI_JAWABAN)"))
B39: Gudang Blok C | C39: 0.55607639
B40: Gudang Blok D | C40: 0.71180556
B43: 📝 SOAL TES #4: Kasus Penjualan Retail & Target Toko
B44: Nama Pegawai | C44: Waktu Absensi | E44: Persoalan Tes #4: Ekstrak komponen HOUR dari waktu absensi di sel C45 menggunakan fungsi HOUR!
B45: Toko Elektronik | C45: 0.43645833 | E45: ✏️ KETIK RUMUS JAWABAN TES DI BAWAH: | F45: 📌 STATUS KOREKSI JAWABAN TES:
B46: Toko Komputer | C46: 0.40636574 | F46: =IF(ISBLANK(E46), "⏳ Belum Diisi (Ketik Rumus di Sel Kuning E46)", IF(E46='99_KUNCI_JAWABAN'!F218, "✅ BENAR! JAWABAN TES TEPAT!", "❌ Belum Tepat (Cek Sheet Akhir: 99_KUNCI_JAWABAN)"))
B47: Toko Aksesoris | C47: 0.55607639
B48: Toko Servis | C48: 0.71180556
B51: 📝 SOAL TES #5: Kasus Akademik Sekolah & Layanan Publik
B52: Nama Pegawai | C52: Waktu Absensi | E52: Persoalan Tes #5: Ekstrak komponen HOUR dari waktu absensi di sel C53 menggunakan fungsi HOUR!
B53: Kelas 10 IPA | C53: 0.48234954 | E53: ✏️ KETIK RUMUS JAWABAN TES DI BAWAH: | F53: 📌 STATUS KOREKSI JAWABAN TES:
B54: Kelas 11 IPA | C54: 0.40636574 | F54: =IF(ISBLANK(E54), "⏳ Belum Diisi (Ketik Rumus di Sel Kuning E54)", IF(E54='99_KUNCI_JAWABAN'!F219, "✅ BENAR! JAWABAN TES TEPAT!", "❌ Belum Tepat (Cek Sheet Akhir: 99_KUNCI_JAWABAN)"))
B55: Kelas 12 IPA | C55: 0.55607639
